train_id,train_number,train_name,source,destination,current_station,next_station,distance_remaining,speed,current_delay,rain,temperature,hour,day_of_week,historical_delay,congestion_level,previous_train_delay,scheduled_travel_time,section_average_speed,unscheduled_stop,speed_restriction,remaining_travel_time,actual_arrival_time
TR00001,12123,Mumbai - Pune Express,Mumbai CST,Pune Jn,Mumbai CST,Dadar,120.84,95.69,21.15,0.292,31.3,18,3,17.52,0.284,14.38,103.58,105.47,0,0,94.45,2026-02-24 19:34
TR00002,11010,Deccan Express,Mumbai CST,Pune Jn,Lonavala,Pune Jn,287.0,84.08,25.73,0.053,22.1,4,2,21.24,0.373,11.14,246.0,85.83,0,0,241.62,2026-02-24 08:01
TR00003,12010,Shatabdi Express,Mumbai Central,Ahmedabad Jn,Vadodara,Ahmedabad Jn,227.86,88.89,28.15,0.189,16.2,4,0,15.09,0.098,12.69,195.31,95.75,1,0,183.35,2026-07-03 07:03
TR00004,12951,Mumbai Rajdhani,Mumbai Central,New Delhi,Mumbai Central,Surat,130.37,78.13,17.74,0.169,25.3,5,5,19.02,0.352,7.08,111.74,77.35,0,0,121.47,2026-06-23 07:01
TR00005,12622,Tamil Nadu Express,New Delhi,Chennai Central,Nagpur,Vijayawada,92.11,53.06,20.16,0.181,21.3,8,3,24.03,0.365,10.21,78.95,53.64,0,0,129.15,2026-08-05 10:09
TR00006,12295,Sanghamitra Express,Bengaluru,Patna Jn,Guntakal Jn,Vijayawada,460.11,52.48,25.23,0.327,21.5,15,6,3.57,0.188,5.66,394.38,59.19,0,0,606.15,2026-05-21 01:06
TR00001,12123,Mumbai - Pune Express,Mumbai CST,Pune Jn,Kalyan,Karjat,124.77,80.89,13.02,0.341,16.3,22,4,12.79,0.192,7.88,106.95,73.17,0,0,117.75,2026-06-11 23:57
TR00002,11010,Deccan Express,Mumbai CST,Pune Jn,Dadar,Kalyan,331.08,95.49,24.51,0.348,29.2,19,0,15.05,0.326,9.02,283.78,104.34,0,0,258.51,2026-06-29 23:18
TR00003,12010,Shatabdi Express,Mumbai Central,Ahmedabad Jn,Borivali,Vapi,107.18,111.32,15.47,0.043,28.0,6,3,17.13,0.564,7.6,91.86,104.57,0,0,71.98,2026-02-04 07:11
TR00004,12951,Mumbai Rajdhani,Mumbai Central,New Delhi,Kota Jn,New Delhi,342.9,75.67,6.41,0.441,29.7,19,1,4.98,0.134,8.59,293.91,73.37,0,0,302.86,2026-06-03 00:02
TR00005,12622,Tamil Nadu Express,New Delhi,Chennai Central,Vijayawada,Chennai Central,389.66,60.61,41.87,0.592,15.7,0,1,49.63,0.051,2.03,333.99,57.66,0,1,580.22,2026-04-19 09:40
TR00006,12295,Sanghamitra Express,Bengaluru,Patna Jn,Guntakal Jn,Vijayawada,193.01,84.56,47.14,0.169,35.1,7,5,17.31,0.35,7.0,165.43,107.08,1,0,196.2,2026-04-05 10:16
TR00001,12123,Mumbai - Pune Express,Mumbai CST,Pune Jn,Lonavala,Pune Jn,143.46,80.75,7.9,0.017,24.7,9,4,13.88,0.103,6.35,122.97,60.21,0,0,114.35,2026-07-07 10:54
TR00002,11010,Deccan Express,Mumbai CST,Pune Jn,Mumbai CST,Dadar,179.98,82.22,26.48,0.183,32.1,6,5,29.57,0.426,25.48,154.27,82.75,0,0,168.86,2026-04-26 08:48
TR00003,12010,Shatabdi Express,Mumbai Central,Ahmedabad Jn,Mumbai Central,Borivali,322.68,76.55,18.95,0.046,38.6,4,3,7.34,0.273,7.21,276.58,71.33,0,0,285.38,2026-07-07 08:45
TR00004,12951,Mumbai Rajdhani,Mumbai Central,New Delhi,Surat,Vadodara,256.85,84.11,28.95,0.023,24.0,11,1,27.69,0.575,8.63,220.16,82.89,0,0,233.37,2026-06-11 14:53
TR00005,12622,Tamil Nadu Express,New Delhi,Chennai Central,Nagpur,Vijayawada,205.95,58.64,0.0,0.292,44.3,10,6,1.5,0.108,4.43,176.53,48.63,0,0,223.61,2026-06-02 13:43
TR00006,12295,Sanghamitra Express,Bengaluru,Patna Jn,Bengaluru,Guntakal Jn,285.89,43.92,27.52,0.071,31.7,7,1,11.56,0.151,13.78,245.05,42.98,0,1,525.42,2026-02-27 15:45
TR00001,12123,Mumbai - Pune Express,Mumbai CST,Pune Jn,Lonavala,Pune Jn,89.87,60.08,33.27,0.448,27.3,19,3,14.31,0.357,3.81,77.03,66.51,0,0,117.5,2026-06-28 20:57
TR00002,11010,Deccan Express,Mumbai CST,Pune Jn,Kalyan,Lonavala,120.8,72.12,13.28,0.049,30.3,1,3,32.15,0.066,1.13,103.54,75.18,0,0,110.99,2026-02-04 02:50
TR00003,12010,Shatabdi Express,Mumbai Central,Ahmedabad Jn,Vadodara,Ahmedabad Jn,555.3,78.52,25.38,0.366,20.2,11,6,10.53,0.391,16.89,475.97,76.25,0,0,515.9,2026-01-09 19:35
TR00004,12951,Mumbai Rajdhani,Mumbai Central,New Delhi,Mumbai Central,Surat,366.26,75.14,15.67,0.266,31.0,18,3,21.46,0.478,9.65,313.94,82.62,0,0,354.41,2026-07-20 23:54
TR00005,12622,Tamil Nadu Express,New Delhi,Chennai Central,Bhopal Jn,Nagpur,89.06,94.69,11.16,0.196,28.7,19,2,23.28,0.069,12.29,76.33,86.93,0,0,70.12,2026-01-03 20:10
TR00006,12295,Sanghamitra Express,Bengaluru,Patna Jn,Vijayawada,Gaya Jn,423.91,107.01,14.72,0.058,32.5,3,1,29.05,0.171,3.04,363.35,105.58,0,0,257.29,2026-04-28 07:17
TR00001,12123,Mumbai - Pune Express,Mumbai CST,Pune Jn,Karjat,Lonavala,123.28,89.58,20.22,0.21,19.3,1,4,8.7,0.293,6.55,105.67,96.78,0,0,101.71,2026-04-30 02:41
TR00002,11010,Deccan Express,Mumbai CST,Pune Jn,Kalyan,Lonavala,289.22,43.14,12.59,0.021,30.5,22,3,4.6,0.347,2.1,247.9,36.44,0,0,454.63,2026-06-23 05:34
TR00003,12010,Shatabdi Express,Mumbai Central,Ahmedabad Jn,Mumbai Central,Borivali,249.87,38.66,23.55,0.172,36.9,23,1,7.78,0.121,13.2,214.17,30.39,0,1,527.29,2026-05-15 07:47
TR00004,12951,Mumbai Rajdhani,Mumbai Central,New Delhi,Vadodara,Kota Jn,139.73,90.7,18.35,0.218,24.3,18,4,32.94,0.189,0.12,119.77,75.21,0,0,108.5,2026-08-03 19:48
TR00005,12622,Tamil Nadu Express,New Delhi,Chennai Central,Nagpur,Vijayawada,115.27,86.54,26.72,0.104,19.1,21,5,15.1,0.035,27.1,98.8,91.24,0,1,112.91,2026-05-23 22:52
TR00006,12295,Sanghamitra Express,Bengaluru,Patna Jn,Gaya Jn,Patna Jn,390.78,37.78,16.25,0.018,10.0,15,1,16.35,0.293,1.46,334.95,40.86,0,0,681.34,2026-05-23 02:21
TR00001,12123,Mumbai - Pune Express,Mumbai CST,Pune Jn,Kalyan,Karjat,327.82,102.54,20.29,0.067,25.0,18,5,10.95,0.228,0.2,280.98,94.83,1,0,226.93,2026-05-04 21:46
TR00002,11010,Deccan Express,Mumbai CST,Pune Jn,Lonavala,Pune Jn,193.03,73.75,26.94,0.143,20.8,7,1,11.27,0.536,0.97,165.45,72.98,0,0,190.31,2026-01-01 10:10
TR00003,12010,Shatabdi Express,Mumbai Central,Ahmedabad Jn,Vadodara,Ahmedabad Jn,130.09,81.22,25.32,0.19,29.1,11,6,23.53,0.52,0.2,111.51,66.34,0,0,130.61,2026-02-15 13:10
TR00004,12951,Mumbai Rajdhani,Mumbai Central,New Delhi,Vadodara,Kota Jn,284.81,55.35,44.76,0.537,32.5,14,0,30.85,0.375,12.97,244.12,56.02,1,0,403.22,2026-05-25 20:43
TR00005,12622,Tamil Nadu Express,New Delhi,Chennai Central,Vijayawada,Chennai Central,484.43,80.61,23.77,0.348,27.4,16,3,24.87,0.444,8.74,415.23,79.41,0,0,437.74,2026-08-27 23:17
TR00006,12295,Sanghamitra Express,Bengaluru,Patna Jn,Bengaluru,Guntakal Jn,268.08,72.3,26.51,0.067,37.0,7,5,12.01,0.313,5.13,229.79,74.32,1,0,266.81,2026-05-17 11:26
TR00001,12123,Mumbai - Pune Express,Mumbai CST,Pune Jn,Karjat,Lonavala,176.97,81.01,17.51,0.439,28.2,21,4,12.16,0.064,22.78,151.69,73.86,0,0,157.24,2026-04-01 23:37
TR00002,11010,Deccan Express,Mumbai CST,Pune Jn,Dadar,Kalyan,183.62,75.78,40.07,0.686,25.5,17,3,25.09,0.508,8.97,157.39,60.29,0,0,204.88,2026-04-23 20:24
TR00003,12010,Shatabdi Express,Mumbai Central,Ahmedabad Jn,Mumbai Central,Borivali,213.36,59.74,10.52,0.237,28.4,2,4,1.61,0.437,5.66,182.88,67.32,0,0,251.17,2026-04-29 06:11
TR00004,12951,Mumbai Rajdhani,Mumbai Central,New Delhi,Vadodara,Kota Jn,254.89,65.51,7.48,0.17,31.4,1,5,17.78,0.174,6.09,218.48,63.71,0,0,254.74,2026-03-31 05:14
TR00005,12622,Tamil Nadu Express,New Delhi,Chennai Central,New Delhi,Bhopal Jn,144.44,87.22,10.65,0.041,25.8,20,0,14.6,0.114,5.98,123.81,85.36,0,0,108.27,2026-08-14 21:48
TR00006,12295,Sanghamitra Express,Bengaluru,Patna Jn,Bengaluru,Guntakal Jn,382.88,81.81,25.07,0.228,36.4,22,6,9.99,0.363,0.72,328.18,76.11,0,0,331.45,2026-04-08 03:31
TR00001,12123,Mumbai - Pune Express,Mumbai CST,Pune Jn,Karjat,Lonavala,219.78,110.57,7.03,0.053,28.2,14,3,12.27,0.293,11.81,188.38,107.27,0,0,135.1,2026-02-06 16:15
TR00002,11010,Deccan Express,Mumbai CST,Pune Jn,Kalyan,Lonavala,86.83,91.18,17.35,0.098,40.6,22,5,12.23,0.495,13.24,74.43,90.71,0,0,73.34,2026-06-27 23:13
TR00003,12010,Shatabdi Express,Mumbai Central,Ahmedabad Jn,Vapi,Surat,220.34,89.74,9.0,0.578,20.9,10,1,10.7,0.182,11.83,188.87,94.67,0,0,172.79,2026-02-01 12:52
TR00004,12951,Mumbai Rajdhani,Mumbai Central,New Delhi,Vadodara,Kota Jn,224.17,98.0,22.34,0.076,33.6,14,5,5.7,0.503,12.57,192.14,93.7,0,0,166.42,2026-07-24 16:46
TR00005,12622,Tamil Nadu Express,New Delhi,Chennai Central,Vijayawada,Chennai Central,105.95,77.41,25.5,0.197,38.2,23,4,28.78,0.456,6.62,90.81,76.79,0,0,104.19,2026-07-16 00:44
TR00006,12295,Sanghamitra Express,Bengaluru,Patna Jn,Bengaluru,Guntakal Jn,83.05,79.99,21.85,0.177,28.8,9,1,3.48,0.534,12.14,71.19,86.35,0,0,82.46,2026-06-09 10:22
TR00001,12123,Mumbai - Pune Express,Mumbai CST,Pune Jn,Mumbai CST,Dadar,212.38,85.88,31.09,0.361,18.5,23,6,31.84,0.302,21.74,182.04,86.7,0,0,190.55,2026-07-18 02:10
TR00002,11010,Deccan Express,Mumbai CST,Pune Jn,Dadar,Kalyan,262.97,84.91,18.02,0.142,13.3,3,1,10.8,0.286,20.32,225.41,85.2,0,0,213.85,2026-07-17 06:33
TR00003,12010,Shatabdi Express,Mumbai Central,Ahmedabad Jn,Surat,Vadodara,46.62,63.05,18.34,0.302,29.9,11,6,21.92,0.226,7.01,39.96,53.55,0,0,57.55,2026-06-06 11:57
TR00004,12951,Mumbai Rajdhani,Mumbai Central,New Delhi,Surat,Vadodara,125.12,129.06,22.37,0.022,16.8,17,2,14.93,0.572,10.07,107.24,130.0,0,0,73.81,2026-05-15 18:13
TR00005,12622,Tamil Nadu Express,New Delhi,Chennai Central,Nagpur,Vijayawada,264.7,71.9,22.38,0.596,38.4,21,6,3.81,0.523,10.09,226.89,66.2,0,0,303.57,2026-01-25 02:03
TR00006,12295,Sanghamitra Express,Bengaluru,Patna Jn,Guntakal Jn,Vijayawada,338.42,70.91,14.72,0.004,37.0,6,4,23.16,0.284,10.97,290.07,75.44,0,0,311.31,2026-05-07 11:11
TR00001,12123,Mumbai - Pune Express,Mumbai CST,Pune Jn,Dadar,Kalyan,230.09,57.56,16.16,0.228,35.3,11,5,9.51,0.217,5.95,197.22,51.19,0,0,268.29,2026-06-01 15:28
TR00002,11010,Deccan Express,Mumbai CST,Pune Jn,Dadar,Kalyan,321.52,113.27,15.71,0.122,32.6,7,1,20.45,0.186,21.22,275.59,113.46,0,0,196.46,2026-05-24 10:16
TR00003,12010,Shatabdi Express,Mumbai Central,Ahmedabad Jn,Vadodara,Ahmedabad Jn,195.89,27.25,1.07,0.02,29.2,13,4,9.66,0.037,8.81,167.9,20.0,0,0,437.46,2026-02-08 20:17
TR00004,12951,Mumbai Rajdhani,Mumbai Central,New Delhi,Vadodara,Kota Jn,37.97,91.58,4.2,0.067,32.0,8,5,11.35,0.325,1.11,32.55,91.41,0,0,30.39,2026-07-29 08:30
TR00005,12622,Tamil Nadu Express,New Delhi,Chennai Central,Nagpur,Vijayawada,255.4,72.28,23.27,0.116,32.6,11,6,11.24,0.51,10.15,218.92,90.75,0,0,256.64,2026-07-29 15:16
TR00006,12295,Sanghamitra Express,Bengaluru,Patna Jn,Vijayawada,Gaya Jn,207.7,87.37,26.63,0.278,26.2,7,5,25.21,0.072,14.2,178.03,98.0,0,0,168.81,2026-04-17 09:48
TR00001,12123,Mumbai - Pune Express,Mumbai CST,Pune Jn,Kalyan,Karjat,329.67,39.68,22.22,0.142,25.8,19,6,2.19,0.215,18.61,282.57,34.31,0,0,547.82,2026-04-04 04:07
TR00002,11010,Deccan Express,Mumbai CST,Pune Jn,Dadar,Kalyan,296.76,87.66,32.56,0.087,32.6,3,4,19.37,0.097,33.67,254.36,80.84,0,0,231.23,2026-05-31 06:51
TR00003,12010,Shatabdi Express,Mumbai Central,Ahmedabad Jn,Surat,Vadodara,223.24,70.39,22.97,0.238,26.1,22,5,6.23,0.305,8.65,191.34,60.41,0,0,223.08,2026-02-16 01:43
TR00004,12951,Mumbai Rajdhani,Mumbai Central,New Delhi,Kota Jn,New Delhi,95.78,71.83,7.32,0.084,25.2,1,6,12.19,0.191,7.6,82.1,66.03,0,0,90.64,2026-04-13 02:30
TR00005,12622,Tamil Nadu Express,New Delhi,Chennai Central,Nagpur,Vijayawada,224.66,45.07,6.34,0.181,42.7,19,0,9.69,0.079,10.34,192.56,51.3,0,0,320.42,2026-08-19 00:20
TR00006,12295,Sanghamitra Express,Bengaluru,Patna Jn,Gaya Jn,Patna Jn,259.92,61.44,28.12,0.091,19.7,11,3,7.87,0.376,9.37,222.79,61.1,0,0,299.06,2026-07-16 15:59
TR00001,12123,Mumbai - Pune Express,Mumbai CST,Pune Jn,Dadar,Kalyan,289.18,31.06,15.6,0.214,26.4,3,5,9.41,0.084,17.99,247.86,35.5,0,0,601.76,2026-08-07 13:01
TR00002,11010,Deccan Express,Mumbai CST,Pune Jn,Kalyan,Lonavala,540.9,91.48,15.78,0.171,22.4,20,4,17.85,0.4,3.28,463.63,86.46,0,0,416.76,2026-03-14 02:56
TR00003,12010,Shatabdi Express,Mumbai Central,Ahmedabad Jn,Borivali,Vapi,203.67,78.08,29.56,0.039,28.2,19,5,17.18,0.219,1.17,174.57,60.36,1,0,198.16,2026-07-06 22:18
TR00004,12951,Mumbai Rajdhani,Mumbai Central,New Delhi,Kota Jn,New Delhi,289.46,72.37,21.0,0.202,22.9,12,0,18.57,0.045,8.66,248.11,81.44,0,0,255.16,2026-08-24 16:15
TR00005,12622,Tamil Nadu Express,New Delhi,Chennai Central,New Delhi,Bhopal Jn,415.83,79.3,24.6,0.211,48.0,4,2,16.97,0.209,11.45,356.43,80.84,0,0,346.32,2026-07-23 09:46
TR00006,12295,Sanghamitra Express,Bengaluru,Patna Jn,Bengaluru,Guntakal Jn,265.97,48.16,23.07,0.25,26.6,5,6,19.23,0.149,4.42,227.97,47.21,0,0,368.89,2026-06-28 11:08
TR00001,12123,Mumbai - Pune Express,Mumbai CST,Pune Jn,Lonavala,Pune Jn,166.78,86.8,14.83,0.018,20.3,18,2,7.36,0.374,7.01,142.95,74.01,0,0,136.79,2026-06-03 20:16
TR00002,11010,Deccan Express,Mumbai CST,Pune Jn,Mumbai CST,Dadar,81.72,83.02,7.58,0.137,24.2,18,5,11.93,0.297,4.07,70.05,78.76,0,0,70.67,2026-01-08 19:10
TR00003,12010,Shatabdi Express,Mumbai Central,Ahmedabad Jn,Vapi,Surat,621.14,79.48,9.62,0.236,35.2,18,0,8.19,0.106,12.03,532.4,74.81,0,0,507.18,2026-08-03 02:27
TR00004,12951,Mumbai Rajdhani,Mumbai Central,New Delhi,Surat,Vadodara,363.6,60.42,17.76,0.106,27.8,5,3,3.3,0.534,14.76,311.66,61.31,0,0,439.24,2026-05-06 12:19
TR00005,12622,Tamil Nadu Express,New Delhi,Chennai Central,Vijayawada,Chennai Central,101.08,57.96,15.59,0.108,35.7,20,2,39.94,0.218,2.22,86.64,52.92,0,0,116.2,2026-05-14 21:56
TR00006,12295,Sanghamitra Express,Bengaluru,Patna Jn,Bengaluru,Guntakal Jn,107.73,54.81,33.82,0.104,30.1,9,6,15.63,0.68,21.4,92.34,46.94,0,0,166.56,2026-04-29 11:46
TR00001,12123,Mumbai - Pune Express,Mumbai CST,Pune Jn,Lonavala,Pune Jn,83.1,97.34,7.54,0.018,24.1,23,6,12.93,0.056,5.21,71.23,101.16,0,0,56.02,2026-02-10 23:56
TR00002,11010,Deccan Express,Mumbai CST,Pune Jn,Dadar,Kalyan,63.27,81.02,28.59,0.33,33.4,20,2,21.16,0.307,12.34,54.23,79.21,0,0,68.14,2026-02-18 21:08
TR00003,12010,Shatabdi Express,Mumbai Central,Ahmedabad Jn,Mumbai Central,Borivali,271.16,76.94,15.98,0.074,18.8,7,0,13.67,0.185,4.79,232.42,74.54,0,0,234.24,2026-02-24 10:54
TR00004,12951,Mumbai Rajdhani,Mumbai Central,New Delhi,Kota Jn,New Delhi,201.19,83.65,19.91,0.305,32.7,13,2,15.92,0.139,3.95,172.45,69.03,0,0,174.14,2026-05-12 15:54
TR00005,12622,Tamil Nadu Express,New Delhi,Chennai Central,Vijayawada,Chennai Central,81.07,106.29,9.3,0.116,35.2,8,6,4.7,0.427,5.41,69.49,102.69,0,0,54.68,2026-04-25 08:54
TR00006,12295,Sanghamitra Express,Bengaluru,Patna Jn,Guntakal Jn,Vijayawada,296.8,88.62,15.5,0.196,7.6,4,0,26.97,0.103,1.15,254.4,97.65,0,0,215.66,2026-05-28 07:35
TR00001,12123,Mumbai - Pune Express,Mumbai CST,Pune Jn,Lonavala,Pune Jn,122.6,91.11,17.49,0.04,23.3,23,4,4.03,0.086,4.82,105.09,84.14,0,0,91.99,2026-05-30 00:31
TR00002,11010,Deccan Express,Mumbai CST,Pune Jn,Mumbai CST,Dadar,72.51,79.74,16.44,0.13,26.3,6,1,19.0,0.208,6.44,62.15,77.28,0,0,73.78,2026-06-15 07:13
TR00003,12010,Shatabdi Express,Mumbai Central,Ahmedabad Jn,Borivali,Vapi,320.83,79.78,38.27,0.231,29.4,8,5,6.62,0.479,9.85,275.0,80.48,1,0,317.7,2026-03-24 13:17
TR00004,12951,Mumbai Rajdhani,Mumbai Central,New Delhi,Vadodara,Kota Jn,164.48,65.06,31.73,0.455,32.4,15,0,41.4,0.153,6.93,140.98,59.77,0,0,187.55,2026-04-26 18:07
TR00005,12622,Tamil Nadu Express,New Delhi,Chennai Central,Nagpur,Vijayawada,141.15,73.46,14.31,0.13,32.6,12,1,14.54,0.073,4.41,120.98,80.85,0,0,134.61,2026-01-08 14:14
TR00006,12295,Sanghamitra Express,Bengaluru,Patna Jn,Guntakal Jn,Vijayawada,96.54,89.53,18.54,0.018,28.4,11,2,8.86,0.476,3.78,82.75,91.71,0,0,81.7,2026-07-13 12:21
TR00001,12123,Mumbai - Pune Express,Mumbai CST,Pune Jn,Karjat,Lonavala,350.47,86.68,20.36,0.171,27.8,4,2,1.16,0.389,9.98,300.4,94.85,0,0,286.39,2026-04-03 08:46
TR00002,11010,Deccan Express,Mumbai CST,Pune Jn,Lonavala,Pune Jn,155.33,79.29,12.89,0.361,38.8,12,3,2.31,0.282,13.29,133.14,70.91,0,0,141.56,2026-07-04 14:21
TR00003,12010,Shatabdi Express,Mumbai Central,Ahmedabad Jn,Vadodara,Ahmedabad Jn,282.09,79.37,38.18,0.166,22.3,9,3,13.05,0.331,33.25,241.8,80.15,0,0,256.6,2026-03-03 13:16
TR00004,12951,Mumbai Rajdhani,Mumbai Central,New Delhi,Surat,Vadodara,140.39,80.48,31.15,0.112,23.1,23,2,25.53,0.275,7.86,120.34,71.87,0,1,164.5,2026-05-25 01:44
TR00005,12622,Tamil Nadu Express,New Delhi,Chennai Central,Bhopal Jn,Nagpur,139.49,58.64,22.54,0.323,22.0,7,4,10.47,0.118,9.4,119.56,63.46,0,1,217.44,2026-04-19 10:37
TR00006,12295,Sanghamitra Express,Bengaluru,Patna Jn,Vijayawada,Gaya Jn,67.9,36.71,16.78,0.334,28.3,15,4,1.88,0.312,7.09,58.2,35.29,0,0,138.08,2026-04-03 17:18
TR00001,12123,Mumbai - Pune Express,Mumbai CST,Pune Jn,Dadar,Kalyan,187.89,84.63,21.21,0.454,28.1,23,0,7.69,0.282,7.62,161.04,75.83,0,0,165.83,2026-05-03 01:45
TR00002,11010,Deccan Express,Mumbai CST,Pune Jn,Kalyan,Lonavala,578.82,85.67,23.51,0.062,25.9,5,1,6.62,0.065,15.06,496.13,79.71,1,0,444.47,2026-08-22 12:24
TR00003,12010,Shatabdi Express,Mumbai Central,Ahmedabad Jn,Vadodara,Ahmedabad Jn,210.43,22.61,23.83,0.622,29.0,22,0,18.9,0.385,11.73,180.37,25.94,0,0,703.39,2026-02-14 09:43
TR00004,12951,Mumbai Rajdhani,Mumbai Central,New Delhi,Vadodara,Kota Jn,234.9,46.88,63.2,0.157,30.5,1,1,53.4,0.779,0.94,201.34,43.47,1,0,431.82,2026-07-28 08:11
TR00005,12622,Tamil Nadu Express,New Delhi,Chennai Central,Vijayawada,Chennai Central,144.59,68.27,31.93,0.122,37.0,20,2,23.82,0.558,20.15,123.94,65.96,0,0,175.77,2026-02-06 22:55
TR00006,12295,Sanghamitra Express,Bengaluru,Patna Jn,Guntakal Jn,Vijayawada,271.8,100.09,41.26,0.299,17.1,12,3,12.99,0.223,7.56,232.97,106.84,1,0,213.02,2026-02-06 15:33
TR00001,12123,Mumbai - Pune Express,Mumbai CST,Pune Jn,Lonavala,Pune Jn,199.04,53.66,20.99,0.266,19.7,8,1,14.94,0.142,18.13,170.6,50.85,0,0,261.34,2026-03-01 12:21
TR00002,11010,Deccan Express,Mumbai CST,Pune Jn,Dadar,Kalyan,375.3,55.57,21.04,0.705,23.1,2,5,12.46,0.411,13.47,321.68,50.66,0,0,525.14,2026-06-01 10:45
TR00003,12010,Shatabdi Express,Mumbai Central,Ahmedabad Jn,Vapi,Surat,214.87,90.53,8.28,0.15,24.9,10,4,16.45,0.094,2.75,184.17,71.55,0,0,149.8,2026-06-22 12:29
TR00004,12951,Mumbai Rajdhani,Mumbai Central,New Delhi,Surat,Vadodara,76.63,99.42,24.58,0.159,35.9,14,1,8.22,0.545,26.69,65.68,100.24,0,0,63.51,2026-03-31 15:03
TR00005,12622,Tamil Nadu Express,New Delhi,Chennai Central,Nagpur,Vijayawada,78.16,81.08,20.64,0.049,25.4,2,4,22.96,0.407,4.07,66.99,77.8,0,0,79.22,2026-06-13 03:19
TR00006,12295,Sanghamitra Express,Bengaluru,Patna Jn,Vijayawada,Gaya Jn,68.96,47.29,15.63,0.052,28.1,10,2,9.34,0.159,11.51,59.11,48.99,0,0,98.55,2026-08-07 11:38
TR00001,12123,Mumbai - Pune Express,Mumbai CST,Pune Jn,Mumbai CST,Dadar,133.49,74.21,31.89,0.351,33.7,22,3,22.91,0.239,16.71,114.42,69.83,0,0,139.77,2026-02-12 00:19
TR00002,11010,Deccan Express,Mumbai CST,Pune Jn,Mumbai CST,Dadar,357.43,101.79,17.3,0.074,33.6,6,2,8.15,0.365,21.04,306.37,116.05,0,0,236.19,2026-01-04 09:56
TR00003,12010,Shatabdi Express,Mumbai Central,Ahmedabad Jn,Borivali,Vapi,308.08,66.83,15.38,0.216,21.9,1,5,2.62,0.314,11.94,264.07,73.13,0,0,316.89,2026-08-08 06:16
TR00004,12951,Mumbai Rajdhani,Mumbai Central,New Delhi,Mumbai Central,Surat,543.39,86.0,23.6,0.451,38.0,3,3,17.39,0.074,19.62,465.76,87.61,0,0,419.44,2026-07-17 09:59
TR00005,12622,Tamil Nadu Express,New Delhi,Chennai Central,New Delhi,Bhopal Jn,598.11,107.42,12.06,0.04,34.8,6,5,17.16,0.257,15.62,512.66,112.41,0,0,374.0,2026-07-02 12:14
TR00006,12295,Sanghamitra Express,Bengaluru,Patna Jn,Bengaluru,Guntakal Jn,312.51,56.9,22.53,0.11,36.3,10,1,5.48,0.701,13.85,267.86,52.08,0,0,411.52,2026-04-28 16:51
TR00001,12123,Mumbai - Pune Express,Mumbai CST,Pune Jn,Dadar,Kalyan,219.13,58.03,21.71,0.21,38.3,13,5,12.9,0.592,2.36,187.83,67.69,0,0,286.14,2026-06-11 17:46
TR00002,11010,Deccan Express,Mumbai CST,Pune Jn,Lonavala,Pune Jn,159.38,73.07,23.74,0.384,20.6,20,2,15.08,0.076,2.89,136.61,65.46,0,1,194.6,2026-03-01 23:14
TR00003,12010,Shatabdi Express,Mumbai Central,Ahmedabad Jn,Borivali,Vapi,148.97,43.57,16.48,0.133,24.7,8,4,11.01,0.234,22.84,127.69,53.43,0,0,234.85,2026-04-21 11:54
TR00004,12951,Mumbai Rajdhani,Mumbai Central,New Delhi,Surat,Vadodara,89.66,36.36,29.86,0.071,34.7,18,3,14.89,0.457,2.77,76.85,45.85,0,1,233.35,2026-06-11 21:53
TR00005,12622,Tamil Nadu Express,New Delhi,Chennai Central,New Delhi,Bhopal Jn,27.81,72.51,13.68,0.147,35.3,20,5,15.23,0.262,0.7,23.84,65.27,0,0,39.43,2026-01-25 20:39
TR00006,12295,Sanghamitra Express,Bengaluru,Patna Jn,Vijayawada,Gaya Jn,111.12,113.0,24.76,0.088,32.5,1,4,2.12,0.228,17.53,95.25,119.0,0,1,91.65,2026-01-29 02:31
TR00001,12123,Mumbai - Pune Express,Mumbai CST,Pune Jn,Kalyan,Karjat,233.34,48.65,12.41,0.112,24.2,13,5,1.98,0.289,13.83,200.01,46.7,0,0,320.39,2026-07-15 18:20
TR00002,11010,Deccan Express,Mumbai CST,Pune Jn,Kalyan,Lonavala,290.25,85.24,18.02,0.317,27.6,8,1,9.21,0.166,6.32,248.79,90.65,0,0,232.26,2026-04-14 11:52
TR00003,12010,Shatabdi Express,Mumbai Central,Ahmedabad Jn,Borivali,Vapi,154.03,96.34,38.71,0.398,24.0,7,6,9.91,0.501,4.08,132.03,102.57,0,1,178.73,2026-02-22 09:58
TR00004,12951,Mumbai Rajdhani,Mumbai Central,New Delhi,Surat,Vadodara,256.16,52.31,20.37,0.049,31.5,5,0,19.92,0.145,17.97,219.57,56.96,0,0,314.75,2026-04-03 10:14
TR00005,12622,Tamil Nadu Express,New Delhi,Chennai Central,Nagpur,Vijayawada,161.01,92.3,17.35,0.123,28.9,16,0,6.09,0.278,11.95,138.01,82.24,0,0,129.57,2026-06-11 18:09
TR00006,12295,Sanghamitra Express,Bengaluru,Patna Jn,Vijayawada,Gaya Jn,292.51,60.09,11.58,0.058,30.1,21,0,22.71,0.113,6.99,250.72,56.92,0,0,305.82,2026-03-20 02:05
TR00001,12123,Mumbai - Pune Express,Mumbai CST,Pune Jn,Karjat,Lonavala,209.37,60.96,11.24,0.138,18.2,3,6,8.52,0.274,7.27,179.46,65.31,0,0,239.46,2026-02-13 06:59
TR00002,11010,Deccan Express,Mumbai CST,Pune Jn,Kalyan,Lonavala,50.16,117.78,33.17,0.148,23.3,21,0,23.43,0.624,1.39,43.0,127.21,0,0,44.66,2026-03-16 21:44
TR00003,12010,Shatabdi Express,Mumbai Central,Ahmedabad Jn,Vapi,Surat,73.03,66.17,12.16,0.124,31.0,5,6,29.42,0.099,13.12,62.6,49.15,0,0,77.42,2026-06-20 06:17
TR00004,12951,Mumbai Rajdhani,Mumbai Central,New Delhi,Surat,Vadodara,241.87,47.08,11.55,0.093,27.6,3,6,8.17,0.334,9.27,207.32,46.08,0,0,356.53,2026-04-02 08:56
TR00005,12622,Tamil Nadu Express,New Delhi,Chennai Central,New Delhi,Bhopal Jn,449.57,80.7,34.48,0.286,39.4,21,1,56.39,0.053,3.12,385.35,78.03,0,0,374.12,2026-08-01 03:14
TR00006,12295,Sanghamitra Express,Bengaluru,Patna Jn,Vijayawada,Gaya Jn,85.78,64.82,25.41,0.561,34.9,17,6,7.82,0.046,9.75,73.53,55.02,0,0,102.09,2026-02-19 18:42
TR00001,12123,Mumbai - Pune Express,Mumbai CST,Pune Jn,Dadar,Kalyan,201.0,63.02,19.35,0.248,35.6,2,0,14.82,0.477,2.86,172.28,55.9,0,0,237.38,2026-08-14 05:57
TR00002,11010,Deccan Express,Mumbai CST,Pune Jn,Lonavala,Pune Jn,280.6,94.56,41.47,0.244,24.7,6,3,10.33,0.593,8.37,240.51,94.59,1,0,252.9,2026-01-24 10:12
TR00003,12010,Shatabdi Express,Mumbai Central,Ahmedabad Jn,Vapi,Surat,136.47,79.57,18.32,0.268,24.7,23,3,15.85,0.042,4.37,116.97,80.8,0,0,122.51,2026-03-22 01:02
TR00004,12951,Mumbai Rajdhani,Mumbai Central,New Delhi,Mumbai Central,Surat,346.23,115.18,35.6,0.299,35.4,16,4,13.8,0.148,7.89,296.76,124.9,0,1,272.11,2026-01-02 20:32
TR00005,12622,Tamil Nadu Express,New Delhi,Chennai Central,New Delhi,Bhopal Jn,317.73,71.63,31.57,0.249,27.7,3,2,7.15,0.13,12.29,272.34,67.42,1,1,397.41,2026-08-10 09:37
TR00006,12295,Sanghamitra Express,Bengaluru,Patna Jn,Bengaluru,Guntakal Jn,287.7,70.84,25.12,0.23,29.7,16,5,5.98,0.643,6.17,246.6,68.73,0,1,412.79,2026-07-13 22:52
TR00001,12123,Mumbai - Pune Express,Mumbai CST,Pune Jn,Mumbai CST,Dadar,288.97,89.89,19.55,0.048,34.8,3,4,23.07,0.242,14.22,247.69,81.99,0,1,270.34,2026-07-31 07:30
TR00002,11010,Deccan Express,Mumbai CST,Pune Jn,Dadar,Kalyan,309.19,53.42,17.01,0.128,35.4,13,2,11.31,0.281,4.62,265.02,62.25,0,0,388.52,2026-05-23 19:28
TR00003,12010,Shatabdi Express,Mumbai Central,Ahmedabad Jn,Vapi,Surat,258.91,62.94,40.43,0.463,43.6,0,1,34.17,0.213,0.81,221.92,55.62,1,0,316.0,2026-04-27 05:16
TR00004,12951,Mumbai Rajdhani,Mumbai Central,New Delhi,Kota Jn,New Delhi,172.35,51.34,30.48,0.393,22.0,1,5,16.18,0.34,9.42,147.73,52.83,0,0,250.32,2026-03-16 05:10
TR00005,12622,Tamil Nadu Express,New Delhi,Chennai Central,Nagpur,Vijayawada,350.71,82.52,20.01,0.165,24.6,5,2,10.35,0.242,16.61,300.61,67.19,0,1,370.62,2026-02-07 11:10
TR00006,12295,Sanghamitra Express,Bengaluru,Patna Jn,Bengaluru,Guntakal Jn,143.18,113.36,16.66,0.234,20.8,11,2,16.41,0.262,11.24,122.73,112.87,0,0,93.19,2026-06-05 12:33
TR00001,12123,Mumbai - Pune Express,Mumbai CST,Pune Jn,Karjat,Lonavala,552.07,96.47,26.66,0.118,35.6,21,1,11.73,0.458,17.24,473.21,97.8,0,0,412.61,2026-08-23 03:52
TR00002,11010,Deccan Express,Mumbai CST,Pune Jn,Dadar,Kalyan,294.32,60.18,13.88,0.136,31.4,12,4,2.6,0.227,13.21,252.28,58.32,0,0,325.66,2026-02-25 17:25
TR00003,12010,Shatabdi Express,Mumbai Central,Ahmedabad Jn,Borivali,Vapi,130.56,84.25,22.27,0.147,27.6,12,4,15.69,0.429,10.64,111.91,86.67,0,0,116.92,2026-05-24 13:56
TR00004,12951,Mumbai Rajdhani,Mumbai Central,New Delhi,Kota Jn,New Delhi,90.18,74.82,9.75,0.121,23.3,19,2,18.24,0.196,4.23,77.3,61.0,0,0,78.22,2026-01-02 20:18
TR00005,12622,Tamil Nadu Express,New Delhi,Chennai Central,Vijayawada,Chennai Central,296.54,69.27,15.32,0.023,25.4,13,2,19.11,0.405,1.0,254.18,70.31,0,0,290.08,2026-06-29 17:50
TR00006,12295,Sanghamitra Express,Bengaluru,Patna Jn,Vijayawada,Gaya Jn,233.49,78.01,21.99,0.057,31.7,18,3,23.31,0.463,20.6,200.14,82.21,0,0,216.46,2026-08-19 21:36
TR00001,12123,Mumbai - Pune Express,Mumbai CST,Pune Jn,Kalyan,Karjat,523.56,76.02,33.14,0.146,16.9,12,0,45.1,0.19,21.39,448.76,74.2,0,0,460.97,2026-02-09 19:40
TR00002,11010,Deccan Express,Mumbai CST,Pune Jn,Dadar,Kalyan,100.86,85.81,40.12,0.334,31.9,5,6,20.69,0.784,5.65,86.45,92.93,0,0,118.86,2026-04-30 06:58
TR00003,12010,Shatabdi Express,Mumbai Central,Ahmedabad Jn,Surat,Vadodara,369.1,80.84,27.04,0.083,35.0,20,1,11.08,0.416,5.54,316.37,82.13,0,0,322.82,2026-01-19 01:22
TR00004,12951,Mumbai Rajdhani,Mumbai Central,New Delhi,Surat,Vadodara,288.87,86.24,16.08,0.172,27.6,7,0,21.33,0.056,7.26,247.6,98.78,0,0,212.05,2026-05-01 10:32
TR00005,12622,Tamil Nadu Express,New Delhi,Chennai Central,Nagpur,Vijayawada,207.36,70.89,23.42,0.239,29.2,14,2,11.8,0.409,5.41,177.74,64.8,0,0,212.35,2026-05-15 17:32
TR00006,12295,Sanghamitra Express,Bengaluru,Patna Jn,Guntakal Jn,Vijayawada,361.43,95.39,22.59,0.075,26.8,1,1,39.23,0.195,1.77,309.8,101.67,0,0,252.88,2026-03-01 05:12
TR00001,12123,Mumbai - Pune Express,Mumbai CST,Pune Jn,Kalyan,Karjat,66.05,79.09,29.07,0.163,20.8,1,5,6.66,0.287,6.68,56.62,76.08,0,0,68.26,2026-03-13 02:08
TR00002,11010,Deccan Express,Mumbai CST,Pune Jn,Lonavala,Pune Jn,72.59,96.3,24.18,0.391,22.6,10,4,9.1,0.396,7.9,62.22,90.69,0,0,64.72,2026-01-12 11:04
TR00003,12010,Shatabdi Express,Mumbai Central,Ahmedabad Jn,Borivali,Vapi,155.49,98.15,26.83,0.287,23.4,16,1,11.64,0.25,5.43,133.27,85.7,0,0,119.32,2026-06-03 17:59
TR00004,12951,Mumbai Rajdhani,Mumbai Central,New Delhi,Vadodara,Kota Jn,190.0,106.31,24.3,0.163,30.4,22,5,44.51,0.202,7.03,162.86,108.83,0,0,121.73,2026-05-04 00:01
TR00005,12622,Tamil Nadu Express,New Delhi,Chennai Central,New Delhi,Bhopal Jn,116.23,78.01,15.47,0.061,23.2,18,5,7.8,0.284,7.92,99.63,68.31,0,0,115.42,2026-05-04 19:55
TR00006,12295,Sanghamitra Express,Bengaluru,Patna Jn,Guntakal Jn,Vijayawada,313.28,32.35,14.13,0.236,21.8,16,4,6.78,0.131,5.6,268.53,30.12,0,0,633.36,2026-06-18 02:33
TR00001,12123,Mumbai - Pune Express,Mumbai CST,Pune Jn,Mumbai CST,Dadar,229.39,56.06,16.22,0.129,27.3,6,6,15.83,0.334,8.99,196.62,78.83,0,0,282.05,2026-05-16 10:42
TR00002,11010,Deccan Express,Mumbai CST,Pune Jn,Mumbai CST,Dadar,168.56,60.19,22.57,0.292,34.3,12,0,31.76,0.26,3.65,144.48,56.22,0,0,194.68,2026-04-16 15:14
TR00003,12010,Shatabdi Express,Mumbai Central,Ahmedabad Jn,Surat,Vadodara,71.95,91.71,11.3,0.233,24.9,16,0,18.16,0.316,16.71,61.67,91.14,0,0,60.27,2026-04-23 17:00
TR00004,12951,Mumbai Rajdhani,Mumbai Central,New Delhi,Mumbai Central,Surat,128.29,115.15,7.0,0.065,33.1,8,6,11.64,0.102,2.15,109.96,109.16,0,0,73.99,2026-04-22 09:13
TR00005,12622,Tamil Nadu Express,New Delhi,Chennai Central,Vijayawada,Chennai Central,35.23,78.5,22.11,0.072,27.6,22,3,36.81,0.226,15.23,30.19,75.87,0,0,43.34,2026-05-12 22:43
TR00006,12295,Sanghamitra Express,Bengaluru,Patna Jn,Guntakal Jn,Vijayawada,248.16,53.72,39.33,0.163,27.4,15,4,43.03,0.139,43.99,212.7,47.78,1,0,324.85,2026-01-09 20:24
TR00001,12123,Mumbai - Pune Express,Mumbai CST,Pune Jn,Dadar,Kalyan,67.39,75.23,7.9,0.043,30.2,21,2,13.52,0.323,4.28,57.76,72.0,0,0,64.1,2026-03-17 22:04
TR00002,11010,Deccan Express,Mumbai CST,Pune Jn,Kalyan,Lonavala,255.84,105.95,16.43,0.072,19.5,22,1,0.83,0.397,11.9,219.29,100.85,0,0,173.61,2026-02-27 00:53
TR00003,12010,Shatabdi Express,Mumbai Central,Ahmedabad Jn,Vadodara,Ahmedabad Jn,87.35,39.4,16.48,0.013,18.8,7,0,10.97,0.725,3.57,74.87,36.87,0,0,173.76,2026-04-29 09:53
TR00004,12951,Mumbai Rajdhani,Mumbai Central,New Delhi,Vadodara,Kota Jn,338.66,43.72,21.05,0.193,36.4,6,4,14.05,0.132,7.77,290.28,49.35,0,0,505.73,2026-08-06 14:25
TR00005,12622,Tamil Nadu Express,New Delhi,Chennai Central,New Delhi,Bhopal Jn,62.41,74.12,15.87,0.228,23.6,19,3,31.95,0.165,10.91,53.49,66.16,0,0,60.11,2026-04-18 20:00
TR00006,12295,Sanghamitra Express,Bengaluru,Patna Jn,Guntakal Jn,Vijayawada,84.81,80.16,17.84,0.106,26.2,14,3,3.61,0.482,3.69,72.69,72.9,0,0,78.29,2026-06-05 15:18
TR00001,12123,Mumbai - Pune Express,Mumbai CST,Pune Jn,Dadar,Kalyan,149.84,60.07,40.43,0.187,38.0,12,3,10.31,0.496,2.85,128.43,65.56,0,1,251.89,2026-08-06 16:11
TR00002,11010,Deccan Express,Mumbai CST,Pune Jn,Dadar,Kalyan,442.85,67.94,26.34,0.044,32.4,12,4,15.47,0.234,4.41,379.58,69.23,0,0,431.36,2026-08-01 19:11
TR00003,12010,Shatabdi Express,Mumbai Central,Ahmedabad Jn,Mumbai Central,Borivali,200.63,71.67,25.29,0.159,34.2,10,2,17.89,0.361,11.4,171.97,78.6,0,0,204.59,2026-03-03 13:24
TR00004,12951,Mumbai Rajdhani,Mumbai Central,New Delhi,Mumbai Central,Surat,249.36,60.65,23.78,0.369,26.9,0,2,33.95,0.148,4.32,213.74,67.54,0,0,282.21,2026-05-09 04:42
TR00005,12622,Tamil Nadu Express,New Delhi,Chennai Central,New Delhi,Bhopal Jn,217.74,37.24,27.43,0.068,31.9,17,4,18.37,0.091,11.34,186.63,34.43,0,1,461.47,2026-07-21 00:41
TR00006,12295,Sanghamitra Express,Bengaluru,Patna Jn,Bengaluru,Guntakal Jn,435.57,87.29,32.6,0.07,22.9,14,0,22.42,0.296,9.58,373.35,84.86,1,0,351.36,2026-06-12 19:51
TR00001,12123,Mumbai - Pune Express,Mumbai CST,Pune Jn,Karjat,Lonavala,143.16,73.43,4.18,0.067,26.5,14,4,9.78,0.072,0.56,122.71,59.56,0,0,128.25,2026-06-07 16:08
TR00002,11010,Deccan Express,Mumbai CST,Pune Jn,Kalyan,Lonavala,137.01,62.69,5.09,0.033,26.4,19,3,4.7,0.229,6.41,117.44,63.28,0,0,138.09,2026-03-09 21:18
TR00003,12010,Shatabdi Express,Mumbai Central,Ahmedabad Jn,Mumbai Central,Borivali,270.54,28.8,49.72,0.475,25.4,5,6,49.44,0.149,13.79,231.89,22.06,1,0,662.43,2026-02-21 16:02
TR00004,12951,Mumbai Rajdhani,Mumbai Central,New Delhi,Mumbai Central,Surat,258.63,31.24,14.04,0.118,28.2,14,0,19.91,0.228,6.25,221.68,44.99,0,0,550.37,2026-05-05 23:10
TR00005,12622,Tamil Nadu Express,New Delhi,Chennai Central,Vijayawada,Chennai Central,850.42,59.83,11.97,0.245,37.9,13,0,20.53,0.181,8.57,728.93,53.05,0,0,931.93,2026-07-22 04:31
TR00006,12295,Sanghamitra Express,Bengaluru,Patna Jn,Gaya Jn,Patna Jn,216.92,86.02,31.13,0.307,15.8,18,4,35.82,0.193,9.07,185.93,92.96,0,1,228.05,2026-06-28 21:48
TR00001,12123,Mumbai - Pune Express,Mumbai CST,Pune Jn,Karjat,Lonavala,261.76,70.95,16.39,0.176,25.4,10,2,33.81,0.083,13.55,224.37,65.24,0,0,240.01,2026-02-24 14:00
TR00002,11010,Deccan Express,Mumbai CST,Pune Jn,Dadar,Kalyan,173.04,55.95,28.55,0.101,35.7,12,6,8.09,0.408,7.0,148.32,36.93,0,1,286.13,2026-05-23 16:46
TR00003,12010,Shatabdi Express,Mumbai Central,Ahmedabad Jn,Vadodara,Ahmedabad Jn,265.37,74.37,33.33,0.588,28.8,18,0,9.27,0.308,10.53,227.46,64.83,0,0,277.23,2026-02-26 22:37
TR00004,12951,Mumbai Rajdhani,Mumbai Central,New Delhi,Surat,Vadodara,135.66,64.64,20.05,0.196,21.7,7,3,18.0,0.531,5.78,116.28,56.42,0,0,163.72,2026-08-22 09:43
TR00005,12622,Tamil Nadu Express,New Delhi,Chennai Central,Nagpur,Vijayawada,172.45,82.75,21.89,0.327,33.2,9,6,8.12,0.38,25.9,147.82,81.7,0,0,151.75,2026-04-29 11:31
TR00006,12295,Sanghamitra Express,Bengaluru,Patna Jn,Guntakal Jn,Vijayawada,257.9,59.78,11.22,0.023,20.5,20,0,4.57,0.406,7.44,221.05,59.39,0,0,292.04,2026-04-30 00:52
TR00001,12123,Mumbai - Pune Express,Mumbai CST,Pune Jn,Lonavala,Pune Jn,210.68,63.27,21.41,0.202,21.9,4,5,16.82,0.516,20.01,180.58,57.7,0,0,251.29,2026-01-21 08:11
TR00002,11010,Deccan Express,Mumbai CST,Pune Jn,Kalyan,Lonavala,95.79,42.13,12.57,0.148,33.7,18,4,5.66,0.213,0.26,82.11,33.51,0,0,153.92,2026-04-29 20:33
TR00003,12010,Shatabdi Express,Mumbai Central,Ahmedabad Jn,Vapi,Surat,220.77,69.57,12.76,0.123,30.7,16,6,27.99,0.071,15.53,189.24,88.98,0,0,205.13,2026-07-01 19:25
TR00004,12951,Mumbai Rajdhani,Mumbai Central,New Delhi,Surat,Vadodara,495.53,60.08,12.92,0.228,29.6,19,1,7.75,0.4,2.16,424.74,52.85,0,0,574.06,2026-08-02 04:34
TR00005,12622,Tamil Nadu Express,New Delhi,Chennai Central,New Delhi,Bhopal Jn,96.95,27.65,22.26,0.056,33.2,9,0,5.93,0.483,5.43,83.1,28.38,0,0,256.0,2026-06-12 13:16
TR00006,12295,Sanghamitra Express,Bengaluru,Patna Jn,Gaya Jn,Patna Jn,188.45,51.76,17.87,0.046,38.0,15,0,16.56,0.304,1.09,161.53,54.17,0,1,316.35,2026-06-15 20:16
TR00001,12123,Mumbai - Pune Express,Mumbai CST,Pune Jn,Mumbai CST,Dadar,252.8,53.73,20.35,0.384,40.5,5,1,17.4,0.335,13.48,216.68,58.88,0,0,340.25,2026-01-20 10:40
TR00002,11010,Deccan Express,Mumbai CST,Pune Jn,Lonavala,Pune Jn,282.75,20.0,21.3,0.033,30.5,6,0,22.84,0.251,13.58,242.36,23.74,0,0,926.54,2026-04-24 21:26
TR00003,12010,Shatabdi Express,Mumbai Central,Ahmedabad Jn,Surat,Vadodara,171.42,109.01,20.83,0.084,33.2,8,0,12.78,0.235,6.28,146.93,99.89,0,1,140.29,2026-05-02 10:20
TR00004,12951,Mumbai Rajdhani,Mumbai Central,New Delhi,Mumbai Central,Surat,174.92,62.88,24.65,0.257,33.9,14,0,17.76,0.633,13.44,149.93,50.36,0,0,215.41,2026-02-24 17:35
TR00005,12622,Tamil Nadu Express,New Delhi,Chennai Central,New Delhi,Bhopal Jn,108.97,52.03,13.7,0.301,27.6,12,1,15.17,0.114,2.49,93.4,53.2,0,0,139.02,2026-04-16 14:19
TR00006,12295,Sanghamitra Express,Bengaluru,Patna Jn,Gaya Jn,Patna Jn,156.09,39.3,22.99,0.236,22.5,0,4,12.3,0.273,11.28,133.79,42.36,0,0,273.6,2026-06-29 04:33
TR00001,12123,Mumbai - Pune Express,Mumbai CST,Pune Jn,Kalyan,Karjat,462.44,61.29,31.09,0.04,30.1,11,1,7.04,0.23,9.61,396.37,61.35,1,0,509.01,2026-05-05 19:29
TR00002,11010,Deccan Express,Mumbai CST,Pune Jn,Dadar,Kalyan,252.29,87.66,22.11,0.162,23.9,17,4,24.47,0.421,9.03,216.25,87.25,0,0,210.42,2026-06-27 20:30
TR00003,12010,Shatabdi Express,Mumbai Central,Ahmedabad Jn,Surat,Vadodara,185.09,82.15,7.84,0.126,27.7,10,4,12.21,0.239,6.5,158.65,72.3,0,0,143.67,2026-01-06 12:23
TR00004,12951,Mumbai Rajdhani,Mumbai Central,New Delhi,Mumbai Central,Surat,250.03,43.55,8.99,0.06,30.1,10,6,30.06,0.508,2.35,214.31,45.15,0,0,401.81,2026-05-24 16:41
TR00005,12622,Tamil Nadu Express,New Delhi,Chennai Central,Bhopal Jn,Nagpur,193.88,56.3,22.54,0.322,17.1,10,6,13.46,0.093,11.47,166.18,55.53,0,0,230.28,2026-05-18 13:50
TR00006,12295,Sanghamitra Express,Bengaluru,Patna Jn,Bengaluru,Guntakal Jn,332.24,65.63,13.51,0.059,24.0,19,3,14.04,0.268,6.89,284.78,80.67,0,0,337.78,2026-07-02 00:37
TR00001,12123,Mumbai - Pune Express,Mumbai CST,Pune Jn,Dadar,Kalyan,170.2,107.33,15.23,0.29,14.4,20,6,6.58,0.231,3.24,145.89,110.56,0,0,109.46,2026-08-24 21:49
TR00002,11010,Deccan Express,Mumbai CST,Pune Jn,Kalyan,Lonavala,113.36,94.1,18.64,0.066,26.4,5,0,3.2,0.49,4.1,97.16,99.43,0,0,89.16,2026-04-22 06:29
TR00003,12010,Shatabdi Express,Mumbai Central,Ahmedabad Jn,Surat,Vadodara,132.0,122.38,27.89,0.059,32.0,15,3,4.9,0.261,8.91,113.14,119.59,1,0,102.22,2026-05-28 16:42
TR00004,12951,Mumbai Rajdhani,Mumbai Central,New Delhi,Kota Jn,New Delhi,385.22,42.72,20.43,0.234,13.4,9,3,13.6,0.167,31.44,330.19,38.62,0,0,593.11,2026-07-30 18:53
TR00005,12622,Tamil Nadu Express,New Delhi,Chennai Central,New Delhi,Bhopal Jn,263.61,101.33,34.24,0.246,18.8,1,1,28.61,0.283,9.31,225.95,94.04,0,0,194.19,2026-08-28 04:14
TR00006,12295,Sanghamitra Express,Bengaluru,Patna Jn,Vijayawada,Gaya Jn,151.81,38.24,32.19,0.146,37.7,6,2,13.07,0.332,17.17,130.12,47.22,0,0,282.55,2026-03-08 10:42
TR00001,12123,Mumbai - Pune Express,Mumbai CST,Pune Jn,Mumbai CST,Dadar,297.63,60.41,20.99,0.277,30.4,8,0,3.41,0.415,3.7,255.11,54.71,0,0,357.13,2026-07-02 13:57
TR00002,11010,Deccan Express,Mumbai CST,Pune Jn,Lonavala,Pune Jn,518.56,84.23,17.99,0.035,31.0,14,1,10.09,0.377,7.33,444.48,78.66,0,0,420.14,2026-05-25 21:00
TR00003,12010,Shatabdi Express,Mumbai Central,Ahmedabad Jn,Surat,Vadodara,79.58,57.06,32.0,0.463,24.4,10,4,24.7,0.463,16.75,68.21,36.07,0,0,118.0,2026-05-30 11:57
TR00004,12951,Mumbai Rajdhani,Mumbai Central,New Delhi,Mumbai Central,Surat,66.65,93.05,27.55,0.451,28.0,15,6,17.61,0.349,14.64,57.13,96.41,0,0,69.01,2026-04-10 16:09
TR00005,12622,Tamil Nadu Express,New Delhi,Chennai Central,New Delhi,Bhopal Jn,223.6,69.0,31.26,0.305,30.5,4,2,24.81,0.204,18.26,191.66,66.78,0,0,231.03,2026-05-18 07:51
TR00006,12295,Sanghamitra Express,Bengaluru,Patna Jn,Bengaluru,Guntakal Jn,228.14,59.92,44.79,0.367,17.9,13,0,16.73,0.124,1.41,195.55,68.52,1,0,280.56,2026-08-20 17:40
TR00001,12123,Mumbai - Pune Express,Mumbai CST,Pune Jn,Lonavala,Pune Jn,133.78,97.93,21.99,0.1,26.4,2,4,23.35,0.325,11.52,114.67,103.16,0,0,95.98,2026-05-31 03:35
TR00002,11010,Deccan Express,Mumbai CST,Pune Jn,Lonavala,Pune Jn,210.61,107.6,22.76,0.069,24.2,15,5,18.08,0.31,3.87,180.53,103.72,0,0,133.41,2026-04-13 17:13
TR00003,12010,Shatabdi Express,Mumbai Central,Ahmedabad Jn,Mumbai Central,Borivali,457.02,75.05,0.19,0.465,31.5,22,2,1.24,0.098,1.12,391.73,69.46,0,0,399.07,2026-03-15 04:39
TR00004,12951,Mumbai Rajdhani,Mumbai Central,New Delhi,Vadodara,Kota Jn,588.93,72.98,22.32,0.683,23.3,10,1,12.72,0.099,9.81,504.8,72.96,0,0,561.66,2026-01-03 19:21
TR00005,12622,Tamil Nadu Express,New Delhi,Chennai Central,New Delhi,Bhopal Jn,284.14,87.54,18.94,0.091,21.4,9,5,2.52,0.468,1.14,243.55,90.58,0,0,231.27,2026-04-16 12:51
TR00006,12295,Sanghamitra Express,Bengaluru,Patna Jn,Guntakal Jn,Vijayawada,287.7,57.78,10.97,0.01,30.7,19,2,10.69,0.38,5.17,246.6,74.14,0,0,335.24,2026-07-01 00:35
TR00001,12123,Mumbai - Pune Express,Mumbai CST,Pune Jn,Mumbai CST,Dadar,260.89,70.92,13.4,0.135,30.3,1,3,12.36,0.314,24.95,223.62,74.81,0,0,245.69,2026-06-13 05:05
TR00002,11010,Deccan Express,Mumbai CST,Pune Jn,Mumbai CST,Dadar,285.75,85.94,7.3,0.016,35.8,18,2,20.41,0.356,0.56,244.93,101.74,0,0,224.72,2026-06-15 21:44
TR00003,12010,Shatabdi Express,Mumbai Central,Ahmedabad Jn,Surat,Vadodara,341.72,83.35,18.76,0.213,28.7,5,6,7.06,0.094,11.83,292.9,91.25,0,0,275.86,2026-04-28 09:35
TR00004,12951,Mumbai Rajdhani,Mumbai Central,New Delhi,Mumbai Central,Surat,235.83,104.72,42.38,0.103,37.3,10,1,16.13,0.5,1.04,202.14,117.74,0,1,222.75,2026-08-19 13:42
TR00005,12622,Tamil Nadu Express,New Delhi,Chennai Central,Vijayawada,Chennai Central,290.65,83.78,16.69,0.259,29.3,22,3,14.63,0.219,6.49,249.13,87.81,0,0,235.71,2026-02-04 01:55
TR00006,12295,Sanghamitra Express,Bengaluru,Patna Jn,Bengaluru,Guntakal Jn,197.86,94.1,27.04,0.425,24.1,10,3,13.39,0.242,13.07,169.6,94.7,0,0,157.54,2026-07-26 12:37
TR00001,12123,Mumbai - Pune Express,Mumbai CST,Pune Jn,Dadar,Kalyan,421.13,69.48,22.97,0.155,26.2,20,3,10.76,0.495,1.24,360.97,71.78,0,0,439.59,2026-02-17 03:19
TR00002,11010,Deccan Express,Mumbai CST,Pune Jn,Mumbai CST,Dadar,294.28,36.21,26.45,0.117,28.2,4,0,19.27,0.366,19.09,252.24,23.07,0,0,564.34,2026-08-19 13:24
TR00003,12010,Shatabdi Express,Mumbai Central,Ahmedabad Jn,Vadodara,Ahmedabad Jn,108.15,48.61,11.03,0.064,17.4,6,1,4.97,0.185,2.51,92.7,51.2,0,0,146.86,2026-02-11 08:26
TR00004,12951,Mumbai Rajdhani,Mumbai Central,New Delhi,Surat,Vadodara,314.66,100.56,14.22,0.26,20.8,20,1,20.13,0.165,18.94,269.71,99.27,0,0,210.7,2026-05-17 23:30
TR00005,12622,Tamil Nadu Express,New Delhi,Chennai Central,Nagpur,Vijayawada,280.72,107.49,29.2,0.217,21.8,21,2,24.75,0.351,12.31,240.61,113.95,0,0,200.37,2026-06-21 00:20
TR00006,12295,Sanghamitra Express,Bengaluru,Patna Jn,Gaya Jn,Patna Jn,125.06,69.4,16.13,0.181,22.6,1,6,1.03,0.027,3.21,107.19,59.6,0,1,150.91,2026-04-11 03:30
TR00001,12123,Mumbai - Pune Express,Mumbai CST,Pune Jn,Karjat,Lonavala,221.42,103.7,18.24,0.138,32.7,18,6,6.62,0.087,6.01,189.79,101.88,0,1,175.32,2026-02-18 20:55
TR00002,11010,Deccan Express,Mumbai CST,Pune Jn,Lonavala,Pune Jn,215.05,82.86,29.22,0.042,19.6,16,2,39.09,0.301,15.55,184.32,81.59,0,0,181.63,2026-07-01 19:01
TR00003,12010,Shatabdi Express,Mumbai Central,Ahmedabad Jn,Vadodara,Ahmedabad Jn,239.4,85.86,25.21,0.3,37.4,18,5,12.09,0.101,14.23,205.2,94.86,0,1,243.46,2026-01-16 22:03
TR00004,12951,Mumbai Rajdhani,Mumbai Central,New Delhi,Surat,Vadodara,136.43,83.52,23.81,0.148,21.1,23,5,15.17,0.465,9.87,116.94,77.8,0,0,124.34,2026-08-01 01:04
TR00005,12622,Tamil Nadu Express,New Delhi,Chennai Central,Bhopal Jn,Nagpur,413.04,83.33,30.19,0.149,23.2,22,2,22.99,0.27,6.33,354.03,103.61,0,1,436.53,2026-08-22 05:16
TR00006,12295,Sanghamitra Express,Bengaluru,Patna Jn,Guntakal Jn,Vijayawada,168.86,83.85,19.89,0.146,30.5,5,4,9.52,0.636,12.51,144.74,71.73,0,0,151.05,2026-06-19 07:31
TR00001,12123,Mumbai - Pune Express,Mumbai CST,Pune Jn,Lonavala,Pune Jn,268.37,92.1,15.59,0.122,29.7,21,3,16.51,0.374,6.4,230.03,96.28,0,0,206.17,2026-04-07 00:26
TR00002,11010,Deccan Express,Mumbai CST,Pune Jn,Dadar,Kalyan,186.9,63.82,27.9,0.124,21.0,18,3,36.25,0.058,11.66,160.2,61.67,0,0,198.29,2026-06-23 21:18
TR00003,12010,Shatabdi Express,Mumbai Central,Ahmedabad Jn,Vadodara,Ahmedabad Jn,249.83,61.54,23.29,0.16,31.0,7,0,6.68,0.03,5.55,214.14,65.32,1,0,278.37,2026-08-02 11:38
TR00004,12951,Mumbai Rajdhani,Mumbai Central,New Delhi,Kota Jn,New Delhi,824.88,79.3,11.58,0.005,25.6,6,4,18.57,0.037,0.64,707.04,83.96,0,0,638.24,2026-01-29 16:38
TR00005,12622,Tamil Nadu Express,New Delhi,Chennai Central,Bhopal Jn,Nagpur,70.22,58.81,24.64,0.317,26.7,18,4,20.08,0.218,28.39,60.19,72.02,0,0,92.69,2026-07-06 19:32
TR00006,12295,Sanghamitra Express,Bengaluru,Patna Jn,Bengaluru,Guntakal Jn,294.31,99.43,29.59,0.391,19.7,14,3,12.76,0.606,11.08,252.26,108.44,0,0,237.86,2026-04-22 17:57
TR00001,12123,Mumbai - Pune Express,Mumbai CST,Pune Jn,Mumbai CST,Dadar,124.47,125.0,16.21,0.024,25.4,23,6,11.84,0.258,2.28,106.69,130.0,0,0,70.56,2026-01-10 00:10
TR00002,11010,Deccan Express,Mumbai CST,Pune Jn,Kalyan,Lonavala,190.52,82.52,4.26,0.01,25.3,10,0,4.84,0.196,8.39,163.3,89.93,0,0,147.91,2026-03-10 12:27
TR00003,12010,Shatabdi Express,Mumbai Central,Ahmedabad Jn,Borivali,Vapi,159.65,74.75,23.37,0.387,35.5,8,4,3.25,0.269,5.37,136.84,85.27,0,0,163.01,2026-01-26 10:43
TR00004,12951,Mumbai Rajdhani,Mumbai Central,New Delhi,Vadodara,Kota Jn,280.24,38.72,15.46,0.183,19.0,10,5,8.79,0.187,19.02,240.21,38.31,0,0,479.98,2026-01-15 17:59
TR00005,12622,Tamil Nadu Express,New Delhi,Chennai Central,New Delhi,Bhopal Jn,265.07,94.74,14.75,0.138,32.0,20,5,18.33,0.128,7.34,227.2,93.44,0,0,191.46,2026-02-22 23:11
TR00006,12295,Sanghamitra Express,Bengaluru,Patna Jn,Guntakal Jn,Vijayawada,226.1,90.77,22.88,0.135,29.0,6,6,10.52,0.446,24.92,193.8,83.11,0,0,187.19,2026-04-07 09:07
TR00001,12123,Mumbai - Pune Express,Mumbai CST,Pune Jn,Mumbai CST,Dadar,240.36,59.77,52.34,0.049,15.1,1,6,21.42,0.405,18.31,206.03,68.17,0,1,366.09,2026-01-23 07:06
TR00002,11010,Deccan Express,Mumbai CST,Pune Jn,Mumbai CST,Dadar,70.79,70.45,25.73,0.512,27.5,23,0,30.34,0.219,6.46,60.67,71.86,0,0,82.08,2026-03-31 00:22
TR00003,12010,Shatabdi Express,Mumbai Central,Ahmedabad Jn,Vapi,Surat,220.43,62.58,30.14,0.378,26.9,20,2,15.29,0.245,8.7,188.94,64.37,0,0,255.5,2026-06-25 00:15
TR00004,12951,Mumbai Rajdhani,Mumbai Central,New Delhi,Surat,Vadodara,246.89,94.01,12.96,0.03,32.9,14,3,13.82,0.303,2.38,211.62,92.69,0,0,170.94,2026-01-11 16:50
TR00005,12622,Tamil Nadu Express,New Delhi,Chennai Central,Nagpur,Vijayawada,101.65,45.6,31.88,0.372,23.5,11,2,19.78,0.413,13.15,87.13,34.84,0,0,174.74,2026-07-14 13:54
TR00006,12295,Sanghamitra Express,Bengaluru,Patna Jn,Gaya Jn,Patna Jn,164.21,71.52,31.7,0.128,24.2,4,5,11.06,0.26,4.14,140.75,72.24,1,0,184.84,2026-06-12 07:04
TR00001,12123,Mumbai - Pune Express,Mumbai CST,Pune Jn,Dadar,Kalyan,302.59,49.63,42.45,0.507,21.7,3,1,3.27,0.232,2.01,259.37,55.33,1,0,452.93,2026-04-19 10:32
TR00002,11010,Deccan Express,Mumbai CST,Pune Jn,Lonavala,Pune Jn,102.63,63.59,18.34,0.346,24.1,15,2,16.77,0.247,5.43,87.97,61.4,0,0,119.01,2026-03-27 16:59
TR00003,12010,Shatabdi Express,Mumbai Central,Ahmedabad Jn,Vapi,Surat,274.37,46.1,9.88,0.341,17.8,16,4,19.08,0.135,10.01,235.17,53.24,0,0,398.15,2026-02-20 22:38
TR00004,12951,Mumbai Rajdhani,Mumbai Central,New Delhi,Kota Jn,New Delhi,119.41,72.0,47.44,0.194,23.3,12,3,31.53,0.441,5.24,102.35,70.36,0,1,182.72,2026-08-20 15:02
TR00005,12622,Tamil Nadu Express,New Delhi,Chennai Central,New Delhi,Bhopal Jn,181.74,96.74,26.5,0.346,27.5,17,5,32.25,0.3,5.16,155.78,90.6,0,0,131.91,2026-07-27 19:11
TR00006,12295,Sanghamitra Express,Bengaluru,Patna Jn,Gaya Jn,Patna Jn,224.21,32.29,13.43,0.194,34.0,17,2,11.18,0.359,6.14,192.18,24.4,0,0,480.1,2026-06-25 01:00
TR00001,12123,Mumbai - Pune Express,Mumbai CST,Pune Jn,Lonavala,Pune Jn,137.64,70.75,18.68,0.382,35.0,11,5,22.84,0.158,6.95,117.98,82.63,0,0,138.68,2026-03-10 13:18
TR00002,11010,Deccan Express,Mumbai CST,Pune Jn,Kalyan,Lonavala,222.75,74.34,40.18,0.175,26.3,4,3,3.83,0.414,4.09,190.93,84.15,1,0,243.71,2026-02-07 08:03
TR00003,12010,Shatabdi Express,Mumbai Central,Ahmedabad Jn,Mumbai Central,Borivali,167.86,80.31,45.3,0.299,20.2,5,0,8.32,0.157,5.11,143.88,83.74,1,1,209.55,2026-03-23 08:29
TR00004,12951,Mumbai Rajdhani,Mumbai Central,New Delhi,Kota Jn,New Delhi,265.75,86.81,28.07,0.675,46.0,9,5,4.61,0.688,1.55,227.79,79.95,0,0,272.7,2026-07-15 13:32
TR00005,12622,Tamil Nadu Express,New Delhi,Chennai Central,Bhopal Jn,Nagpur,161.8,33.82,38.54,0.427,34.9,6,2,2.16,0.068,11.35,138.69,38.22,1,0,351.4,2026-03-01 11:51
TR00006,12295,Sanghamitra Express,Bengaluru,Patna Jn,Vijayawada,Gaya Jn,164.33,96.49,11.26,0.217,35.1,18,4,34.41,0.084,5.51,140.85,99.53,0,0,118.62,2026-02-08 19:58
TR00001,12123,Mumbai - Pune Express,Mumbai CST,Pune Jn,Kalyan,Karjat,193.12,88.69,25.74,0.141,22.3,21,4,8.2,0.097,5.85,165.53,81.96,0,1,193.37,2026-06-26 00:13
TR00002,11010,Deccan Express,Mumbai CST,Pune Jn,Dadar,Kalyan,224.01,67.38,40.73,0.298,23.4,0,1,16.96,0.632,4.76,192.01,71.47,0,0,276.49,2026-08-03 04:36
TR00003,12010,Shatabdi Express,Mumbai Central,Ahmedabad Jn,Mumbai Central,Borivali,163.92,73.45,1.72,0.225,33.1,20,6,5.69,0.085,1.32,140.5,71.46,0,0,139.97,2026-06-15 22:19
TR00004,12951,Mumbai Rajdhani,Mumbai Central,New Delhi,Mumbai Central,Surat,340.87,52.95,29.06,0.158,32.5,14,5,15.56,0.316,21.72,292.17,39.8,0,0,443.9,2026-07-27 21:23
TR00005,12622,Tamil Nadu Express,New Delhi,Chennai Central,Bhopal Jn,Nagpur,243.43,108.85,22.77,0.236,36.7,2,2,13.68,0.237,23.65,208.66,115.25,0,0,158.32,2026-03-03 04:38
TR00006,12295,Sanghamitra Express,Bengaluru,Patna Jn,Guntakal Jn,Vijayawada,217.52,77.84,20.31,0.25,19.3,6,1,14.9,0.228,21.33,186.44,69.81,0,1,244.29,2026-07-10 10:04
TR00001,12123,Mumbai - Pune Express,Mumbai CST,Pune Jn,Karjat,Lonavala,55.93,69.55,26.47,0.27,22.6,15,5,26.73,0.261,2.03,47.94,69.23,0,0,69.0,2026-08-19 16:08
TR00002,11010,Deccan Express,Mumbai CST,Pune Jn,Lonavala,Pune Jn,397.32,130.0,20.94,0.162,23.2,11,4,11.96,0.286,1.17,340.56,130.0,0,0,216.3,2026-06-08 14:36
TR00003,12010,Shatabdi Express,Mumbai Central,Ahmedabad Jn,Vapi,Surat,297.56,99.19,18.01,0.09,17.8,10,0,4.53,0.283,5.59,255.05,104.62,0,0,203.86,2026-01-30 13:23
TR00004,12951,Mumbai Rajdhani,Mumbai Central,New Delhi,Mumbai Central,Surat,216.52,20.0,19.23,0.151,26.3,15,2,11.69,0.209,0.69,185.59,24.73,0,0,707.73,2026-01-10 02:47
TR00005,12622,Tamil Nadu Express,New Delhi,Chennai Central,New Delhi,Bhopal Jn,105.9,102.55,38.14,0.421,14.4,0,0,15.08,0.541,6.12,90.77,97.37,0,1,123.61,2026-06-16 02:03
TR00006,12295,Sanghamitra Express,Bengaluru,Patna Jn,Gaya Jn,Patna Jn,323.27,61.57,14.51,0.387,29.6,5,6,3.71,0.198,6.63,277.09,52.91,0,0,360.53,2026-04-22 11:00
TR00001,12123,Mumbai - Pune Express,Mumbai CST,Pune Jn,Kalyan,Karjat,293.97,74.29,23.64,0.456,31.6,14,3,8.54,0.447,9.43,251.98,74.91,0,0,300.15,2026-07-05 19:00
TR00002,11010,Deccan Express,Mumbai CST,Pune Jn,Lonavala,Pune Jn,317.61,87.16,21.43,0.168,16.4,12,0,9.01,0.333,2.03,272.24,85.44,0,0,248.69,2026-08-21 16:08
TR00003,12010,Shatabdi Express,Mumbai Central,Ahmedabad Jn,Mumbai Central,Borivali,637.22,72.85,16.4,0.166,19.7,17,0,46.32,0.191,6.15,546.19,77.49,0,0,568.53,2026-06-24 02:28
TR00004,12951,Mumbai Rajdhani,Mumbai Central,New Delhi,Surat,Vadodara,190.6,93.03,5.77,0.19,20.4,9,1,9.08,0.06,15.13,163.37,105.95,0,0,131.39,2026-05-05 11:11
TR00005,12622,Tamil Nadu Express,New Delhi,Chennai Central,Vijayawada,Chennai Central,182.82,108.0,24.22,0.077,14.6,0,3,35.92,0.423,3.85,156.71,116.88,0,0,134.51,2026-05-31 02:14
TR00006,12295,Sanghamitra Express,Bengaluru,Patna Jn,Vijayawada,Gaya Jn,343.25,67.72,23.06,0.422,38.3,22,4,35.21,0.067,6.22,294.21,73.0,0,0,340.64,2026-06-10 03:40
TR00001,12123,Mumbai - Pune Express,Mumbai CST,Pune Jn,Kalyan,Karjat,203.87,88.2,36.42,0.344,25.9,10,0,10.0,0.297,27.49,174.75,92.34,0,0,177.0,2026-06-19 12:56
TR00002,11010,Deccan Express,Mumbai CST,Pune Jn,Lonavala,Pune Jn,111.26,58.06,19.52,0.1,20.3,18,0,7.71,0.148,3.69,95.37,52.27,0,1,171.18,2026-03-29 20:51
TR00003,12010,Shatabdi Express,Mumbai Central,Ahmedabad Jn,Vadodara,Ahmedabad Jn,267.19,108.44,41.07,0.191,33.4,13,3,17.28,0.203,7.33,229.02,104.12,1,1,238.24,2026-03-07 16:58
TR00004,12951,Mumbai Rajdhani,Mumbai Central,New Delhi,Kota Jn,New Delhi,205.54,126.61,33.57,0.035,20.0,21,0,13.48,0.309,4.14,176.17,120.28,1,0,134.71,2026-01-13 23:14
TR00005,12622,Tamil Nadu Express,New Delhi,Chennai Central,Nagpur,Vijayawada,300.94,20.0,38.61,0.195,21.0,0,1,52.41,0.485,6.93,257.95,20.0,0,0,1079.89,2026-02-20 17:59
TR00006,12295,Sanghamitra Express,Bengaluru,Patna Jn,Guntakal Jn,Vijayawada,303.61,98.92,15.91,0.07,28.0,2,0,2.34,0.266,13.52,260.23,97.91,0,1,262.47,2026-04-02 06:22
TR00001,12123,Mumbai - Pune Express,Mumbai CST,Pune Jn,Mumbai CST,Dadar,119.98,44.6,33.28,0.185,20.5,19,2,7.1,0.511,2.86,102.84,45.03,0,0,210.28,2026-01-28 22:30
TR00002,11010,Deccan Express,Mumbai CST,Pune Jn,Mumbai CST,Dadar,308.47,39.15,9.78,0.079,35.3,4,5,5.56,0.173,5.61,264.4,45.65,0,0,505.94,2026-03-03 12:25
TR00003,12010,Shatabdi Express,Mumbai Central,Ahmedabad Jn,Vapi,Surat,173.44,62.95,27.34,0.099,41.7,14,1,33.32,0.316,24.96,148.66,61.31,0,0,194.77,2026-03-11 17:14
TR00004,12951,Mumbai Rajdhani,Mumbai Central,New Delhi,Mumbai Central,Surat,147.18,23.19,42.59,0.323,35.6,7,2,34.13,0.468,5.29,126.16,27.44,0,0,471.27,2026-07-03 14:51
TR00005,12622,Tamil Nadu Express,New Delhi,Chennai Central,Vijayawada,Chennai Central,161.78,48.12,35.43,0.115,26.1,22,1,21.89,0.189,5.18,138.67,36.43,1,1,301.18,2026-05-02 03:01
TR00006,12295,Sanghamitra Express,Bengaluru,Patna Jn,Guntakal Jn,Vijayawada,143.64,39.69,12.77,0.116,23.4,6,0,19.04,0.075,7.63,123.12,45.83,0,0,237.61,2026-04-29 09:57
TR00001,12123,Mumbai - Pune Express,Mumbai CST,Pune Jn,Lonavala,Pune Jn,243.42,86.15,17.01,0.094,35.7,14,6,14.69,0.23,0.27,208.64,90.72,0,0,192.21,2026-06-21 17:12
TR00002,11010,Deccan Express,Mumbai CST,Pune Jn,Mumbai CST,Dadar,285.19,86.49,28.67,0.102,23.2,7,6,10.89,0.765,10.25,244.45,89.78,0,0,267.52,2026-05-17 11:27
TR00003,12010,Shatabdi Express,Mumbai Central,Ahmedabad Jn,Surat,Vadodara,225.65,24.87,20.9,0.364,34.1,12,1,7.38,0.463,13.95,193.42,31.52,0,0,667.88,2026-01-06 23:07
TR00004,12951,Mumbai Rajdhani,Mumbai Central,New Delhi,Kota Jn,New Delhi,101.28,71.24,30.19,0.333,30.4,5,2,20.01,0.485,15.58,86.81,70.33,0,0,113.43,2026-07-11 06:53
TR00005,12622,Tamil Nadu Express,New Delhi,Chennai Central,Nagpur,Vijayawada,94.55,78.65,12.37,0.165,28.1,16,1,11.46,0.065,4.96,81.05,105.0,0,0,75.88,2026-04-05 17:15
TR00006,12295,Sanghamitra Express,Bengaluru,Patna Jn,Vijayawada,Gaya Jn,131.13,70.36,15.63,0.19,28.9,7,3,24.19,0.162,8.76,112.4,72.13,0,0,129.29,2026-03-28 09:09
TR00001,12123,Mumbai - Pune Express,Mumbai CST,Pune Jn,Karjat,Lonavala,321.4,78.68,16.06,0.076,31.1,21,6,20.8,0.094,5.84,275.49,80.31,0,0,259.49,2026-04-04 01:19
TR00002,11010,Deccan Express,Mumbai CST,Pune Jn,Mumbai CST,Dadar,131.44,63.36,41.81,0.373,33.8,2,2,22.51,0.18,7.49,112.66,69.48,1,1,211.12,2026-04-13 05:31
TR00003,12010,Shatabdi Express,Mumbai Central,Ahmedabad Jn,Vapi,Surat,114.17,65.86,17.92,0.128,32.0,0,5,6.74,0.26,1.59,97.86,63.15,0,0,118.03,2026-05-04 01:58
TR00004,12951,Mumbai Rajdhani,Mumbai Central,New Delhi,Mumbai Central,Surat,266.73,111.67,18.99,0.195,31.3,14,4,18.25,0.297,4.23,228.63,110.86,0,0,168.14,2026-08-27 16:48
TR00005,12622,Tamil Nadu Express,New Delhi,Chennai Central,Vijayawada,Chennai Central,147.27,52.09,24.49,0.295,23.8,2,2,43.3,0.189,11.35,126.23,43.96,0,0,207.6,2026-04-28 05:27
TR00006,12295,Sanghamitra Express,Bengaluru,Patna Jn,Guntakal Jn,Vijayawada,145.45,54.15,12.62,0.154,35.4,15,2,6.33,0.195,9.83,124.67,52.19,0,0,180.24,2026-03-26 18:00
TR00001,12123,Mumbai - Pune Express,Mumbai CST,Pune Jn,Mumbai CST,Dadar,158.12,72.39,4.74,0.123,28.1,18,3,8.94,0.23,1.71,135.53,51.91,0,0,150.04,2026-06-08 20:30
TR00002,11010,Deccan Express,Mumbai CST,Pune Jn,Kalyan,Lonavala,409.01,89.81,15.41,0.354,37.4,14,3,5.31,0.131,2.21,350.58,90.22,0,0,299.22,2026-03-26 18:59
TR00003,12010,Shatabdi Express,Mumbai Central,Ahmedabad Jn,Surat,Vadodara,182.28,88.66,43.8,0.188,18.6,2,3,8.32,0.745,4.41,156.24,85.13,1,0,196.33,2026-05-13 05:16
TR00004,12951,Mumbai Rajdhani,Mumbai Central,New Delhi,Vadodara,Kota Jn,308.73,44.63,17.44,0.017,22.4,16,4,9.34,0.191,6.0,264.62,43.91,1,0,457.29,2026-06-02 23:37
TR00005,12622,Tamil Nadu Express,New Delhi,Chennai Central,Nagpur,Vijayawada,266.87,75.32,13.03,0.328,47.6,0,4,1.79,0.44,13.67,228.74,61.32,0,0,258.45,2026-08-06 04:18
TR00006,12295,Sanghamitra Express,Bengaluru,Patna Jn,Guntakal Jn,Vijayawada,187.93,79.71,26.57,0.039,35.3,13,2,32.72,0.225,13.1,161.09,80.61,0,1,209.64,2026-03-12 16:29
TR00001,12123,Mumbai - Pune Express,Mumbai CST,Pune Jn,Mumbai CST,Dadar,174.78,50.5,33.98,0.272,25.7,22,5,35.0,0.229,3.6,149.81,58.89,1,0,259.72,2026-08-09 02:19
TR00002,11010,Deccan Express,Mumbai CST,Pune Jn,Dadar,Kalyan,177.15,78.28,17.23,0.077,29.3,12,4,8.24,0.345,6.22,151.84,80.98,0,0,162.95,2026-04-19 14:42
TR00003,12010,Shatabdi Express,Mumbai Central,Ahmedabad Jn,Mumbai Central,Borivali,201.51,70.5,14.12,0.078,24.1,12,0,7.97,0.131,3.27,172.72,64.32,0,0,181.71,2026-01-08 15:01
TR00004,12951,Mumbai Rajdhani,Mumbai Central,New Delhi,Kota Jn,New Delhi,238.69,72.07,24.57,0.274,24.8,3,5,20.47,0.339,5.14,204.59,75.44,0,0,252.07,2026-01-11 07:12
TR00005,12622,Tamil Nadu Express,New Delhi,Chennai Central,Vijayawada,Chennai Central,101.73,53.55,21.93,0.429,31.3,9,1,21.73,0.256,12.3,87.2,65.8,0,0,143.29,2026-01-23 11:23
TR00006,12295,Sanghamitra Express,Bengaluru,Patna Jn,Bengaluru,Guntakal Jn,157.14,67.22,30.29,0.683,24.1,6,5,13.19,0.246,6.36,134.69,75.9,0,0,185.58,2026-08-15 09:05
TR00001,12123,Mumbai - Pune Express,Mumbai CST,Pune Jn,Dadar,Kalyan,374.84,90.75,10.63,0.38,18.9,2,1,4.99,0.063,14.87,321.3,90.69,0,0,275.6,2026-04-01 06:35
TR00002,11010,Deccan Express,Mumbai CST,Pune Jn,Lonavala,Pune Jn,111.41,74.62,3.83,0.017,26.2,15,4,22.65,0.169,5.98,95.5,77.09,0,0,94.94,2026-03-23 16:34
TR00003,12010,Shatabdi Express,Mumbai Central,Ahmedabad Jn,Borivali,Vapi,360.52,66.61,0.0,0.246,34.0,15,1,6.51,0.197,18.33,309.01,51.54,0,0,349.19,2026-08-21 20:49
TR00004,12951,Mumbai Rajdhani,Mumbai Central,New Delhi,Kota Jn,New Delhi,212.52,62.91,9.01,0.105,24.2,21,6,12.01,0.113,14.88,182.16,71.2,0,0,216.64,2026-04-28 00:36
TR00005,12622,Tamil Nadu Express,New Delhi,Chennai Central,Vijayawada,Chennai Central,836.9,70.49,41.26,0.446,17.4,11,0,19.24,0.233,3.04,717.35,76.43,1,0,850.75,2026-06-06 01:10
TR00006,12295,Sanghamitra Express,Bengaluru,Patna Jn,Gaya Jn,Patna Jn,385.22,89.38,29.09,0.104,24.1,7,6,8.32,0.487,21.61,330.19,99.83,0,0,313.91,2026-03-15 12:13
TR00001,12123,Mumbai - Pune Express,Mumbai CST,Pune Jn,Mumbai CST,Dadar,101.43,87.09,0.73,0.06,21.2,8,0,5.57,0.354,4.54,86.94,91.63,0,0,79.56,2026-07-22 09:19
TR00002,11010,Deccan Express,Mumbai CST,Pune Jn,Dadar,Kalyan,194.95,88.69,34.86,0.608,30.2,14,0,19.53,0.128,4.04,167.1,84.06,0,1,217.97,2026-04-10 17:37
TR00003,12010,Shatabdi Express,Mumbai Central,Ahmedabad Jn,Vapi,Surat,289.99,80.4,21.83,0.444,20.4,6,2,17.24,0.307,5.84,248.57,97.6,0,0,265.9,2026-06-02 10:25
TR00004,12951,Mumbai Rajdhani,Mumbai Central,New Delhi,Vadodara,Kota Jn,181.71,40.9,16.36,0.082,38.1,9,2,20.02,0.16,6.1,155.75,30.82,0,0,289.9,2026-07-27 13:49
TR00005,12622,Tamil Nadu Express,New Delhi,Chennai Central,Bhopal Jn,Nagpur,278.75,53.54,25.5,0.289,39.1,0,2,13.25,0.5,5.84,238.93,70.52,0,0,390.64,2026-03-21 06:30
TR00006,12295,Sanghamitra Express,Bengaluru,Patna Jn,Guntakal Jn,Vijayawada,109.85,102.64,9.12,0.107,32.0,23,0,3.08,0.304,11.92,94.16,99.53,0,0,75.96,2026-04-10 00:15
TR00001,12123,Mumbai - Pune Express,Mumbai CST,Pune Jn,Dadar,Kalyan,194.19,50.77,7.59,0.218,27.6,18,3,11.42,0.142,3.95,166.45,54.92,0,0,253.15,2026-08-14 22:13
TR00002,11010,Deccan Express,Mumbai CST,Pune Jn,Lonavala,Pune Jn,333.07,108.46,25.73,0.195,39.6,23,1,3.81,0.304,5.69,285.49,117.12,1,0,227.81,2026-01-26 02:47
TR00003,12010,Shatabdi Express,Mumbai Central,Ahmedabad Jn,Borivali,Vapi,292.88,50.17,10.83,0.108,43.9,22,6,28.49,0.418,0.79,251.04,43.93,0,0,410.66,2026-02-01 04:50
TR00004,12951,Mumbai Rajdhani,Mumbai Central,New Delhi,Kota Jn,New Delhi,80.39,58.97,34.0,0.262,33.2,22,0,11.91,0.494,11.65,68.91,47.55,0,0,114.6,2026-01-11 23:54
TR00005,12622,Tamil Nadu Express,New Delhi,Chennai Central,Vijayawada,Chennai Central,177.66,71.93,31.79,0.047,21.5,4,4,20.89,0.335,23.22,152.28,77.2,0,0,178.34,2026-04-04 06:58
TR00006,12295,Sanghamitra Express,Bengaluru,Patna Jn,Gaya Jn,Patna Jn,156.95,85.76,14.85,0.225,27.4,23,1,14.83,0.119,42.19,134.53,102.08,0,0,126.38,2026-01-10 01:06
TR00001,12123,Mumbai - Pune Express,Mumbai CST,Pune Jn,Lonavala,Pune Jn,260.6,69.81,15.46,0.196,30.8,21,4,14.92,0.426,2.81,223.37,82.29,0,0,272.92,2026-03-23 01:32
TR00002,11010,Deccan Express,Mumbai CST,Pune Jn,Mumbai CST,Dadar,317.34,54.53,15.64,0.17,29.4,13,1,2.6,0.272,1.32,272.0,55.55,0,0,384.71,2026-02-25 19:24
TR00003,12010,Shatabdi Express,Mumbai Central,Ahmedabad Jn,Vadodara,Ahmedabad Jn,264.59,53.51,30.79,0.222,23.6,1,4,36.03,0.39,4.67,226.79,63.73,0,0,358.06,2026-07-20 06:58
TR00004,12951,Mumbai Rajdhani,Mumbai Central,New Delhi,Surat,Vadodara,272.62,88.95,29.77,0.266,37.9,22,5,5.5,0.395,1.76,233.67,93.86,0,1,291.32,2026-04-13 02:51
TR00005,12622,Tamil Nadu Express,New Delhi,Chennai Central,New Delhi,Bhopal Jn,1082.4,77.19,16.68,0.111,19.5,8,4,12.83,0.104,12.71,927.77,76.31,0,0,885.11,2026-04-22 22:45
TR00006,12295,Sanghamitra Express,Bengaluru,Patna Jn,Bengaluru,Guntakal Jn,314.57,86.93,35.01,0.383,17.3,7,5,32.15,0.085,3.42,269.63,79.23,0,1,321.16,2026-06-17 12:21
TR00001,12123,Mumbai - Pune Express,Mumbai CST,Pune Jn,Dadar,Kalyan,307.18,108.22,4.95,0.044,31.1,19,0,17.81,0.303,3.23,263.3,106.67,0,0,188.23,2026-01-13 22:08
TR00002,11010,Deccan Express,Mumbai CST,Pune Jn,Lonavala,Pune Jn,160.38,49.56,14.03,0.063,23.0,4,6,12.3,0.271,1.65,137.47,64.26,0,0,210.97,2026-04-08 07:30
TR00003,12010,Shatabdi Express,Mumbai Central,Ahmedabad Jn,Vadodara,Ahmedabad Jn,288.84,48.31,16.05,0.215,35.7,7,4,15.09,0.451,2.21,247.57,52.28,0,0,432.68,2026-05-12 14:12
TR00004,12951,Mumbai Rajdhani,Mumbai Central,New Delhi,Surat,Vadodara,114.51,54.84,24.01,0.054,20.3,4,0,19.52,0.473,3.71,98.15,51.48,0,0,149.98,2026-01-23 06:29
TR00005,12622,Tamil Nadu Express,New Delhi,Chennai Central,Nagpur,Vijayawada,232.27,72.86,21.22,0.102,19.7,14,0,17.89,0.317,8.03,199.09,65.31,0,1,287.04,2026-03-19 18:47
TR00006,12295,Sanghamitra Express,Bengaluru,Patna Jn,Gaya Jn,Patna Jn,151.7,63.41,22.74,0.078,29.8,3,4,14.72,0.444,8.82,130.03,68.74,0,0,176.82,2026-05-01 05:56
TR00001,12123,Mumbai - Pune Express,Mumbai CST,Pune Jn,Dadar,Kalyan,298.37,68.24,10.89,0.256,33.1,5,2,5.41,0.097,3.57,255.75,64.9,0,0,287.73,2026-07-11 09:47
TR00002,11010,Deccan Express,Mumbai CST,Pune Jn,Mumbai CST,Dadar,211.74,63.7,19.02,0.18,32.4,13,1,13.42,0.25,7.82,181.49,67.33,0,0,218.82,2026-05-07 16:38
TR00003,12010,Shatabdi Express,Mumbai Central,Ahmedabad Jn,Borivali,Vapi,286.48,71.84,18.92,0.129,34.1,8,0,52.57,0.062,23.81,245.56,71.07,0,0,263.41,2026-06-27 12:23
TR00004,12951,Mumbai Rajdhani,Mumbai Central,New Delhi,Kota Jn,New Delhi,216.42,62.1,7.77,0.07,33.9,8,6,6.94,0.111,24.98,185.5,62.85,0,0,220.09,2026-06-26 11:40
TR00005,12622,Tamil Nadu Express,New Delhi,Chennai Central,Vijayawada,Chennai Central,166.04,74.72,5.91,0.224,26.8,10,3,2.07,0.163,7.18,142.32,86.37,0,0,146.13,2026-05-21 12:26
TR00006,12295,Sanghamitra Express,Bengaluru,Patna Jn,Bengaluru,Guntakal Jn,241.89,84.87,31.84,0.061,31.5,12,2,22.98,0.554,17.52,207.33,86.3,0,0,217.01,2026-08-26 15:37
TR00001,12123,Mumbai - Pune Express,Mumbai CST,Pune Jn,Lonavala,Pune Jn,357.45,92.37,42.81,0.142,31.0,1,5,9.83,0.48,17.93,306.38,93.37,0,1,378.66,2026-03-14 07:18
TR00002,11010,Deccan Express,Mumbai CST,Pune Jn,Kalyan,Lonavala,245.57,71.19,23.38,0.415,38.2,6,0,22.08,0.245,20.5,210.49,79.72,0,0,243.66,2026-06-04 10:03
TR00003,12010,Shatabdi Express,Mumbai Central,Ahmedabad Jn,Vadodara,Ahmedabad Jn,189.55,91.35,13.32,0.207,32.2,10,4,4.54,0.157,11.3,162.47,103.37,0,0,134.06,2026-08-25 12:14
TR00004,12951,Mumbai Rajdhani,Mumbai Central,New Delhi,Vadodara,Kota Jn,548.3,75.65,29.16,0.19,23.3,18,4,16.39,0.214,10.41,469.97,83.53,0,0,494.23,2026-04-29 02:14
TR00005,12622,Tamil Nadu Express,New Delhi,Chennai Central,New Delhi,Bhopal Jn,224.06,58.42,2.3,0.037,25.4,10,0,7.92,0.079,0.49,192.05,61.66,0,0,233.56,2026-05-08 13:53
TR00006,12295,Sanghamitra Express,Bengaluru,Patna Jn,Bengaluru,Guntakal Jn,173.07,67.87,27.31,0.24,28.7,3,5,16.99,0.273,18.14,148.34,65.78,0,0,190.41,2026-06-08 06:10
TR00001,12123,Mumbai - Pune Express,Mumbai CST,Pune Jn,Kalyan,Karjat,168.99,77.12,53.12,0.415,34.4,9,5,8.86,0.504,16.86,144.85,69.95,1,1,253.59,2026-04-06 13:13
TR00002,11010,Deccan Express,Mumbai CST,Pune Jn,Mumbai CST,Dadar,147.57,85.01,0.0,0.01,15.4,16,0,5.51,0.105,6.29,126.49,90.65,0,0,104.11,2026-06-08 17:44
TR00003,12010,Shatabdi Express,Mumbai Central,Ahmedabad Jn,Vapi,Surat,229.12,71.89,5.79,0.101,27.6,14,6,4.88,0.197,1.41,196.39,67.86,0,0,205.79,2026-07-17 17:25
TR00004,12951,Mumbai Rajdhani,Mumbai Central,New Delhi,Mumbai Central,Surat,184.38,20.0,16.25,0.222,24.0,9,4,11.51,0.193,8.24,158.04,20.0,0,0,611.18,2026-05-17 19:11
TR00005,12622,Tamil Nadu Express,New Delhi,Chennai Central,Vijayawada,Chennai Central,250.08,94.37,37.04,0.106,26.1,14,2,35.0,0.746,1.66,214.36,81.87,0,0,220.64,2026-07-31 17:40
TR00006,12295,Sanghamitra Express,Bengaluru,Patna Jn,Guntakal Jn,Vijayawada,255.49,88.25,36.29,0.24,28.6,2,1,28.69,0.366,5.79,218.99,77.43,0,1,277.05,2026-06-23 06:37
TR00001,12123,Mumbai - Pune Express,Mumbai CST,Pune Jn,Dadar,Kalyan,422.64,125.17,22.69,0.279,24.9,18,4,21.11,0.358,5.07,362.26,115.46,0,0,249.41,2026-03-24 22:09
TR00002,11010,Deccan Express,Mumbai CST,Pune Jn,Kalyan,Lonavala,169.65,87.6,32.0,0.42,23.9,9,1,33.72,0.326,1.09,145.42,95.25,0,0,157.07,2026-06-29 11:37
TR00003,12010,Shatabdi Express,Mumbai Central,Ahmedabad Jn,Vadodara,Ahmedabad Jn,258.66,89.66,12.51,0.044,31.9,5,1,13.42,0.273,1.5,221.7,92.6,0,0,184.59,2026-03-12 08:04
TR00004,12951,Mumbai Rajdhani,Mumbai Central,New Delhi,Surat,Vadodara,219.73,59.63,31.27,0.079,35.6,5,5,33.78,0.389,10.21,188.34,56.09,0,0,262.98,2026-01-14 09:22
TR00005,12622,Tamil Nadu Express,New Delhi,Chennai Central,Vijayawada,Chennai Central,77.96,88.6,53.97,0.558,31.0,19,0,10.04,0.104,22.19,66.82,99.64,1,1,120.11,2026-07-20 21:00
TR00006,12295,Sanghamitra Express,Bengaluru,Patna Jn,Gaya Jn,Patna Jn,182.27,92.95,9.19,0.075,24.3,16,1,18.19,0.159,25.71,156.23,91.57,0,0,131.56,2026-08-27 18:11
TR00001,12123,Mumbai - Pune Express,Mumbai CST,Pune Jn,Kalyan,Karjat,189.68,91.75,15.71,0.278,38.0,22,0,2.52,0.085,4.65,162.58,83.46,0,1,179.34,2026-03-16 00:59
TR00002,11010,Deccan Express,Mumbai CST,Pune Jn,Dadar,Kalyan,372.58,21.6,14.66,0.025,20.0,20,2,9.36,0.22,22.31,319.35,37.98,0,0,1112.55,2026-05-25 14:32
TR00003,12010,Shatabdi Express,Mumbai Central,Ahmedabad Jn,Vapi,Surat,165.42,106.82,33.22,0.109,22.4,16,6,12.61,0.422,22.95,141.78,102.43,0,0,120.11,2026-06-08 18:00
TR00004,12951,Mumbai Rajdhani,Mumbai Central,New Delhi,Kota Jn,New Delhi,313.53,90.65,16.15,0.079,18.0,12,0,38.14,0.27,15.68,268.74,96.89,0,0,228.36,2026-04-15 15:48
TR00005,12622,Tamil Nadu Express,New Delhi,Chennai Central,New Delhi,Bhopal Jn,365.93,87.54,29.84,0.233,32.8,20,5,8.94,0.479,3.41,313.66,84.91,0,0,315.85,2026-06-01 01:15
TR00006,12295,Sanghamitra Express,Bengaluru,Patna Jn,Guntakal Jn,Vijayawada,414.64,49.17,21.48,0.198,25.1,10,0,31.74,0.009,1.39,355.41,32.64,0,0,532.73,2026-03-20 18:52
TR00001,12123,Mumbai - Pune Express,Mumbai CST,Pune Jn,Dadar,Kalyan,196.94,73.18,15.25,0.206,18.7,16,1,4.54,0.048,24.0,168.8,68.4,0,0,177.09,2026-06-30 18:57
TR00002,11010,Deccan Express,Mumbai CST,Pune Jn,Kalyan,Lonavala,244.67,103.24,21.29,0.316,28.1,11,6,2.55,0.253,21.06,209.71,104.05,0,1,221.64,2026-04-10 14:41
TR00003,12010,Shatabdi Express,Mumbai Central,Ahmedabad Jn,Vadodara,Ahmedabad Jn,280.42,20.0,15.59,0.28,28.5,23,6,8.24,0.098,8.27,240.36,20.0,0,0,906.05,2026-01-17 14:06
TR00004,12951,Mumbai Rajdhani,Mumbai Central,New Delhi,Mumbai Central,Surat,308.96,75.79,31.82,0.309,24.0,7,6,30.56,0.48,4.18,264.83,103.28,0,0,306.38,2026-07-06 12:06
TR00005,12622,Tamil Nadu Express,New Delhi,Chennai Central,New Delhi,Bhopal Jn,184.71,85.29,0.0,0.114,31.0,20,4,7.58,0.182,14.65,158.32,91.87,0,0,140.62,2026-07-25 22:20
TR00006,12295,Sanghamitra Express,Bengaluru,Patna Jn,Vijayawada,Gaya Jn,160.2,51.37,22.21,0.073,30.4,20,3,8.12,0.244,0.96,137.32,37.08,1,0,219.28,2026-01-23 23:39
TR00001,12123,Mumbai - Pune Express,Mumbai CST,Pune Jn,Lonavala,Pune Jn,368.19,73.95,30.93,0.065,29.2,15,3,19.79,0.575,10.57,315.59,63.39,1,1,489.15,2026-02-02 23:09
TR00002,11010,Deccan Express,Mumbai CST,Pune Jn,Mumbai CST,Dadar,268.94,60.76,21.52,0.121,22.3,14,0,21.05,0.295,5.91,230.52,45.95,0,0,307.07,2026-04-06 19:07
TR00003,12010,Shatabdi Express,Mumbai Central,Ahmedabad Jn,Surat,Vadodara,265.17,88.11,14.0,0.269,31.3,23,0,14.51,0.196,3.68,227.29,97.98,0,0,211.95,2026-07-06 02:31
TR00004,12951,Mumbai Rajdhani,Mumbai Central,New Delhi,Mumbai Central,Surat,133.82,99.92,26.17,0.101,36.3,4,1,26.68,0.42,4.45,114.7,92.8,0,0,101.91,2026-05-13 05:41
TR00005,12622,Tamil Nadu Express,New Delhi,Chennai Central,Bhopal Jn,Nagpur,336.83,31.76,44.74,0.017,20.4,12,5,16.16,0.224,5.18,288.72,24.22,1,1,879.62,2026-05-16 02:39
TR00006,12295,Sanghamitra Express,Bengaluru,Patna Jn,Gaya Jn,Patna Jn,214.77,94.0,19.29,0.412,27.8,18,1,5.91,0.258,3.1,184.09,90.64,0,0,167.01,2026-05-05 20:47
TR00001,12123,Mumbai - Pune Express,Mumbai CST,Pune Jn,Dadar,Kalyan,220.74,90.76,39.5,0.182,37.1,5,1,30.32,0.311,11.93,189.2,90.26,0,1,223.3,2026-02-26 08:43
TR00002,11010,Deccan Express,Mumbai CST,Pune Jn,Dadar,Kalyan,292.57,106.16,29.02,0.178,31.0,23,4,28.29,0.086,2.42,250.77,95.36,0,1,227.34,2026-04-07 02:47
TR00003,12010,Shatabdi Express,Mumbai Central,Ahmedabad Jn,Vapi,Surat,238.86,52.24,16.1,0.037,28.0,16,0,5.91,0.462,6.29,204.74,47.2,0,0,319.65,2026-07-13 21:19
TR00004,12951,Mumbai Rajdhani,Mumbai Central,New Delhi,Kota Jn,New Delhi,175.92,76.64,0.0,0.238,11.2,12,3,1.83,0.166,4.17,150.79,79.5,0,0,149.87,2026-07-25 14:29
TR00005,12622,Tamil Nadu Express,New Delhi,Chennai Central,Bhopal Jn,Nagpur,138.88,64.64,19.48,0.186,26.5,16,3,9.04,0.388,3.11,119.04,77.35,0,0,155.52,2026-06-11 18:35
TR00006,12295,Sanghamitra Express,Bengaluru,Patna Jn,Bengaluru,Guntakal Jn,121.86,67.96,26.89,0.134,16.8,15,6,32.45,0.124,18.99,104.45,69.41,0,0,128.42,2026-02-23 17:08
TR00001,12123,Mumbai - Pune Express,Mumbai CST,Pune Jn,Mumbai CST,Dadar,200.59,80.53,28.39,0.278,30.7,21,3,10.4,0.367,2.77,171.93,74.74,0,1,235.0,2026-05-03 00:54
TR00002,11010,Deccan Express,Mumbai CST,Pune Jn,Lonavala,Pune Jn,164.12,45.76,16.23,0.377,21.0,17,2,11.29,0.111,16.37,140.68,43.15,0,0,246.11,2026-06-04 21:06
TR00003,12010,Shatabdi Express,Mumbai Central,Ahmedabad Jn,Vadodara,Ahmedabad Jn,542.86,74.81,5.76,0.19,32.9,20,3,6.07,0.159,15.61,465.31,65.67,0,0,475.47,2026-01-13 03:55
TR00004,12951,Mumbai Rajdhani,Mumbai Central,New Delhi,Kota Jn,New Delhi,248.85,62.58,41.53,0.355,25.0,23,3,10.05,0.124,9.96,213.3,51.11,1,0,292.55,2026-05-19 03:52
TR00005,12622,Tamil Nadu Express,New Delhi,Chennai Central,New Delhi,Bhopal Jn,144.4,89.38,11.81,0.158,33.4,10,0,7.96,0.079,7.88,123.77,81.71,0,0,102.58,2026-03-09 11:42
TR00006,12295,Sanghamitra Express,Bengaluru,Patna Jn,Guntakal Jn,Vijayawada,218.36,77.41,11.53,0.568,19.5,19,0,13.23,0.068,5.31,187.17,79.9,0,0,200.75,2026-02-27 22:20
TR00001,12123,Mumbai - Pune Express,Mumbai CST,Pune Jn,Karjat,Lonavala,171.71,88.96,12.12,0.1,34.6,0,4,8.77,0.319,1.37,147.18,72.81,0,0,140.42,2026-02-01 02:20
TR00002,11010,Deccan Express,Mumbai CST,Pune Jn,Kalyan,Lonavala,302.54,83.89,22.33,0.072,22.3,21,2,20.53,0.156,43.17,259.32,78.43,0,0,237.23,2026-05-12 00:57
TR00003,12010,Shatabdi Express,Mumbai Central,Ahmedabad Jn,Surat,Vadodara,234.46,102.97,8.13,0.053,14.2,5,5,9.0,0.288,12.33,200.97,113.65,0,0,148.26,2026-01-05 07:28
TR00004,12951,Mumbai Rajdhani,Mumbai Central,New Delhi,Vadodara,Kota Jn,88.45,77.23,36.79,0.079,25.1,16,0,37.51,0.42,4.36,75.81,83.92,0,1,122.8,2026-08-01 18:02
TR00005,12622,Tamil Nadu Express,New Delhi,Chennai Central,New Delhi,Bhopal Jn,374.24,109.54,15.81,0.246,29.6,5,3,16.78,0.189,8.46,320.78,117.02,1,0,244.5,2026-02-20 09:04
TR00006,12295,Sanghamitra Express,Bengaluru,Patna Jn,Guntakal Jn,Vijayawada,512.38,112.07,6.41,0.13,28.1,2,2,8.3,0.243,13.37,439.19,119.7,0,0,303.64,2026-07-08 07:03
TR00001,12123,Mumbai - Pune Express,Mumbai CST,Pune Jn,Dadar,Kalyan,463.4,80.44,18.63,0.13,27.7,8,0,10.69,0.198,4.02,397.2,85.67,0,0,376.04,2026-01-03 14:16
TR00002,11010,Deccan Express,Mumbai CST,Pune Jn,Kalyan,Lonavala,219.52,102.86,22.12,0.381,36.0,17,3,2.33,0.14,17.85,188.16,122.14,0,1,193.59,2026-03-15 20:13
TR00003,12010,Shatabdi Express,Mumbai Central,Ahmedabad Jn,Surat,Vadodara,349.25,112.81,23.43,0.221,23.1,0,4,2.41,0.15,1.66,299.36,98.62,1,0,225.41,2026-08-05 03:45
TR00004,12951,Mumbai Rajdhani,Mumbai Central,New Delhi,Kota Jn,New Delhi,413.37,29.92,34.87,0.188,28.6,0,0,13.77,0.62,1.1,354.32,37.67,0,0,1036.79,2026-08-23 17:16
TR00005,12622,Tamil Nadu Express,New Delhi,Chennai Central,Nagpur,Vijayawada,245.5,94.84,19.97,0.107,19.4,8,4,6.64,0.065,29.99,210.43,93.28,0,0,174.17,2026-07-19 10:54
TR00006,12295,Sanghamitra Express,Bengaluru,Patna Jn,Bengaluru,Guntakal Jn,187.95,84.09,18.29,0.226,32.4,7,3,1.96,0.028,5.72,161.1,85.37,0,1,186.62,2026-03-18 10:06
TR00001,12123,Mumbai - Pune Express,Mumbai CST,Pune Jn,Kalyan,Karjat,293.04,91.19,16.29,0.211,27.9,17,6,17.74,0.052,14.52,251.17,98.35,0,0,203.36,2026-06-24 20:23
TR00002,11010,Deccan Express,Mumbai CST,Pune Jn,Dadar,Kalyan,88.66,77.59,19.84,0.161,22.1,15,4,12.15,0.291,1.4,75.99,74.81,0,0,84.03,2026-01-04 16:24
TR00003,12010,Shatabdi Express,Mumbai Central,Ahmedabad Jn,Mumbai Central,Borivali,174.17,60.65,15.03,0.115,33.2,9,4,11.49,0.169,6.89,149.29,65.16,0,0,189.34,2026-06-21 12:09
TR00004,12951,Mumbai Rajdhani,Mumbai Central,New Delhi,Mumbai Central,Surat,276.71,79.72,31.18,0.23,22.5,11,5,21.66,0.278,13.83,237.18,72.54,0,0,256.29,2026-06-06 15:16
TR00005,12622,Tamil Nadu Express,New Delhi,Chennai Central,Bhopal Jn,Nagpur,154.5,85.41,26.48,0.077,28.5,0,0,45.58,0.04,6.74,132.43,87.42,0,0,125.6,2026-08-17 02:05
TR00006,12295,Sanghamitra Express,Bengaluru,Patna Jn,Guntakal Jn,Vijayawada,715.72,73.72,30.99,0.077,21.2,16,0,16.23,0.479,26.95,613.48,78.27,0,0,689.05,2026-04-26 03:29
TR00001,12123,Mumbai - Pune Express,Mumbai CST,Pune Jn,Mumbai CST,Dadar,402.12,77.82,10.84,0.206,26.6,3,6,20.11,0.081,1.45,344.67,60.76,0,0,336.87,2026-02-15 08:36
TR00002,11010,Deccan Express,Mumbai CST,Pune Jn,Dadar,Kalyan,201.53,92.5,38.25,0.724,26.1,1,2,27.8,0.261,5.55,172.74,100.8,0,0,181.72,2026-01-24 04:01
TR00003,12010,Shatabdi Express,Mumbai Central,Ahmedabad Jn,Mumbai Central,Borivali,54.36,58.32,22.88,0.066,34.7,12,0,23.34,0.246,12.82,46.59,54.1,0,0,69.15,2026-06-17 13:09
TR00004,12951,Mumbai Rajdhani,Mumbai Central,New Delhi,Mumbai Central,Surat,212.82,99.74,17.33,0.132,17.0,8,1,22.97,0.173,5.82,182.42,94.09,0,0,148.91,2026-03-17 10:28
TR00005,12622,Tamil Nadu Express,New Delhi,Chennai Central,Bhopal Jn,Nagpur,198.03,84.2,15.79,0.175,30.2,16,1,19.87,0.173,3.19,169.74,76.4,0,0,164.58,2026-03-11 18:44
TR00006,12295,Sanghamitra Express,Bengaluru,Patna Jn,Bengaluru,Guntakal Jn,283.18,67.16,8.96,0.259,27.9,11,1,13.54,0.158,1.63,242.72,71.26,0,0,270.14,2026-03-15 15:30
TR00001,12123,Mumbai - Pune Express,Mumbai CST,Pune Jn,Lonavala,Pune Jn,96.39,90.16,25.56,0.249,20.1,5,3,40.37,0.148,9.87,82.62,104.5,0,0,79.82,2026-08-28 06:19
TR00002,11010,Deccan Express,Mumbai CST,Pune Jn,Lonavala,Pune Jn,419.74,36.35,19.96,0.107,25.5,13,3,8.31,0.144,2.23,359.78,21.11,0,1,930.74,2026-05-27 04:30
TR00003,12010,Shatabdi Express,Mumbai Central,Ahmedabad Jn,Vapi,Surat,297.02,51.28,40.24,0.152,20.9,13,6,27.03,0.328,2.98,254.59,46.55,1,0,425.24,2026-06-20 20:05
TR00004,12951,Mumbai Rajdhani,Mumbai Central,New Delhi,Mumbai Central,Surat,286.66,92.48,4.97,0.149,33.8,23,5,9.27,0.093,3.8,245.71,96.08,0,0,201.43,2026-01-07 02:21
TR00005,12622,Tamil Nadu Express,New Delhi,Chennai Central,Nagpur,Vijayawada,320.46,97.75,26.87,0.073,33.8,13,0,8.84,0.469,4.37,274.68,97.21,0,1,304.45,2026-02-18 18:04
TR00006,12295,Sanghamitra Express,Bengaluru,Patna Jn,Vijayawada,Gaya Jn,369.11,70.47,9.74,0.14,24.6,23,2,4.38,0.342,6.94,316.38,74.07,0,0,358.71,2026-04-14 04:58
TR00001,12123,Mumbai - Pune Express,Mumbai CST,Pune Jn,Lonavala,Pune Jn,159.13,55.3,3.7,0.457,27.0,10,2,4.25,0.14,5.98,136.39,55.47,0,0,196.31,2026-07-09 13:16
TR00002,11010,Deccan Express,Mumbai CST,Pune Jn,Mumbai CST,Dadar,533.59,54.26,23.56,0.04,28.6,0,6,26.77,0.22,2.94,457.36,60.25,0,1,809.53,2026-01-17 13:29
TR00003,12010,Shatabdi Express,Mumbai Central,Ahmedabad Jn,Vadodara,Ahmedabad Jn,214.15,23.36,10.43,0.046,32.0,15,5,11.7,0.427,13.59,183.56,22.92,0,0,627.52,2026-06-09 01:27
TR00004,12951,Mumbai Rajdhani,Mumbai Central,New Delhi,Surat,Vadodara,286.77,61.62,20.43,0.23,22.8,0,4,11.02,0.409,5.01,245.81,72.0,0,0,338.81,2026-06-29 05:38
TR00005,12622,Tamil Nadu Express,New Delhi,Chennai Central,Vijayawada,Chennai Central,186.35,87.36,20.32,0.363,26.3,1,4,31.02,0.418,3.8,159.73,83.92,0,0,164.28,2026-02-28 03:44
TR00006,12295,Sanghamitra Express,Bengaluru,Patna Jn,Bengaluru,Guntakal Jn,153.09,99.79,24.66,0.269,33.8,18,5,27.96,0.079,19.32,131.22,106.44,0,0,109.22,2026-07-19 19:49
TR00001,12123,Mumbai - Pune Express,Mumbai CST,Pune Jn,Dadar,Kalyan,236.46,59.42,17.28,0.197,23.1,10,4,8.91,0.497,7.97,202.68,55.13,0,0,289.9,2026-01-16 14:49
TR00002,11010,Deccan Express,Mumbai CST,Pune Jn,Mumbai CST,Dadar,209.63,65.83,38.45,0.126,28.3,17,0,37.47,0.671,9.93,179.69,83.33,0,0,255.24,2026-02-04 21:15
TR00003,12010,Shatabdi Express,Mumbai Central,Ahmedabad Jn,Vapi,Surat,342.18,40.52,9.21,0.09,33.5,13,4,11.4,0.094,3.37,293.3,43.55,0,0,533.86,2026-08-21 21:53
TR00004,12951,Mumbai Rajdhani,Mumbai Central,New Delhi,Kota Jn,New Delhi,118.93,43.25,10.5,0.373,33.1,11,1,12.01,0.128,0.73,101.94,48.02,0,0,181.74,2026-04-25 14:01
TR00005,12622,Tamil Nadu Express,New Delhi,Chennai Central,Nagpur,Vijayawada,115.25,58.15,7.75,0.217,23.3,2,3,7.81,0.19,4.42,98.79,47.85,0,0,136.21,2026-07-15 04:16
TR00006,12295,Sanghamitra Express,Bengaluru,Patna Jn,Bengaluru,Guntakal Jn,146.85,96.04,20.08,0.102,35.2,18,5,18.66,0.237,16.14,125.87,101.62,0,0,108.78,2026-05-13 19:48
TR00001,12123,Mumbai - Pune Express,Mumbai CST,Pune Jn,Karjat,Lonavala,255.57,100.4,25.71,0.327,30.1,18,3,6.74,0.344,25.24,219.06,97.11,0,0,189.64,2026-05-05 21:09
TR00002,11010,Deccan Express,Mumbai CST,Pune Jn,Kalyan,Lonavala,199.37,64.02,13.16,0.296,32.7,22,3,15.35,0.105,18.86,170.89,68.01,0,0,201.37,2026-02-13 01:21
TR00003,12010,Shatabdi Express,Mumbai Central,Ahmedabad Jn,Vadodara,Ahmedabad Jn,228.12,49.0,5.88,0.045,17.9,19,5,5.44,0.293,4.68,195.53,60.44,0,0,305.96,2026-08-02 00:05
TR00004,12951,Mumbai Rajdhani,Mumbai Central,New Delhi,Mumbai Central,Surat,150.42,46.5,14.64,0.431,21.3,0,5,3.79,0.266,8.94,128.93,53.85,0,0,231.43,2026-03-01 03:51
TR00005,12622,Tamil Nadu Express,New Delhi,Chennai Central,Bhopal Jn,Nagpur,160.81,59.24,34.94,0.333,29.0,14,4,9.16,0.454,10.96,137.84,65.42,1,0,230.26,2026-06-15 17:50
TR00006,12295,Sanghamitra Express,Bengaluru,Patna Jn,Gaya Jn,Patna Jn,307.35,52.56,33.99,0.431,30.1,8,3,18.45,0.416,16.73,263.44,51.77,0,0,442.98,2026-05-02 15:22
TR00001,12123,Mumbai - Pune Express,Mumbai CST,Pune Jn,Mumbai CST,Dadar,272.61,69.44,8.85,0.356,30.0,11,4,12.07,0.065,14.97,233.66,68.22,0,0,261.85,2026-07-16 15:21
TR00002,11010,Deccan Express,Mumbai CST,Pune Jn,Dadar,Kalyan,91.42,130.0,27.37,0.272,22.1,21,2,16.52,0.375,9.28,78.36,111.43,0,0,60.94,2026-07-02 22:00
TR00003,12010,Shatabdi Express,Mumbai Central,Ahmedabad Jn,Surat,Vadodara,329.94,86.76,21.19,0.137,28.2,0,1,9.19,0.511,16.87,282.81,92.4,0,0,270.68,2026-05-07 04:30
TR00004,12951,Mumbai Rajdhani,Mumbai Central,New Delhi,Mumbai Central,Surat,274.39,73.39,21.89,0.208,17.8,6,3,4.34,0.24,18.63,235.19,73.17,0,0,259.92,2026-04-20 10:19
TR00005,12622,Tamil Nadu Express,New Delhi,Chennai Central,Nagpur,Vijayawada,317.95,60.98,4.57,0.139,27.5,18,3,8.63,0.09,9.47,272.53,64.65,0,0,330.79,2026-05-04 23:30
TR00006,12295,Sanghamitra Express,Bengaluru,Patna Jn,Vijayawada,Gaya Jn,381.19,53.76,8.28,0.058,44.2,10,5,5.57,0.139,1.15,326.74,52.3,0,0,451.55,2026-06-21 17:31
TR00001,12123,Mumbai - Pune Express,Mumbai CST,Pune Jn,Kalyan,Karjat,224.19,45.42,5.78,0.094,32.8,0,4,5.7,0.088,11.23,192.16,49.85,0,0,311.53,2026-08-23 05:11
TR00002,11010,Deccan Express,Mumbai CST,Pune Jn,Kalyan,Lonavala,306.13,89.13,22.37,0.45,26.6,5,3,19.2,0.372,0.86,262.4,103.85,0,0,257.04,2026-04-20 09:17
TR00003,12010,Shatabdi Express,Mumbai Central,Ahmedabad Jn,Surat,Vadodara,75.85,76.41,16.81,0.06,24.4,10,0,9.01,0.582,5.45,65.01,78.33,0,0,78.27,2026-04-10 11:18
TR00004,12951,Mumbai Rajdhani,Mumbai Central,New Delhi,Kota Jn,New Delhi,564.61,54.88,10.99,0.396,23.9,23,4,8.14,0.142,2.05,483.95,53.02,0,0,690.63,2026-06-21 10:30
TR00005,12622,Tamil Nadu Express,New Delhi,Chennai Central,Bhopal Jn,Nagpur,148.3,69.84,12.82,0.029,35.3,1,0,12.58,0.574,1.5,127.12,71.8,0,0,157.34,2026-03-28 03:37
TR00006,12295,Sanghamitra Express,Bengaluru,Patna Jn,Gaya Jn,Patna Jn,236.36,101.17,9.88,0.117,15.0,16,2,8.7,0.307,10.19,202.6,106.88,0,0,158.67,2026-07-07 18:38
TR00001,12123,Mumbai - Pune Express,Mumbai CST,Pune Jn,Karjat,Lonavala,163.8,60.09,31.73,0.391,26.2,3,1,6.83,0.485,14.48,140.4,53.5,0,0,215.55,2026-07-30 06:35
TR00002,11010,Deccan Express,Mumbai CST,Pune Jn,Mumbai CST,Dadar,60.54,83.18,24.97,0.214,33.1,21,1,10.22,0.403,25.96,51.89,83.48,0,0,64.44,2026-02-24 22:04
TR00003,12010,Shatabdi Express,Mumbai Central,Ahmedabad Jn,Vapi,Surat,141.79,76.85,24.65,0.273,30.4,2,2,26.51,0.07,6.61,121.53,74.96,0,0,134.44,2026-01-29 04:14
TR00004,12951,Mumbai Rajdhani,Mumbai Central,New Delhi,Surat,Vadodara,458.86,76.09,41.32,0.021,26.3,3,5,7.63,0.647,3.4,393.31,89.37,1,0,470.82,2026-06-22 10:50
TR00005,12622,Tamil Nadu Express,New Delhi,Chennai Central,New Delhi,Bhopal Jn,57.28,88.67,32.09,0.442,21.1,18,0,41.01,0.342,10.46,49.1,104.96,0,0,64.44,2026-07-07 19:04
TR00006,12295,Sanghamitra Express,Bengaluru,Patna Jn,Vijayawada,Gaya Jn,155.07,89.77,34.6,0.066,22.0,21,2,36.7,0.344,7.2,132.92,98.68,0,1,161.02,2026-01-16 23:41
TR00001,12123,Mumbai - Pune Express,Mumbai CST,Pune Jn,Karjat,Lonavala,333.78,106.32,4.82,0.117,38.0,20,4,4.18,0.11,7.02,286.09,108.23,0,0,199.05,2026-07-30 23:19
TR00002,11010,Deccan Express,Mumbai CST,Pune Jn,Lonavala,Pune Jn,245.92,80.98,16.93,0.349,17.8,21,4,5.03,0.079,50.72,210.79,76.85,0,0,213.24,2026-03-27 00:33
TR00003,12010,Shatabdi Express,Mumbai Central,Ahmedabad Jn,Vadodara,Ahmedabad Jn,262.13,68.16,28.52,0.137,33.2,14,1,4.24,0.871,20.98,224.69,64.5,0,0,315.73,2026-02-16 19:15
TR00004,12951,Mumbai Rajdhani,Mumbai Central,New Delhi,Surat,Vadodara,84.21,80.07,16.22,0.363,32.1,3,3,20.86,0.166,13.44,72.18,73.4,0,0,75.2,2026-02-11 04:15
TR00005,12622,Tamil Nadu Express,New Delhi,Chennai Central,New Delhi,Bhopal Jn,285.29,63.91,2.29,0.076,26.3,21,3,6.91,0.261,1.02,244.53,77.23,0,0,290.06,2026-03-13 01:50
TR00006,12295,Sanghamitra Express,Bengaluru,Patna Jn,Guntakal Jn,Vijayawada,270.3,71.55,19.83,0.07,21.6,23,0,8.74,0.388,0.9,231.69,89.24,0,0,263.34,2026-07-17 03:23
TR00001,12123,Mumbai - Pune Express,Mumbai CST,Pune Jn,Lonavala,Pune Jn,130.72,41.28,15.54,0.164,33.7,2,3,7.0,0.207,11.93,112.04,34.3,0,0,212.28,2026-03-22 05:32
TR00002,11010,Deccan Express,Mumbai CST,Pune Jn,Dadar,Kalyan,209.39,62.6,12.4,0.063,27.7,18,0,9.59,0.547,4.61,179.48,54.52,0,0,241.52,2026-04-29 22:01
TR00003,12010,Shatabdi Express,Mumbai Central,Ahmedabad Jn,Borivali,Vapi,93.33,91.81,22.78,0.241,40.4,9,6,7.14,0.346,18.31,80.0,94.31,0,0,80.09,2026-06-17 10:20
TR00004,12951,Mumbai Rajdhani,Mumbai Central,New Delhi,Kota Jn,New Delhi,87.86,77.31,12.74,0.222,25.9,4,2,13.99,0.029,10.99,75.31,67.45,0,0,74.2,2026-04-27 05:14
TR00005,12622,Tamil Nadu Express,New Delhi,Chennai Central,Bhopal Jn,Nagpur,380.72,99.86,25.14,0.171,29.6,23,3,12.0,0.545,0.74,326.33,96.52,0,0,289.1,2026-05-26 03:49
TR00006,12295,Sanghamitra Express,Bengaluru,Patna Jn,Gaya Jn,Patna Jn,161.4,106.76,25.5,0.145,26.8,20,6,26.97,0.477,20.95,138.34,97.17,0,0,123.59,2026-01-27 22:03
TR00001,12123,Mumbai - Pune Express,Mumbai CST,Pune Jn,Kalyan,Karjat,193.16,44.73,19.52,0.282,34.6,4,0,19.21,0.304,8.21,165.56,32.18,0,0,313.13,2026-06-09 09:13
TR00002,11010,Deccan Express,Mumbai CST,Pune Jn,Lonavala,Pune Jn,105.82,113.93,15.12,0.142,34.2,2,6,11.24,0.328,2.38,90.7,106.89,0,0,64.23,2026-01-31 03:04
TR00003,12010,Shatabdi Express,Mumbai Central,Ahmedabad Jn,Borivali,Vapi,265.39,55.12,6.36,0.351,32.6,12,0,8.73,0.23,0.42,227.48,55.9,0,0,326.87,2026-07-17 17:26
TR00004,12951,Mumbai Rajdhani,Mumbai Central,New Delhi,Mumbai Central,Surat,211.16,48.81,11.46,0.16,22.7,11,2,6.3,0.287,16.1,181.0,58.17,0,0,296.68,2026-03-25 15:56
TR00005,12622,Tamil Nadu Express,New Delhi,Chennai Central,Nagpur,Vijayawada,236.65,61.62,13.74,0.104,35.5,15,3,15.22,0.137,10.44,202.85,70.08,0,0,242.69,2026-04-16 19:02
TR00006,12295,Sanghamitra Express,Bengaluru,Patna Jn,Gaya Jn,Patna Jn,161.8,49.81,29.24,0.497,18.5,9,4,19.03,0.519,12.56,138.68,52.49,0,0,264.12,2026-03-05 13:24
TR00001,12123,Mumbai - Pune Express,Mumbai CST,Pune Jn,Lonavala,Pune Jn,397.0,72.19,17.18,0.111,32.9,12,5,1.52,0.335,30.95,340.29,81.91,0,0,372.84,2026-03-16 18:12
TR00002,11010,Deccan Express,Mumbai CST,Pune Jn,Kalyan,Lonavala,293.52,48.08,34.55,0.138,21.6,10,2,39.57,0.64,5.97,251.59,50.33,0,0,475.37,2026-04-12 17:55
TR00003,12010,Shatabdi Express,Mumbai Central,Ahmedabad Jn,Mumbai Central,Borivali,117.65,57.58,28.89,0.247,29.2,2,1,23.62,0.465,6.6,100.85,58.19,0,0,158.85,2026-08-13 04:38
TR00004,12951,Mumbai Rajdhani,Mumbai Central,New Delhi,Surat,Vadodara,266.34,115.53,32.35,0.345,28.4,5,4,20.21,0.311,19.07,228.3,109.18,0,0,179.43,2026-03-19 07:59
TR00005,12622,Tamil Nadu Express,New Delhi,Chennai Central,New Delhi,Bhopal Jn,266.17,77.4,30.72,0.07,22.2,8,3,42.46,0.212,19.5,228.15,81.72,0,0,232.74,2026-08-20 11:52
TR00006,12295,Sanghamitra Express,Bengaluru,Patna Jn,Bengaluru,Guntakal Jn,433.74,68.11,34.3,0.147,34.0,18,3,4.48,0.5,11.38,371.77,74.18,1,0,478.88,2026-03-07 01:58
TR00001,12123,Mumbai - Pune Express,Mumbai CST,Pune Jn,Kalyan,Karjat,663.19,79.48,10.26,0.143,33.6,10,2,2.24,0.349,13.03,568.45,83.68,0,0,570.85,2026-05-11 19:30
TR00002,11010,Deccan Express,Mumbai CST,Pune Jn,Lonavala,Pune Jn,108.17,96.47,24.73,0.165,20.4,5,3,21.39,0.256,5.25,92.71,97.31,0,0,87.38,2026-05-23 06:27
TR00003,12010,Shatabdi Express,Mumbai Central,Ahmedabad Jn,Borivali,Vapi,270.26,76.47,9.02,0.355,19.9,14,1,7.54,0.429,1.2,231.65,75.46,0,0,259.99,2026-05-29 18:19
TR00004,12951,Mumbai Rajdhani,Mumbai Central,New Delhi,Vadodara,Kota Jn,272.44,56.85,15.66,0.105,23.6,19,1,16.24,0.487,8.39,233.52,46.36,0,0,338.29,2026-05-25 00:38
TR00005,12622,Tamil Nadu Express,New Delhi,Chennai Central,Nagpur,Vijayawada,552.8,65.78,12.19,0.077,27.0,10,3,13.82,0.196,2.82,473.82,55.61,0,0,535.16,2026-07-01 18:55
TR00006,12295,Sanghamitra Express,Bengaluru,Patna Jn,Gaya Jn,Patna Jn,161.44,116.36,21.57,0.533,28.0,17,4,10.93,0.289,23.63,138.38,103.72,0,0,106.33,2026-08-01 18:46
TR00001,12123,Mumbai - Pune Express,Mumbai CST,Pune Jn,Lonavala,Pune Jn,180.47,42.93,30.9,0.211,19.5,16,6,7.77,0.54,7.23,154.69,32.06,0,0,315.7,2026-01-19 21:15
TR00002,11010,Deccan Express,Mumbai CST,Pune Jn,Lonavala,Pune Jn,158.73,103.78,21.44,0.256,30.0,21,1,2.61,0.401,1.98,136.06,96.55,0,0,116.91,2026-04-25 22:56
TR00003,12010,Shatabdi Express,Mumbai Central,Ahmedabad Jn,Borivali,Vapi,109.18,99.14,17.74,0.1,22.5,12,2,11.18,0.476,3.74,93.58,103.37,0,0,85.39,2026-05-02 13:25
TR00004,12951,Mumbai Rajdhani,Mumbai Central,New Delhi,Mumbai Central,Surat,411.28,89.25,21.69,0.481,16.1,2,5,8.94,0.267,13.34,352.52,92.73,0,0,327.64,2026-01-11 07:27
TR00005,12622,Tamil Nadu Express,New Delhi,Chennai Central,New Delhi,Bhopal Jn,187.67,75.21,25.53,0.507,29.4,16,4,5.52,0.238,1.85,160.86,63.81,0,0,184.87,2026-04-03 19:04
TR00006,12295,Sanghamitra Express,Bengaluru,Patna Jn,Bengaluru,Guntakal Jn,397.59,82.36,24.73,0.164,29.3,16,4,10.59,0.69,13.53,340.79,89.94,0,0,368.72,2026-03-24 22:08
TR00001,12123,Mumbai - Pune Express,Mumbai CST,Pune Jn,Karjat,Lonavala,252.72,101.39,18.13,0.165,29.4,20,6,17.8,0.153,14.53,216.62,99.04,0,0,167.42,2026-07-25 22:47
TR00002,11010,Deccan Express,Mumbai CST,Pune Jn,Mumbai CST,Dadar,179.52,119.38,31.91,0.141,36.1,19,3,15.81,0.597,7.48,153.87,128.24,0,0,121.32,2026-01-20 21:01
TR00003,12010,Shatabdi Express,Mumbai Central,Ahmedabad Jn,Mumbai Central,Borivali,167.23,99.28,9.79,0.178,15.4,21,3,10.86,0.145,6.54,143.34,100.06,0,0,112.4,2026-06-06 22:52
TR00004,12951,Mumbai Rajdhani,Mumbai Central,New Delhi,Vadodara,Kota Jn,221.25,55.19,24.07,0.178,32.8,20,2,8.29,0.321,2.36,189.64,56.77,0,0,284.31,2026-05-01 00:44
TR00005,12622,Tamil Nadu Express,New Delhi,Chennai Central,Nagpur,Vijayawada,514.93,76.39,20.42,0.215,26.7,1,4,3.11,0.261,4.41,441.37,65.36,0,0,456.97,2026-03-01 08:36
TR00006,12295,Sanghamitra Express,Bengaluru,Patna Jn,Vijayawada,Gaya Jn,260.94,88.95,13.07,0.225,27.0,16,4,2.08,0.246,14.8,223.67,85.75,0,0,202.33,2026-04-11 19:22
TR00001,12123,Mumbai - Pune Express,Mumbai CST,Pune Jn,Karjat,Lonavala,115.73,71.8,7.66,0.159,18.2,20,3,13.97,0.135,1.31,99.2,79.52,0,0,111.05,2026-03-08 21:51
TR00002,11010,Deccan Express,Mumbai CST,Pune Jn,Lonavala,Pune Jn,255.63,20.0,18.31,0.151,33.2,15,0,18.66,0.097,4.97,219.11,20.0,0,0,816.69,2026-07-21 04:36
TR00003,12010,Shatabdi Express,Mumbai Central,Ahmedabad Jn,Surat,Vadodara,307.07,109.96,47.38,0.092,20.6,12,4,11.56,0.484,15.57,263.2,110.83,0,1,282.21,2026-03-06 16:42
TR00004,12951,Mumbai Rajdhani,Mumbai Central,New Delhi,Kota Jn,New Delhi,253.3,76.39,19.31,0.172,21.5,10,5,2.9,0.46,3.91,217.11,71.74,0,0,244.32,2026-05-29 14:04
TR00005,12622,Tamil Nadu Express,New Delhi,Chennai Central,Vijayawada,Chennai Central,424.46,55.39,13.64,0.05,25.3,14,1,2.68,0.585,7.48,363.82,66.51,0,0,550.46,2026-01-19 23:10
TR00006,12295,Sanghamitra Express,Bengaluru,Patna Jn,Guntakal Jn,Vijayawada,142.34,74.16,9.84,0.03,30.6,4,5,4.5,0.092,4.31,122.0,71.41,0,0,124.49,2026-05-23 06:04
TR00001,12123,Mumbai - Pune Express,Mumbai CST,Pune Jn,Karjat,Lonavala,245.8,86.65,13.31,0.19,29.5,14,6,11.89,0.123,7.72,210.69,91.37,0,0,183.61,2026-04-26 17:03
TR00002,11010,Deccan Express,Mumbai CST,Pune Jn,Mumbai CST,Dadar,95.27,73.74,1.82,0.105,36.9,2,5,7.11,0.03,13.28,81.66,69.53,0,0,77.79,2026-02-09 03:17
TR00003,12010,Shatabdi Express,Mumbai Central,Ahmedabad Jn,Vadodara,Ahmedabad Jn,248.16,73.0,8.68,0.074,37.3,21,5,1.68,0.4,11.59,212.71,75.4,0,0,235.76,2026-02-22 00:55
TR00004,12951,Mumbai Rajdhani,Mumbai Central,New Delhi,Surat,Vadodara,406.62,56.85,8.67,0.214,28.3,11,4,2.06,0.411,19.11,348.53,49.39,0,0,497.83,2026-04-28 19:17
TR00005,12622,Tamil Nadu Express,New Delhi,Chennai Central,New Delhi,Bhopal Jn,233.84,64.45,8.41,0.174,27.1,5,3,11.94,0.241,2.53,200.44,73.19,0,0,240.42,2026-06-29 09:00
TR00006,12295,Sanghamitra Express,Bengaluru,Patna Jn,Bengaluru,Guntakal Jn,326.73,77.04,6.4,0.048,34.6,3,1,6.89,0.229,2.73,280.06,76.47,0,0,276.61,2026-07-25 07:36
TR00001,12123,Mumbai - Pune Express,Mumbai CST,Pune Jn,Kalyan,Karjat,180.1,75.54,15.77,0.095,26.4,1,3,6.15,0.358,3.84,154.37,73.77,0,0,167.7,2026-03-23 03:47
TR00002,11010,Deccan Express,Mumbai CST,Pune Jn,Mumbai CST,Dadar,55.57,59.0,17.37,0.285,16.0,5,2,25.07,0.01,9.66,47.64,71.85,0,0,74.65,2026-01-15 06:14
TR00003,12010,Shatabdi Express,Mumbai Central,Ahmedabad Jn,Surat,Vadodara,241.9,78.07,26.42,0.08,21.3,22,1,9.93,0.326,7.08,207.35,81.01,0,0,219.33,2026-07-24 01:39
TR00004,12951,Mumbai Rajdhani,Mumbai Central,New Delhi,Vadodara,Kota Jn,309.65,79.1,12.38,0.095,18.2,23,5,3.39,0.517,14.69,265.41,68.03,0,0,279.33,2026-08-18 03:39
TR00005,12622,Tamil Nadu Express,New Delhi,Chennai Central,Nagpur,Vijayawada,257.2,79.07,12.45,0.458,29.0,7,0,3.97,0.243,2.04,220.45,83.35,0,0,226.73,2026-04-24 10:46
TR00006,12295,Sanghamitra Express,Bengaluru,Patna Jn,Vijayawada,Gaya Jn,347.83,93.67,15.51,0.087,30.8,10,5,7.29,0.289,12.73,298.14,86.48,0,1,317.77,2026-02-25 15:17
TR00001,12123,Mumbai - Pune Express,Mumbai CST,Pune Jn,Mumbai CST,Dadar,230.5,89.89,10.37,0.269,26.7,3,3,7.3,0.062,6.61,197.57,101.48,0,0,168.86,2026-06-22 05:48
TR00002,11010,Deccan Express,Mumbai CST,Pune Jn,Dadar,Kalyan,274.27,60.37,30.34,0.438,34.0,5,0,20.25,0.411,8.69,235.09,49.1,0,0,349.96,2026-01-24 10:49
TR00003,12010,Shatabdi Express,Mumbai Central,Ahmedabad Jn,Surat,Vadodara,99.77,58.46,22.97,0.04,21.2,7,1,21.03,0.437,2.65,85.52,79.94,0,0,126.83,2026-03-23 09:06
TR00004,12951,Mumbai Rajdhani,Mumbai Central,New Delhi,Vadodara,Kota Jn,98.94,89.95,33.02,0.222,27.0,9,1,8.74,0.194,2.07,84.8,88.15,1,0,95.36,2026-06-16 10:35
TR00005,12622,Tamil Nadu Express,New Delhi,Chennai Central,Nagpur,Vijayawada,212.11,60.2,36.56,0.226,34.3,14,1,28.06,0.406,6.62,181.81,58.07,0,1,343.15,2026-06-01 19:43
TR00006,12295,Sanghamitra Express,Bengaluru,Patna Jn,Guntakal Jn,Vijayawada,134.84,70.46,28.09,0.17,33.6,22,6,12.17,0.332,8.79,115.58,73.11,0,0,143.21,2026-05-09 00:23
TR00001,12123,Mumbai - Pune Express,Mumbai CST,Pune Jn,Kalyan,Karjat,273.02,78.99,35.33,0.097,22.2,8,5,10.15,0.3,3.23,234.02,85.55,1,0,255.92,2026-02-23 12:15
TR00002,11010,Deccan Express,Mumbai CST,Pune Jn,Mumbai CST,Dadar,205.23,84.38,32.41,0.199,28.5,5,0,10.73,0.123,10.06,175.91,87.66,0,1,212.51,2026-03-05 08:32
TR00003,12010,Shatabdi Express,Mumbai Central,Ahmedabad Jn,Vadodara,Ahmedabad Jn,337.1,100.26,19.79,0.075,25.8,19,3,34.17,0.396,5.99,288.94,98.84,0,0,235.71,2026-04-19 22:55
TR00004,12951,Mumbai Rajdhani,Mumbai Central,New Delhi,Surat,Vadodara,482.26,87.23,19.33,0.037,23.0,8,6,12.43,0.366,6.52,413.37,84.39,0,0,373.94,2026-03-11 14:13
TR00005,12622,Tamil Nadu Express,New Delhi,Chennai Central,New Delhi,Bhopal Jn,77.32,76.98,13.72,0.338,30.7,4,2,6.07,0.268,0.44,66.27,82.96,0,0,72.63,2026-03-19 05:12
TR00006,12295,Sanghamitra Express,Bengaluru,Patna Jn,Guntakal Jn,Vijayawada,263.37,59.58,34.45,0.271,21.1,6,5,10.9,0.412,8.11,225.75,70.37,0,0,324.96,2026-07-22 11:24
TR00001,12123,Mumbai - Pune Express,Mumbai CST,Pune Jn,Karjat,Lonavala,201.43,57.23,30.82,0.203,19.0,8,6,32.72,0.576,10.06,172.66,63.12,0,0,274.89,2026-04-05 12:34
TR00002,11010,Deccan Express,Mumbai CST,Pune Jn,Mumbai CST,Dadar,222.81,52.95,6.49,0.149,32.9,19,1,13.94,0.092,2.89,190.98,73.67,0,0,262.71,2026-04-13 23:22
TR00003,12010,Shatabdi Express,Mumbai Central,Ahmedabad Jn,Vapi,Surat,195.73,68.81,13.45,0.175,32.8,10,2,43.45,0.094,6.77,167.77,56.92,0,0,179.42,2026-01-02 12:59
TR00004,12951,Mumbai Rajdhani,Mumbai Central,New Delhi,Surat,Vadodara,84.95,58.93,26.05,0.411,27.2,23,0,10.02,0.713,3.87,72.81,51.49,0,0,132.47,2026-04-03 01:12
TR00005,12622,Tamil Nadu Express,New Delhi,Chennai Central,Nagpur,Vijayawada,313.64,80.39,19.4,0.111,14.6,23,0,11.34,0.16,21.51,268.84,80.41,0,0,262.32,2026-04-30 03:22
TR00006,12295,Sanghamitra Express,Bengaluru,Patna Jn,Guntakal Jn,Vijayawada,228.73,66.97,20.58,0.224,31.3,8,1,18.35,0.037,4.59,196.05,78.79,0,0,221.72,2026-04-02 11:41
TR00001,12123,Mumbai - Pune Express,Mumbai CST,Pune Jn,Karjat,Lonavala,138.99,62.05,24.28,0.271,30.7,3,1,7.66,0.584,1.92,119.13,51.0,0,0,180.54,2026-04-03 06:00
TR00002,11010,Deccan Express,Mumbai CST,Pune Jn,Mumbai CST,Dadar,190.35,87.14,11.91,0.113,24.0,8,4,4.5,0.067,8.2,163.16,88.44,0,0,142.88,2026-01-07 10:22
TR00003,12010,Shatabdi Express,Mumbai Central,Ahmedabad Jn,Vapi,Surat,187.99,77.7,22.5,0.119,20.6,19,0,7.64,0.234,9.95,161.14,92.84,0,0,169.51,2026-04-23 21:49
TR00004,12951,Mumbai Rajdhani,Mumbai Central,New Delhi,Vadodara,Kota Jn,127.34,103.12,37.79,0.055,23.5,11,0,33.97,0.542,7.77,109.14,98.72,0,1,133.45,2026-03-27 13:13
TR00005,12622,Tamil Nadu Express,New Delhi,Chennai Central,Bhopal Jn,Nagpur,198.93,68.01,16.26,0.148,21.6,10,2,10.94,0.393,3.86,170.51,77.35,0,0,204.34,2026-05-27 13:24
TR00006,12295,Sanghamitra Express,Bengaluru,Patna Jn,Bengaluru,Guntakal Jn,23.26,98.26,21.96,0.49,27.8,4,2,1.5,0.455,11.41,19.94,98.72,0,0,28.11,2026-03-17 04:28
TR00001,12123,Mumbai - Pune Express,Mumbai CST,Pune Jn,Kalyan,Karjat,152.51,100.56,17.02,0.099,20.3,0,4,11.57,0.27,12.52,130.72,88.23,0,0,104.64,2026-02-17 01:44
TR00002,11010,Deccan Express,Mumbai CST,Pune Jn,Mumbai CST,Dadar,288.97,39.65,23.39,0.3,29.4,14,2,36.54,0.251,7.39,247.69,36.66,0,0,503.1,2026-06-07 22:23
TR00003,12010,Shatabdi Express,Mumbai Central,Ahmedabad Jn,Vadodara,Ahmedabad Jn,237.08,88.68,28.97,0.238,24.1,23,0,26.82,0.452,7.91,203.21,91.08,0,1,262.69,2026-03-14 03:22
TR00004,12951,Mumbai Rajdhani,Mumbai Central,New Delhi,Mumbai Central,Surat,174.41,58.92,34.38,0.088,43.2,14,0,5.53,0.363,4.67,149.49,64.15,1,0,228.5,2026-06-18 17:48
TR00005,12622,Tamil Nadu Express,New Delhi,Chennai Central,New Delhi,Bhopal Jn,75.38,69.37,24.81,0.126,26.3,14,5,23.04,0.452,7.35,64.61,64.27,0,0,88.39,2026-01-06 15:28
TR00006,12295,Sanghamitra Express,Bengaluru,Patna Jn,Gaya Jn,Patna Jn,265.4,89.99,22.9,0.577,24.7,12,2,8.01,0.31,3.83,227.48,101.19,0,0,232.18,2026-06-08 15:52
TR00001,12123,Mumbai - Pune Express,Mumbai CST,Pune Jn,Mumbai CST,Dadar,262.28,80.65,32.76,0.241,42.1,1,2,17.46,0.74,11.11,224.81,80.33,0,0,258.31,2026-02-17 05:18
TR00002,11010,Deccan Express,Mumbai CST,Pune Jn,Dadar,Kalyan,223.3,110.79,21.39,0.325,35.1,12,4,6.32,0.388,10.97,191.4,117.2,0,0,152.84,2026-07-18 14:32
TR00003,12010,Shatabdi Express,Mumbai Central,Ahmedabad Jn,Borivali,Vapi,119.39,76.15,37.83,0.105,31.5,7,6,41.7,0.348,5.29,102.33,94.24,1,0,142.65,2026-05-21 09:22
TR00004,12951,Mumbai Rajdhani,Mumbai Central,New Delhi,Vadodara,Kota Jn,456.17,75.41,19.33,0.233,26.5,15,6,14.23,0.282,5.44,391.01,83.49,0,0,412.35,2026-02-05 21:52
TR00005,12622,Tamil Nadu Express,New Delhi,Chennai Central,Vijayawada,Chennai Central,533.62,77.5,19.11,0.066,24.3,9,1,21.49,0.436,14.62,457.39,77.12,0,0,473.47,2026-02-02 16:53
TR00006,12295,Sanghamitra Express,Bengaluru,Patna Jn,Guntakal Jn,Vijayawada,143.49,53.85,12.69,0.101,16.6,8,6,21.93,0.085,14.19,122.99,62.34,0,0,171.86,2026-05-24 10:51
TR00001,12123,Mumbai - Pune Express,Mumbai CST,Pune Jn,Lonavala,Pune Jn,88.38,91.4,18.52,0.335,30.7,21,0,20.28,0.268,3.02,75.75,80.18,0,0,69.72,2026-01-15 22:09
TR00002,11010,Deccan Express,Mumbai CST,Pune Jn,Dadar,Kalyan,221.55,100.17,28.12,0.369,30.5,19,6,22.66,0.311,19.31,189.9,95.8,0,0,166.3,2026-07-18 21:46
TR00003,12010,Shatabdi Express,Mumbai Central,Ahmedabad Jn,Vadodara,Ahmedabad Jn,95.55,81.3,37.78,0.569,8.0,23,6,23.22,0.343,1.22,81.9,86.83,0,1,134.91,2026-05-30 01:14
TR00004,12951,Mumbai Rajdhani,Mumbai Central,New Delhi,Kota Jn,New Delhi,329.62,47.84,26.67,0.072,48.0,22,6,49.04,0.11,2.23,282.53,54.55,0,0,445.58,2026-01-13 05:25
TR00005,12622,Tamil Nadu Express,New Delhi,Chennai Central,Bhopal Jn,Nagpur,110.74,78.87,9.56,0.068,35.3,18,5,1.83,0.049,3.54,94.92,87.39,0,0,97.29,2026-07-02 19:37
TR00006,12295,Sanghamitra Express,Bengaluru,Patna Jn,Guntakal Jn,Vijayawada,58.72,35.22,16.88,0.34,36.4,11,3,6.71,0.416,15.17,50.33,23.71,0,0,125.86,2026-07-30 13:05
TR00001,12123,Mumbai - Pune Express,Mumbai CST,Pune Jn,Mumbai CST,Dadar,242.03,123.88,25.68,0.177,12.8,4,3,35.11,0.055,11.12,207.46,130.0,0,1,177.66,2026-02-22 06:57
TR00002,11010,Deccan Express,Mumbai CST,Pune Jn,Kalyan,Lonavala,52.0,59.16,13.54,0.32,25.5,12,0,13.72,0.512,0.21,44.57,44.99,0,0,72.49,2026-06-03 13:12
TR00003,12010,Shatabdi Express,Mumbai Central,Ahmedabad Jn,Surat,Vadodara,191.63,60.57,20.34,0.184,22.6,0,4,14.07,0.248,4.29,164.25,67.57,0,0,224.12,2026-05-24 03:44
TR00004,12951,Mumbai Rajdhani,Mumbai Central,New Delhi,Vadodara,Kota Jn,187.05,88.92,9.53,0.184,38.5,12,0,13.57,0.154,8.42,160.33,106.24,0,0,144.54,2026-06-08 14:24
TR00005,12622,Tamil Nadu Express,New Delhi,Chennai Central,Bhopal Jn,Nagpur,89.98,62.97,45.52,0.308,32.9,3,4,14.72,0.476,1.16,77.13,65.88,1,0,134.06,2026-07-26 05:14
TR00006,12295,Sanghamitra Express,Bengaluru,Patna Jn,Vijayawada,Gaya Jn,143.29,61.92,20.11,0.458,30.3,18,5,17.38,0.209,11.16,122.82,66.14,0,0,171.12,2026-05-04 20:51
TR00001,12123,Mumbai - Pune Express,Mumbai CST,Pune Jn,Mumbai CST,Dadar,182.43,79.51,20.6,0.101,24.7,2,5,13.78,0.168,1.62,156.36,86.34,0,0,155.67,2026-03-31 04:35
TR00002,11010,Deccan Express,Mumbai CST,Pune Jn,Lonavala,Pune Jn,217.22,64.96,12.67,0.077,46.4,4,0,26.6,0.01,3.37,186.19,73.11,0,0,211.19,2026-04-19 07:31
TR00003,12010,Shatabdi Express,Mumbai Central,Ahmedabad Jn,Borivali,Vapi,304.3,73.59,23.22,0.083,42.3,8,4,13.64,0.383,3.9,260.83,72.6,0,0,291.03,2026-03-26 12:51
TR00004,12951,Mumbai Rajdhani,Mumbai Central,New Delhi,Surat,Vadodara,237.43,78.8,20.97,0.139,21.6,18,6,33.07,0.33,8.7,203.51,79.19,0,0,216.65,2026-04-20 21:36
TR00005,12622,Tamil Nadu Express,New Delhi,Chennai Central,Nagpur,Vijayawada,138.93,75.82,15.42,0.079,22.7,7,6,19.85,0.17,6.42,119.08,88.34,0,0,123.56,2026-05-13 09:03
TR00006,12295,Sanghamitra Express,Bengaluru,Patna Jn,Guntakal Jn,Vijayawada,81.95,50.78,22.7,0.307,34.3,8,5,12.99,0.446,5.6,70.24,59.9,0,0,122.61,2026-08-22 10:02
TR00001,12123,Mumbai - Pune Express,Mumbai CST,Pune Jn,Karjat,Lonavala,524.28,98.07,13.12,0.17,26.7,20,3,3.02,0.163,20.29,449.38,90.19,0,0,345.91,2026-08-16 01:45
TR00002,11010,Deccan Express,Mumbai CST,Pune Jn,Mumbai CST,Dadar,203.0,74.74,28.06,0.428,20.7,23,6,19.68,0.422,9.22,174.0,69.05,0,0,209.64,2026-06-21 02:29
TR00003,12010,Shatabdi Express,Mumbai Central,Ahmedabad Jn,Borivali,Vapi,316.38,85.09,19.59,0.318,16.2,10,1,42.9,0.217,6.85,271.18,73.69,0,0,263.5,2026-05-06 14:23
TR00004,12951,Mumbai Rajdhani,Mumbai Central,New Delhi,Vadodara,Kota Jn,167.45,58.85,24.41,0.045,24.5,21,1,20.81,0.229,2.82,143.53,56.94,0,1,240.12,2026-01-13 01:00
TR00005,12622,Tamil Nadu Express,New Delhi,Chennai Central,Vijayawada,Chennai Central,238.2,75.66,21.74,0.031,23.7,2,5,15.39,0.269,27.17,204.17,68.29,0,0,214.32,2026-04-21 05:34
TR00006,12295,Sanghamitra Express,Bengaluru,Patna Jn,Gaya Jn,Patna Jn,255.05,105.35,37.26,0.208,38.5,16,3,19.76,0.429,17.5,218.61,106.74,0,0,191.61,2026-02-28 19:11
TR00001,12123,Mumbai - Pune Express,Mumbai CST,Pune Jn,Dadar,Kalyan,611.12,89.02,31.57,0.154,22.7,10,2,17.8,0.149,11.04,523.81,97.0,0,0,466.55,2026-06-03 17:46
TR00002,11010,Deccan Express,Mumbai CST,Pune Jn,Dadar,Kalyan,51.81,86.09,21.01,0.078,26.0,14,0,11.38,0.277,2.57,44.41,79.17,0,0,57.49,2026-07-12 14:57
TR00003,12010,Shatabdi Express,Mumbai Central,Ahmedabad Jn,Vadodara,Ahmedabad Jn,438.94,120.68,2.45,0.175,27.2,22,5,9.73,0.329,0.87,376.23,122.16,0,0,240.73,2026-05-29 02:00
TR00004,12951,Mumbai Rajdhani,Mumbai Central,New Delhi,Surat,Vadodara,345.71,68.39,25.6,0.195,31.5,13,1,20.74,0.286,9.29,296.32,67.51,0,0,350.38,2026-03-17 18:50
TR00005,12622,Tamil Nadu Express,New Delhi,Chennai Central,New Delhi,Bhopal Jn,328.33,81.22,37.06,0.295,29.4,23,2,33.97,0.194,11.47,281.43,89.98,0,1,347.78,2026-04-14 04:47
TR00006,12295,Sanghamitra Express,Bengaluru,Patna Jn,Gaya Jn,Patna Jn,345.31,96.74,33.92,0.22,37.2,22,6,22.29,0.247,1.42,295.98,111.99,1,0,267.69,2026-02-27 02:27
TR00001,12123,Mumbai - Pune Express,Mumbai CST,Pune Jn,Karjat,Lonavala,226.37,54.31,17.33,0.065,37.9,22,2,19.34,0.101,3.68,194.04,60.4,0,0,270.48,2026-06-02 02:30
TR00002,11010,Deccan Express,Mumbai CST,Pune Jn,Lonavala,Pune Jn,450.82,105.55,23.17,0.396,27.2,15,3,3.32,0.442,4.38,386.42,121.65,0,0,317.5,2026-04-10 20:17
TR00003,12010,Shatabdi Express,Mumbai Central,Ahmedabad Jn,Surat,Vadodara,221.07,56.04,2.24,0.398,20.7,15,6,7.33,0.146,2.29,189.49,59.23,0,0,264.15,2026-08-18 19:24
TR00004,12951,Mumbai Rajdhani,Mumbai Central,New Delhi,Kota Jn,New Delhi,206.38,65.89,28.18,0.071,24.8,11,3,31.6,0.638,2.28,176.89,68.1,0,0,240.93,2026-07-19 15:00
TR00005,12622,Tamil Nadu Express,New Delhi,Chennai Central,Bhopal Jn,Nagpur,367.29,78.95,23.31,0.174,21.2,21,4,15.93,0.329,13.89,314.82,81.86,0,0,325.91,2026-02-09 02:25
TR00006,12295,Sanghamitra Express,Bengaluru,Patna Jn,Gaya Jn,Patna Jn,355.55,129.55,26.94,0.19,15.7,15,3,19.68,0.36,3.39,304.76,123.09,0,1,256.5,2026-01-25 19:16
TR00001,12123,Mumbai - Pune Express,Mumbai CST,Pune Jn,Kalyan,Karjat,148.57,83.08,44.78,0.144,27.2,21,5,13.84,0.39,19.21,127.34,85.56,1,1,185.14,2026-03-18 00:05
TR00002,11010,Deccan Express,Mumbai CST,Pune Jn,Lonavala,Pune Jn,555.13,62.15,38.06,0.073,26.2,20,1,5.52,0.351,15.21,475.83,58.82,1,0,633.22,2026-06-18 06:33
TR00003,12010,Shatabdi Express,Mumbai Central,Ahmedabad Jn,Vadodara,Ahmedabad Jn,53.83,75.09,27.68,0.162,22.2,16,3,5.56,0.562,20.88,46.14,86.81,0,0,69.92,2026-01-20 17:09
TR00004,12951,Mumbai Rajdhani,Mumbai Central,New Delhi,Kota Jn,New Delhi,225.87,62.9,20.11,0.268,25.4,15,0,19.77,0.217,4.2,193.61,75.1,0,0,248.03,2026-07-11 19:08
TR00005,12622,Tamil Nadu Express,New Delhi,Chennai Central,Bhopal Jn,Nagpur,316.29,60.64,27.2,0.178,8.2,16,3,16.47,0.727,2.83,271.11,58.9,0,0,412.33,2026-04-24 22:52
TR00006,12295,Sanghamitra Express,Bengaluru,Patna Jn,Vijayawada,Gaya Jn,196.21,85.38,13.86,0.193,31.3,15,4,19.31,0.343,7.22,168.18,89.53,0,0,158.4,2026-02-16 17:38
TR00001,12123,Mumbai - Pune Express,Mumbai CST,Pune Jn,Karjat,Lonavala,261.83,110.01,27.05,0.092,32.7,13,6,13.94,0.474,11.6,224.43,107.7,0,1,221.52,2026-05-13 16:41
TR00002,11010,Deccan Express,Mumbai CST,Pune Jn,Kalyan,Lonavala,262.25,69.7,27.81,0.148,39.2,16,0,24.59,0.197,20.47,224.78,80.02,0,0,255.25,2026-08-24 20:15
TR00003,12010,Shatabdi Express,Mumbai Central,Ahmedabad Jn,Vadodara,Ahmedabad Jn,137.15,65.68,22.7,0.219,26.6,18,1,11.61,0.215,2.21,117.56,80.04,0,0,145.32,2026-08-08 20:25
TR00004,12951,Mumbai Rajdhani,Mumbai Central,New Delhi,Mumbai Central,Surat,247.26,105.01,33.44,0.331,24.1,22,2,3.23,0.267,9.83,211.93,86.19,0,0,178.73,2026-03-29 00:58
TR00005,12622,Tamil Nadu Express,New Delhi,Chennai Central,Nagpur,Vijayawada,253.59,57.51,14.53,0.054,19.7,18,3,16.25,0.613,9.94,217.36,53.28,0,0,322.24,2026-07-31 23:22
TR00006,12295,Sanghamitra Express,Bengaluru,Patna Jn,Gaya Jn,Patna Jn,132.23,92.43,25.1,0.298,19.3,15,4,11.41,0.083,23.59,113.34,113.94,0,1,132.24,2026-07-09 17:12
TR00001,12123,Mumbai - Pune Express,Mumbai CST,Pune Jn,Dadar,Kalyan,167.66,94.16,21.21,0.383,13.7,12,6,16.53,0.16,8.38,143.71,93.04,0,0,127.16,2026-05-21 14:07
TR00002,11010,Deccan Express,Mumbai CST,Pune Jn,Kalyan,Lonavala,115.62,91.18,20.01,0.074,35.1,19,6,7.17,0.223,3.97,99.1,95.54,0,1,109.38,2026-02-13 20:49
TR00003,12010,Shatabdi Express,Mumbai Central,Ahmedabad Jn,Borivali,Vapi,562.76,56.87,18.48,0.575,22.8,17,1,1.34,0.276,17.38,482.37,54.16,0,0,707.24,2026-03-08 04:47
TR00004,12951,Mumbai Rajdhani,Mumbai Central,New Delhi,Kota Jn,New Delhi,295.72,54.6,12.5,0.142,26.9,19,3,21.82,0.268,6.61,253.48,55.65,0,0,367.17,2026-01-09 01:07
TR00005,12622,Tamil Nadu Express,New Delhi,Chennai Central,Nagpur,Vijayawada,160.13,53.74,16.93,0.088,18.1,6,5,6.07,0.404,13.69,137.25,52.66,0,0,214.67,2026-07-15 09:34
TR00006,12295,Sanghamitra Express,Bengaluru,Patna Jn,Guntakal Jn,Vijayawada,235.71,55.2,13.67,0.044,27.2,9,1,7.71,0.3,3.48,202.03,46.82,0,1,363.98,2026-01-02 15:03
TR00001,12123,Mumbai - Pune Express,Mumbai CST,Pune Jn,Mumbai CST,Dadar,249.57,90.19,16.16,0.161,26.5,22,6,30.3,0.138,11.04,213.91,100.95,0,0,181.5,2026-04-13 01:01
TR00002,11010,Deccan Express,Mumbai CST,Pune Jn,Dadar,Kalyan,329.76,92.99,22.8,0.666,34.8,1,5,5.65,0.217,37.22,282.65,79.88,0,0,266.93,2026-03-08 05:26
TR00003,12010,Shatabdi Express,Mumbai Central,Ahmedabad Jn,Vadodara,Ahmedabad Jn,178.53,65.27,40.78,0.066,19.6,3,1,50.28,0.311,6.01,153.02,74.51,0,1,254.16,2026-08-10 07:14
TR00004,12951,Mumbai Rajdhani,Mumbai Central,New Delhi,Mumbai Central,Surat,339.52,104.28,43.53,0.314,31.9,13,2,19.36,0.67,10.59,291.02,105.5,0,0,268.98,2026-05-25 17:28
TR00005,12622,Tamil Nadu Express,New Delhi,Chennai Central,Vijayawada,Chennai Central,231.72,123.88,20.32,0.045,25.5,15,1,29.62,0.149,11.51,198.62,127.04,0,0,122.5,2026-04-02 17:02
TR00006,12295,Sanghamitra Express,Bengaluru,Patna Jn,Vijayawada,Gaya Jn,494.58,61.92,16.62,0.185,24.5,19,0,11.5,0.272,28.85,423.93,63.68,0,0,544.72,2026-04-17 04:04
TR00001,12123,Mumbai - Pune Express,Mumbai CST,Pune Jn,Mumbai CST,Dadar,267.2,74.79,23.88,0.065,24.3,8,5,26.81,0.372,2.49,229.03,85.6,0,1,318.55,2026-07-11 13:18
TR00002,11010,Deccan Express,Mumbai CST,Pune Jn,Dadar,Kalyan,187.54,90.71,18.35,0.007,30.4,14,3,20.15,0.343,2.42,160.75,104.83,0,0,140.12,2026-02-13 16:20
TR00003,12010,Shatabdi Express,Mumbai Central,Ahmedabad Jn,Vapi,Surat,122.53,69.35,27.07,0.108,27.2,11,2,10.83,0.183,20.49,105.03,61.78,0,0,126.77,2026-07-27 13:06
TR00004,12951,Mumbai Rajdhani,Mumbai Central,New Delhi,Vadodara,Kota Jn,259.84,78.44,20.35,0.141,24.9,11,5,5.09,0.203,8.73,222.72,74.69,0,1,287.84,2026-04-08 15:47
TR00005,12622,Tamil Nadu Express,New Delhi,Chennai Central,Bhopal Jn,Nagpur,107.34,93.46,39.09,0.137,31.8,20,5,13.13,0.634,0.96,92.01,90.86,1,0,113.26,2026-02-12 21:53
TR00006,12295,Sanghamitra Express,Bengaluru,Patna Jn,Gaya Jn,Patna Jn,333.14,36.5,29.16,0.301,34.0,14,5,10.88,0.605,10.1,285.55,39.49,0,0,705.62,2026-02-06 01:45
TR00001,12123,Mumbai - Pune Express,Mumbai CST,Pune Jn,Lonavala,Pune Jn,474.7,123.23,30.07,0.094,31.9,17,6,5.31,0.53,3.65,406.89,113.15,1,0,298.35,2026-07-23 21:58
TR00002,11010,Deccan Express,Mumbai CST,Pune Jn,Mumbai CST,Dadar,255.71,42.48,21.76,0.383,28.0,13,4,8.37,0.177,4.74,219.18,46.61,0,1,521.46,2026-05-15 21:41
TR00003,12010,Shatabdi Express,Mumbai Central,Ahmedabad Jn,Mumbai Central,Borivali,151.54,96.58,28.54,0.36,27.6,22,1,7.85,0.504,7.47,129.89,84.97,0,0,131.03,2026-02-06 00:11
TR00004,12951,Mumbai Rajdhani,Mumbai Central,New Delhi,Vadodara,Kota Jn,212.81,91.51,23.41,0.023,30.9,16,2,28.89,0.248,1.11,182.41,85.68,0,1,199.16,2026-08-23 19:19
TR00005,12622,Tamil Nadu Express,New Delhi,Chennai Central,Nagpur,Vijayawada,218.71,98.86,27.98,0.416,21.6,14,4,13.55,0.367,34.87,187.47,96.72,0,0,170.93,2026-06-30 16:50
TR00006,12295,Sanghamitra Express,Bengaluru,Patna Jn,Vijayawada,Gaya Jn,326.03,90.49,22.59,0.229,28.2,12,3,8.35,0.284,13.85,279.46,75.22,0,0,247.1,2026-05-02 16:07
TR00001,12123,Mumbai - Pune Express,Mumbai CST,Pune Jn,Dadar,Kalyan,260.42,58.32,16.96,0.061,33.9,23,3,27.3,0.276,8.65,223.22,59.33,0,0,298.21,2026-06-21 03:58
TR00002,11010,Deccan Express,Mumbai CST,Pune Jn,Dadar,Kalyan,431.99,51.92,10.89,0.432,40.2,8,3,7.11,0.087,8.5,370.28,54.58,0,0,550.11,2026-08-23 17:10
TR00003,12010,Shatabdi Express,Mumbai Central,Ahmedabad Jn,Vapi,Surat,101.07,112.4,32.58,0.433,32.6,9,4,41.52,0.152,2.93,86.63,110.6,0,0,72.88,2026-07-14 10:12
TR00004,12951,Mumbai Rajdhani,Mumbai Central,New Delhi,Vadodara,Kota Jn,82.35,60.57,19.22,0.07,21.1,8,6,8.46,0.434,6.05,70.58,55.97,0,1,129.1,2026-03-08 10:09
TR00005,12622,Tamil Nadu Express,New Delhi,Chennai Central,New Delhi,Bhopal Jn,135.84,46.13,29.35,0.169,30.0,14,5,17.18,0.215,14.48,116.43,43.5,1,0,224.04,2026-05-19 17:44
TR00006,12295,Sanghamitra Express,Bengaluru,Patna Jn,Gaya Jn,Patna Jn,149.56,97.99,25.06,0.342,23.4,11,6,25.93,0.193,10.26,128.19,100.21,0,0,116.12,2026-06-27 12:56
TR00001,12123,Mumbai - Pune Express,Mumbai CST,Pune Jn,Karjat,Lonavala,141.12,99.36,23.66,0.212,18.5,2,2,19.4,0.352,12.19,120.96,96.22,0,0,100.8,2026-03-05 03:40
TR00002,11010,Deccan Express,Mumbai CST,Pune Jn,Kalyan,Lonavala,61.09,101.34,20.07,0.306,28.2,4,6,28.13,0.038,8.33,52.37,94.5,0,0,49.11,2026-06-08 04:49
TR00003,12010,Shatabdi Express,Mumbai Central,Ahmedabad Jn,Borivali,Vapi,305.7,89.9,11.71,0.053,35.4,18,3,9.4,0.18,5.98,262.03,101.95,0,0,221.21,2026-03-05 21:41
TR00004,12951,Mumbai Rajdhani,Mumbai Central,New Delhi,Vadodara,Kota Jn,86.36,55.48,7.87,0.261,28.6,5,1,12.82,0.037,1.75,74.02,53.57,0,0,103.24,2026-01-11 06:43
TR00005,12622,Tamil Nadu Express,New Delhi,Chennai Central,Vijayawada,Chennai Central,531.85,110.06,14.73,0.58,30.3,19,2,22.29,0.15,9.77,455.87,108.92,0,0,341.13,2026-06-20 00:41
TR00006,12295,Sanghamitra Express,Bengaluru,Patna Jn,Gaya Jn,Patna Jn,105.97,55.59,25.26,0.446,38.3,14,6,7.92,0.233,3.17,90.83,62.37,0,0,141.43,2026-03-31 16:21
TR00001,12123,Mumbai - Pune Express,Mumbai CST,Pune Jn,Mumbai CST,Dadar,208.25,91.19,11.17,0.194,25.0,3,4,17.22,0.284,2.17,178.5,86.89,0,0,150.92,2026-05-05 05:30
TR00002,11010,Deccan Express,Mumbai CST,Pune Jn,Dadar,Kalyan,535.09,54.09,28.9,0.278,34.6,13,4,33.77,0.297,19.57,458.64,43.64,0,0,685.91,2026-08-21 00:25
TR00003,12010,Shatabdi Express,Mumbai Central,Ahmedabad Jn,Vadodara,Ahmedabad Jn,247.22,76.62,18.23,0.242,23.9,22,0,13.34,0.406,10.14,211.91,76.34,0,0,243.42,2026-07-13 02:03
TR00004,12951,Mumbai Rajdhani,Mumbai Central,New Delhi,Vadodara,Kota Jn,179.79,114.09,16.25,0.112,40.1,15,5,3.25,0.071,5.31,154.11,127.94,0,1,127.05,2026-05-05 17:07
TR00005,12622,Tamil Nadu Express,New Delhi,Chennai Central,Vijayawada,Chennai Central,399.35,69.58,27.28,0.371,29.7,4,2,14.56,0.637,8.46,342.3,68.2,0,0,450.03,2026-02-02 11:30
TR00006,12295,Sanghamitra Express,Bengaluru,Patna Jn,Guntakal Jn,Vijayawada,222.79,71.59,10.61,0.026,32.6,8,2,20.59,0.164,3.59,190.97,67.66,0,0,205.58,2026-05-26 11:25
TR00001,12123,Mumbai - Pune Express,Mumbai CST,Pune Jn,Kalyan,Karjat,74.02,70.78,19.29,0.266,36.2,23,2,21.52,0.191,11.2,63.45,61.41,0,0,75.71,2026-06-06 00:15
TR00002,11010,Deccan Express,Mumbai CST,Pune Jn,Kalyan,Lonavala,265.98,69.03,27.74,0.043,25.5,2,1,12.85,0.259,17.43,227.98,78.81,0,1,333.31,2026-07-18 07:33
TR00003,12010,Shatabdi Express,Mumbai Central,Ahmedabad Jn,Surat,Vadodara,522.29,31.12,21.54,0.123,34.1,17,5,16.33,0.318,40.97,447.67,26.69,0,0,1123.69,2026-03-20 11:43
TR00004,12951,Mumbai Rajdhani,Mumbai Central,New Delhi,Kota Jn,New Delhi,162.42,49.35,25.52,0.108,25.3,8,2,6.17,0.42,13.05,139.22,54.06,0,1,301.09,2026-03-27 13:01
TR00005,12622,Tamil Nadu Express,New Delhi,Chennai Central,Bhopal Jn,Nagpur,233.53,77.53,23.91,0.245,35.0,23,3,25.21,0.216,28.89,200.17,74.58,0,1,272.23,2026-04-21 03:32
TR00006,12295,Sanghamitra Express,Bengaluru,Patna Jn,Bengaluru,Guntakal Jn,240.09,98.48,18.13,0.084,22.3,11,0,13.58,0.499,21.4,205.79,114.26,0,0,175.68,2026-06-22 13:55
TR00001,12123,Mumbai - Pune Express,Mumbai CST,Pune Jn,Mumbai CST,Dadar,160.07,80.38,13.33,0.196,33.0,0,0,19.48,0.344,14.2,137.21,79.93,0,0,138.99,2026-07-05 02:18
TR00002,11010,Deccan Express,Mumbai CST,Pune Jn,Kalyan,Lonavala,437.55,46.7,20.14,0.321,31.2,19,1,7.87,0.312,19.28,375.04,41.26,0,0,648.54,2026-01-22 05:48
TR00003,12010,Shatabdi Express,Mumbai Central,Ahmedabad Jn,Vapi,Surat,491.92,79.81,27.94,0.254,38.3,10,2,22.98,0.212,12.96,421.65,75.46,0,1,534.21,2026-04-25 18:54
TR00004,12951,Mumbai Rajdhani,Mumbai Central,New Delhi,Surat,Vadodara,115.43,86.56,31.81,0.287,34.1,21,6,30.28,0.329,2.6,98.94,80.95,0,0,101.84,2026-01-25 22:41
TR00005,12622,Tamil Nadu Express,New Delhi,Chennai Central,Bhopal Jn,Nagpur,204.84,47.32,11.97,0.074,29.0,11,6,11.53,0.172,9.85,175.58,50.03,0,0,276.8,2026-03-06 15:36
TR00006,12295,Sanghamitra Express,Bengaluru,Patna Jn,Gaya Jn,Patna Jn,326.25,36.39,14.82,0.285,23.6,2,4,8.84,0.407,16.69,279.64,36.47,0,0,632.09,2026-01-01 12:32
TR00001,12123,Mumbai - Pune Express,Mumbai CST,Pune Jn,Dadar,Kalyan,203.38,43.12,28.96,0.058,24.9,5,1,43.55,0.393,19.06,174.32,54.53,0,0,328.62,2026-03-09 10:28
TR00002,11010,Deccan Express,Mumbai CST,Pune Jn,Kalyan,Lonavala,160.78,99.42,26.41,0.054,31.1,7,2,12.04,0.281,13.48,137.81,92.69,1,0,128.29,2026-01-21 09:08
TR00003,12010,Shatabdi Express,Mumbai Central,Ahmedabad Jn,Borivali,Vapi,170.36,52.0,31.0,0.497,23.2,14,3,18.86,0.549,1.47,146.02,53.91,0,0,265.07,2026-02-28 18:25
TR00004,12951,Mumbai Rajdhani,Mumbai Central,New Delhi,Kota Jn,New Delhi,336.4,48.81,10.02,0.018,23.7,16,2,3.81,0.532,6.42,288.34,46.88,0,0,479.94,2026-07-19 23:59
TR00005,12622,Tamil Nadu Express,New Delhi,Chennai Central,Nagpur,Vijayawada,342.05,95.96,21.67,0.186,39.5,11,4,23.2,0.418,27.91,293.18,89.76,0,0,262.47,2026-04-12 15:22
TR00006,12295,Sanghamitra Express,Bengaluru,Patna Jn,Vijayawada,Gaya Jn,317.3,95.19,2.08,0.065,26.3,8,5,1.14,0.164,2.6,271.97,96.19,0,0,210.54,2026-03-25 11:30
TR00001,12123,Mumbai - Pune Express,Mumbai CST,Pune Jn,Karjat,Lonavala,241.05,74.97,22.87,0.233,36.4,0,6,7.5,0.068,26.82,206.62,81.51,0,0,216.18,2026-06-16 03:36
TR00002,11010,Deccan Express,Mumbai CST,Pune Jn,Kalyan,Lonavala,277.16,54.8,34.1,0.173,21.6,20,5,12.31,0.251,5.86,237.57,52.5,1,0,363.72,2026-07-11 02:03
TR00003,12010,Shatabdi Express,Mumbai Central,Ahmedabad Jn,Vadodara,Ahmedabad Jn,390.65,87.3,23.7,0.056,21.8,17,4,31.09,0.27,18.58,334.84,80.1,0,0,301.77,2026-03-01 22:01
TR00004,12951,Mumbai Rajdhani,Mumbai Central,New Delhi,Surat,Vadodara,79.25,44.51,6.47,0.13,31.6,21,1,28.38,0.021,10.25,67.93,48.76,0,0,108.42,2026-01-17 22:48
TR00005,12622,Tamil Nadu Express,New Delhi,Chennai Central,Vijayawada,Chennai Central,275.93,97.71,0.93,0.09,20.8,1,2,12.73,0.111,2.66,236.51,112.5,0,0,175.24,2026-05-15 03:55
TR00006,12295,Sanghamitra Express,Bengaluru,Patna Jn,Vijayawada,Gaya Jn,104.11,75.03,17.63,0.34,28.5,22,4,18.72,0.091,8.51,89.24,81.77,0,0,104.6,2026-05-18 23:44
TR00001,12123,Mumbai - Pune Express,Mumbai CST,Pune Jn,Dadar,Kalyan,194.29,106.65,32.19,0.031,28.7,21,3,12.43,0.206,13.4,166.53,116.1,1,0,139.13,2026-07-28 23:19
TR00002,11010,Deccan Express,Mumbai CST,Pune Jn,Kalyan,Lonavala,392.98,81.18,27.18,0.467,35.2,11,6,7.89,0.381,12.04,336.84,82.81,0,0,359.8,2026-03-09 16:59
TR00003,12010,Shatabdi Express,Mumbai Central,Ahmedabad Jn,Borivali,Vapi,242.87,57.28,18.49,0.099,26.7,3,2,13.4,0.395,11.25,208.17,62.42,0,0,294.3,2026-01-11 07:54
TR00004,12951,Mumbai Rajdhani,Mumbai Central,New Delhi,Mumbai Central,Surat,206.35,101.99,13.86,0.109,33.8,5,2,21.45,0.458,6.16,176.88,98.59,0,0,156.78,2026-07-02 07:36
TR00005,12622,Tamil Nadu Express,New Delhi,Chennai Central,New Delhi,Bhopal Jn,117.54,71.19,21.37,0.082,37.2,3,2,13.28,0.244,5.81,100.75,84.78,0,1,144.15,2026-08-03 05:24
TR00006,12295,Sanghamitra Express,Bengaluru,Patna Jn,Guntakal Jn,Vijayawada,114.6,81.35,34.14,0.321,26.2,19,3,5.1,0.363,2.04,98.23,81.3,1,0,125.24,2026-02-18 21:05
TR00001,12123,Mumbai - Pune Express,Mumbai CST,Pune Jn,Dadar,Kalyan,186.74,82.95,23.68,0.226,40.3,8,0,29.85,0.269,17.85,160.06,88.65,0,0,154.33,2026-01-21 10:34
TR00002,11010,Deccan Express,Mumbai CST,Pune Jn,Lonavala,Pune Jn,421.31,73.42,16.09,0.36,32.5,23,0,13.66,0.269,5.76,361.12,75.75,0,0,393.9,2026-04-05 05:33
TR00003,12010,Shatabdi Express,Mumbai Central,Ahmedabad Jn,Borivali,Vapi,145.11,126.76,25.43,0.091,28.1,16,6,24.78,0.449,15.94,124.38,130.0,0,0,89.15,2026-02-24 17:29
TR00004,12951,Mumbai Rajdhani,Mumbai Central,New Delhi,Vadodara,Kota Jn,136.05,51.93,10.42,0.313,25.4,21,5,2.69,0.129,8.82,116.61,56.05,0,0,177.7,2026-01-24 23:57
TR00005,12622,Tamil Nadu Express,New Delhi,Chennai Central,Nagpur,Vijayawada,231.39,102.1,27.5,0.093,23.2,7,2,8.99,0.46,13.63,198.34,87.12,0,0,169.75,2026-03-29 09:49
TR00006,12295,Sanghamitra Express,Bengaluru,Patna Jn,Guntakal Jn,Vijayawada,59.12,104.82,32.73,0.193,31.5,9,6,52.83,0.198,13.74,50.68,87.36,0,0,52.45,2026-02-01 09:52
TR00001,12123,Mumbai - Pune Express,Mumbai CST,Pune Jn,Lonavala,Pune Jn,198.3,35.3,29.57,0.207,18.5,7,1,9.22,0.769,1.17,169.97,43.65,0,0,451.84,2026-05-03 14:31
TR00002,11010,Deccan Express,Mumbai CST,Pune Jn,Mumbai CST,Dadar,296.81,65.29,20.92,0.187,30.2,3,3,3.61,0.33,19.12,254.41,64.83,0,1,408.09,2026-08-21 09:48
TR00003,12010,Shatabdi Express,Mumbai Central,Ahmedabad Jn,Vadodara,Ahmedabad Jn,108.9,65.63,15.26,0.064,35.3,12,2,21.49,0.224,6.25,93.34,70.5,0,1,141.76,2026-01-13 14:21
TR00004,12951,Mumbai Rajdhani,Mumbai Central,New Delhi,Surat,Vadodara,644.58,76.61,23.36,0.222,32.1,17,3,5.52,0.336,6.72,552.5,83.41,0,1,749.74,2026-06-20 05:29
TR00005,12622,Tamil Nadu Express,New Delhi,Chennai Central,New Delhi,Bhopal Jn,463.96,109.65,24.16,0.191,18.9,20,0,9.45,0.126,21.63,397.68,106.19,0,1,353.78,2026-06-16 01:53
TR00006,12295,Sanghamitra Express,Bengaluru,Patna Jn,Guntakal Jn,Vijayawada,229.05,83.89,15.64,0.168,25.5,0,2,4.47,0.404,9.5,196.33,96.06,0,0,197.44,2026-03-27 03:17
TR00001,12123,Mumbai - Pune Express,Mumbai CST,Pune Jn,Kalyan,Karjat,217.7,57.43,22.81,0.391,30.1,4,1,14.58,0.462,4.85,186.6,57.23,0,0,282.72,2026-08-18 08:42
TR00002,11010,Deccan Express,Mumbai CST,Pune Jn,Kalyan,Lonavala,149.8,80.13,19.64,0.555,24.6,8,4,9.51,0.288,6.76,128.4,64.62,0,0,138.42,2026-02-16 10:18
TR00003,12010,Shatabdi Express,Mumbai Central,Ahmedabad Jn,Vadodara,Ahmedabad Jn,270.51,65.55,15.25,0.242,42.2,11,2,16.2,0.112,9.12,231.87,73.81,0,0,276.06,2026-02-22 15:36
TR00004,12951,Mumbai Rajdhani,Mumbai Central,New Delhi,Kota Jn,New Delhi,285.4,130.0,9.81,0.028,27.2,2,4,7.22,0.323,1.31,244.63,120.73,0,0,153.32,2026-05-28 04:33
TR00005,12622,Tamil Nadu Express,New Delhi,Chennai Central,Vijayawada,Chennai Central,152.31,75.96,18.71,0.129,44.1,16,0,15.93,0.102,9.49,130.55,77.28,0,0,134.44,2026-01-31 18:14
TR00006,12295,Sanghamitra Express,Bengaluru,Patna Jn,Bengaluru,Guntakal Jn,315.28,56.95,33.49,0.377,32.6,16,1,15.46,0.475,11.48,270.24,42.56,0,0,422.28,2026-02-28 23:02
TR00001,12123,Mumbai - Pune Express,Mumbai CST,Pune Jn,Mumbai CST,Dadar,146.76,41.94,14.11,0.335,23.2,11,5,22.78,0.111,5.56,125.8,39.61,0,0,232.97,2026-07-23 14:52
TR00002,11010,Deccan Express,Mumbai CST,Pune Jn,Lonavala,Pune Jn,138.45,81.26,15.72,0.277,27.5,0,0,6.97,0.228,6.22,118.67,84.61,0,0,121.1,2026-04-07 02:01
TR00003,12010,Shatabdi Express,Mumbai Central,Ahmedabad Jn,Borivali,Vapi,142.93,85.13,13.51,0.161,20.7,2,1,14.78,0.365,3.33,122.51,75.8,0,0,119.85,2026-07-13 03:59
TR00004,12951,Mumbai Rajdhani,Mumbai Central,New Delhi,Vadodara,Kota Jn,292.75,93.52,25.13,0.217,46.4,22,2,10.57,0.448,2.59,250.93,92.59,0,0,236.53,2026-03-11 01:56
TR00005,12622,Tamil Nadu Express,New Delhi,Chennai Central,Nagpur,Vijayawada,555.1,80.28,10.93,0.309,37.9,4,1,12.08,0.043,1.6,475.8,77.97,0,0,442.23,2026-04-16 11:22
TR00006,12295,Sanghamitra Express,Bengaluru,Patna Jn,Bengaluru,Guntakal Jn,243.47,49.49,11.38,0.269,25.1,6,5,1.42,0.417,13.58,208.69,61.63,0,0,345.26,2026-01-25 11:45
TR00001,12123,Mumbai - Pune Express,Mumbai CST,Pune Jn,Mumbai CST,Dadar,86.41,53.6,24.69,0.344,30.6,14,2,17.91,0.447,27.25,74.07,60.31,0,0,128.37,2026-06-01 16:08
TR00002,11010,Deccan Express,Mumbai CST,Pune Jn,Kalyan,Lonavala,39.49,80.98,34.8,0.106,32.0,14,2,9.94,0.222,14.96,33.84,74.96,0,1,54.5,2026-06-29 14:54
TR00003,12010,Shatabdi Express,Mumbai Central,Ahmedabad Jn,Vadodara,Ahmedabad Jn,128.34,59.9,17.12,0.182,32.5,11,0,13.09,0.165,25.6,110.0,50.84,0,0,144.18,2026-05-23 13:24
TR00004,12951,Mumbai Rajdhani,Mumbai Central,New Delhi,Surat,Vadodara,192.5,99.32,27.88,0.421,29.9,1,2,36.31,0.434,5.5,165.0,106.77,0,0,152.14,2026-07-11 03:32
TR00005,12622,Tamil Nadu Express,New Delhi,Chennai Central,Bhopal Jn,Nagpur,215.16,67.76,28.11,0.18,17.9,8,6,11.25,0.454,7.75,184.43,55.15,0,0,237.29,2026-07-27 11:57
TR00006,12295,Sanghamitra Express,Bengaluru,Patna Jn,Guntakal Jn,Vijayawada,253.47,113.04,31.5,0.075,21.4,22,4,38.58,0.445,10.32,217.26,116.14,0,1,212.86,2026-08-28 01:32
TR00001,12123,Mumbai - Pune Express,Mumbai CST,Pune Jn,Mumbai CST,Dadar,17.86,55.22,20.5,0.164,30.0,19,6,37.41,0.128,3.4,15.31,43.69,0,0,22.32,2026-01-24 19:22
TR00002,11010,Deccan Express,Mumbai CST,Pune Jn,Kalyan,Lonavala,174.67,65.64,22.19,0.191,32.6,0,4,17.77,0.469,0.78,149.71,71.45,0,0,199.76,2026-03-25 03:19
TR00003,12010,Shatabdi Express,Mumbai Central,Ahmedabad Jn,Mumbai Central,Borivali,178.37,107.71,35.77,0.722,21.8,22,5,25.75,0.305,25.49,152.89,119.44,0,0,134.57,2026-06-17 00:14
TR00004,12951,Mumbai Rajdhani,Mumbai Central,New Delhi,Surat,Vadodara,227.31,62.89,20.03,0.336,36.6,23,5,22.04,0.458,1.57,194.84,49.94,0,0,272.25,2026-02-26 03:32
TR00005,12622,Tamil Nadu Express,New Delhi,Chennai Central,Bhopal Jn,Nagpur,73.29,32.18,19.0,0.101,28.6,17,2,10.6,0.241,24.78,62.82,20.0,0,0,158.77,2026-06-04 19:38
TR00006,12295,Sanghamitra Express,Bengaluru,Patna Jn,Bengaluru,Guntakal Jn,89.0,80.86,22.45,0.218,19.8,21,2,32.51,0.155,17.48,76.28,89.12,0,0,72.95,2026-05-02 22:12
TR00001,12123,Mumbai - Pune Express,Mumbai CST,Pune Jn,Karjat,Lonavala,278.59,55.63,18.39,0.262,27.2,6,3,12.45,0.228,0.13,238.79,63.06,0,0,340.44,2026-03-16 11:40
TR00002,11010,Deccan Express,Mumbai CST,Pune Jn,Mumbai CST,Dadar,429.04,116.84,39.18,0.328,21.5,8,3,35.51,0.051,23.11,367.75,120.56,1,0,272.18,2026-03-18 12:32
TR00003,12010,Shatabdi Express,Mumbai Central,Ahmedabad Jn,Vapi,Surat,238.37,58.75,15.04,0.206,24.2,10,4,4.97,0.398,0.41,204.32,61.87,0,0,291.74,2026-02-11 14:51
TR00004,12951,Mumbai Rajdhani,Mumbai Central,New Delhi,Mumbai Central,Surat,276.22,64.61,35.41,0.302,23.9,10,4,38.59,0.233,15.43,236.76,70.85,0,0,303.55,2026-08-11 15:03
TR00005,12622,Tamil Nadu Express,New Delhi,Chennai Central,Vijayawada,Chennai Central,198.1,37.13,15.49,0.164,24.0,23,3,2.95,0.067,5.89,169.8,34.99,0,0,341.71,2026-02-23 04:41
TR00006,12295,Sanghamitra Express,Bengaluru,Patna Jn,Gaya Jn,Patna Jn,252.78,71.8,34.55,0.189,39.0,5,5,25.89,0.334,20.57,216.67,75.42,0,1,321.11,2026-05-07 10:21
TR00001,12123,Mumbai - Pune Express,Mumbai CST,Pune Jn,Karjat,Lonavala,448.9,46.65,22.7,0.334,36.8,6,6,7.02,0.352,9.32,384.77,56.99,0,0,689.08,2026-08-12 17:29
TR00002,11010,Deccan Express,Mumbai CST,Pune Jn,Kalyan,Lonavala,186.81,80.26,34.35,0.221,29.4,13,0,42.94,0.357,1.2,160.12,81.23,0,0,175.85,2026-05-27 15:55
TR00003,12010,Shatabdi Express,Mumbai Central,Ahmedabad Jn,Mumbai Central,Borivali,469.56,58.14,4.32,0.127,26.0,10,2,17.53,0.324,11.01,402.48,46.16,0,0,545.7,2026-05-20 19:05
TR00004,12951,Mumbai Rajdhani,Mumbai Central,New Delhi,Surat,Vadodara,217.53,117.4,7.47,0.002,32.7,3,0,8.31,0.585,5.99,186.45,115.82,0,0,135.21,2026-01-05 05:15
TR00005,12622,Tamil Nadu Express,New Delhi,Chennai Central,Bhopal Jn,Nagpur,181.5,75.05,31.59,0.315,45.5,6,5,17.43,0.093,36.54,155.57,56.2,1,0,185.5,2026-04-23 09:05
TR00006,12295,Sanghamitra Express,Bengaluru,Patna Jn,Guntakal Jn,Vijayawada,218.8,95.67,17.06,0.038,35.1,13,4,3.31,0.177,14.65,187.55,102.61,0,0,150.26,2026-08-20 15:30
TR00001,12123,Mumbai - Pune Express,Mumbai CST,Pune Jn,Kalyan,Karjat,395.61,114.14,22.53,0.159,35.6,5,4,9.15,0.243,4.59,339.09,106.73,0,0,238.99,2026-04-07 08:58
TR00002,11010,Deccan Express,Mumbai CST,Pune Jn,Mumbai CST,Dadar,450.39,67.98,24.16,0.109,23.9,18,3,16.05,0.205,7.32,386.05,73.73,0,1,555.9,2026-05-12 03:15
TR00003,12010,Shatabdi Express,Mumbai Central,Ahmedabad Jn,Surat,Vadodara,244.1,64.13,32.75,0.136,34.5,0,5,53.74,0.163,14.69,209.23,73.45,0,0,261.23,2026-07-10 04:21
TR00004,12951,Mumbai Rajdhani,Mumbai Central,New Delhi,Mumbai Central,Surat,151.92,98.64,7.73,0.238,36.2,8,5,20.58,0.169,2.59,130.22,86.92,0,0,104.55,2026-01-13 09:44
TR00005,12622,Tamil Nadu Express,New Delhi,Chennai Central,New Delhi,Bhopal Jn,216.37,54.16,13.05,0.241,30.3,20,0,1.35,0.222,16.86,185.46,56.55,0,0,266.56,2026-02-20 00:26
TR00006,12295,Sanghamitra Express,Bengaluru,Patna Jn,Bengaluru,Guntakal Jn,176.35,54.8,23.07,0.115,27.3,18,4,21.25,0.381,3.26,151.16,52.29,0,1,297.46,2026-02-09 22:57
TR00001,12123,Mumbai - Pune Express,Mumbai CST,Pune Jn,Mumbai CST,Dadar,61.55,70.4,7.81,0.41,37.4,4,6,10.74,0.173,3.86,52.76,91.66,0,0,64.68,2026-04-22 05:04
TR00002,11010,Deccan Express,Mumbai CST,Pune Jn,Mumbai CST,Dadar,202.4,93.58,21.53,0.227,26.6,14,0,26.92,0.248,12.03,173.49,90.25,0,0,159.13,2026-08-23 16:39
TR00003,12010,Shatabdi Express,Mumbai Central,Ahmedabad Jn,Borivali,Vapi,188.29,70.51,36.04,0.076,35.8,4,2,53.71,0.125,1.26,161.39,73.56,0,1,230.1,2026-06-11 07:50
TR00004,12951,Mumbai Rajdhani,Mumbai Central,New Delhi,Vadodara,Kota Jn,501.58,69.24,16.04,0.004,26.6,16,2,26.35,0.111,7.61,429.93,75.05,0,0,456.54,2026-02-13 23:36
TR00005,12622,Tamil Nadu Express,New Delhi,Chennai Central,Bhopal Jn,Nagpur,82.79,75.58,13.04,0.016,31.9,11,4,11.95,0.1,4.51,70.97,78.82,0,0,72.56,2026-04-12 12:12
TR00006,12295,Sanghamitra Express,Bengaluru,Patna Jn,Gaya Jn,Patna Jn,306.71,88.27,29.0,0.245,38.0,5,2,9.37,0.212,18.68,262.9,87.11,1,0,254.37,2026-04-04 09:14
TR00001,12123,Mumbai - Pune Express,Mumbai CST,Pune Jn,Dadar,Kalyan,100.46,70.14,16.1,0.184,18.3,22,3,37.83,0.304,0.55,86.11,73.95,0,0,105.65,2026-07-30 23:45
TR00002,11010,Deccan Express,Mumbai CST,Pune Jn,Lonavala,Pune Jn,199.2,56.53,34.62,0.152,27.4,4,0,22.41,0.431,20.02,170.74,53.68,0,1,333.93,2026-06-01 09:33
TR00003,12010,Shatabdi Express,Mumbai Central,Ahmedabad Jn,Vadodara,Ahmedabad Jn,141.33,99.08,44.88,0.573,37.7,17,1,1.75,0.246,7.65,121.14,95.16,1,0,137.19,2026-06-03 19:17
TR00004,12951,Mumbai Rajdhani,Mumbai Central,New Delhi,Mumbai Central,Surat,343.62,70.72,20.28,0.094,43.2,4,4,10.43,0.278,7.27,294.53,75.6,0,0,328.39,2026-04-14 09:28
TR00005,12622,Tamil Nadu Express,New Delhi,Chennai Central,Nagpur,Vijayawada,181.08,54.77,20.79,0.083,30.9,3,3,16.4,0.049,7.45,155.21,54.54,0,0,213.98,2026-02-14 06:33
TR00006,12295,Sanghamitra Express,Bengaluru,Patna Jn,Bengaluru,Guntakal Jn,301.79,75.72,43.28,0.195,32.8,23,1,19.69,0.459,8.01,258.67,86.94,0,1,382.01,2026-04-04 05:22
TR00001,12123,Mumbai - Pune Express,Mumbai CST,Pune Jn,Dadar,Kalyan,182.41,71.0,7.18,0.065,14.5,2,5,8.69,0.352,2.12,156.35,67.94,0,0,175.83,2026-07-31 04:55
TR00002,11010,Deccan Express,Mumbai CST,Pune Jn,Dadar,Kalyan,228.07,69.83,7.48,0.203,21.6,14,5,13.14,0.198,8.68,195.49,80.3,0,0,212.07,2026-03-05 17:32
TR00003,12010,Shatabdi Express,Mumbai Central,Ahmedabad Jn,Vadodara,Ahmedabad Jn,229.35,62.84,28.12,0.213,28.7,22,1,11.39,0.357,1.1,196.59,78.46,0,0,254.98,2026-01-21 02:14
TR00004,12951,Mumbai Rajdhani,Mumbai Central,New Delhi,Vadodara,Kota Jn,311.44,108.34,21.96,0.083,25.1,18,2,17.35,0.257,1.46,266.95,110.77,0,0,200.31,2026-06-06 21:20
TR00005,12622,Tamil Nadu Express,New Delhi,Chennai Central,Nagpur,Vijayawada,292.25,99.05,16.74,0.005,34.4,13,2,11.45,0.333,12.41,250.5,107.18,0,0,195.06,2026-03-07 16:15
TR00006,12295,Sanghamitra Express,Bengaluru,Patna Jn,Vijayawada,Gaya Jn,70.99,94.72,5.62,0.178,35.7,0,1,11.54,0.311,8.28,60.85,95.55,0,0,56.25,2026-02-12 00:56
TR00001,12123,Mumbai - Pune Express,Mumbai CST,Pune Jn,Kalyan,Karjat,107.27,87.31,12.86,0.165,30.7,10,5,13.98,0.243,2.24,91.95,76.01,0,0,85.17,2026-03-31 11:25
TR00002,11010,Deccan Express,Mumbai CST,Pune Jn,Mumbai CST,Dadar,229.97,65.09,17.13,0.23,19.9,10,2,30.29,0.249,3.1,197.12,53.99,0,0,236.04,2026-06-13 13:56
TR00003,12010,Shatabdi Express,Mumbai Central,Ahmedabad Jn,Mumbai Central,Borivali,596.06,77.22,22.14,0.058,37.1,12,4,17.36,0.311,3.81,510.91,80.48,0,0,515.18,2026-02-12 20:35
TR00004,12951,Mumbai Rajdhani,Mumbai Central,New Delhi,Surat,Vadodara,155.35,120.22,31.36,0.338,39.3,6,3,23.42,0.117,17.13,133.15,121.08,0,0,95.56,2026-08-22 07:35
TR00005,12622,Tamil Nadu Express,New Delhi,Chennai Central,Bhopal Jn,Nagpur,155.47,74.65,23.97,0.187,24.9,19,6,12.57,0.403,7.96,133.26,77.07,0,0,152.57,2026-03-14 21:32
TR00006,12295,Sanghamitra Express,Bengaluru,Patna Jn,Gaya Jn,Patna Jn,117.21,68.7,25.65,0.038,31.7,2,4,4.89,0.287,12.16,100.46,67.18,1,0,128.78,2026-01-04 04:08
TR00001,12123,Mumbai - Pune Express,Mumbai CST,Pune Jn,Kalyan,Karjat,285.65,113.92,7.79,0.013,27.2,21,1,9.18,0.12,10.06,244.84,116.21,0,0,154.91,2026-06-22 23:34
TR00002,11010,Deccan Express,Mumbai CST,Pune Jn,Lonavala,Pune Jn,337.35,38.84,8.24,0.077,33.7,0,1,4.92,0.041,3.82,289.15,45.24,0,0,537.44,2026-05-11 08:57
TR00003,12010,Shatabdi Express,Mumbai Central,Ahmedabad Jn,Surat,Vadodara,119.29,99.73,14.53,0.069,38.6,14,2,10.41,0.222,15.53,102.25,91.3,0,0,82.05,2026-03-11 15:22
TR00004,12951,Mumbai Rajdhani,Mumbai Central,New Delhi,Mumbai Central,Surat,84.34,80.38,25.17,0.413,22.1,11,0,36.17,0.571,6.81,72.29,77.18,0,0,90.29,2026-07-14 12:30
TR00005,12622,Tamil Nadu Express,New Delhi,Chennai Central,Vijayawada,Chennai Central,70.08,86.13,37.75,0.343,28.6,9,4,31.62,0.457,0.5,60.07,88.81,0,0,72.92,2026-05-24 10:12
TR00006,12295,Sanghamitra Express,Bengaluru,Patna Jn,Gaya Jn,Patna Jn,449.54,73.82,27.3,0.101,30.7,18,2,15.58,0.379,26.0,385.32,68.87,0,0,420.79,2026-06-27 01:00
TR00001,12123,Mumbai - Pune Express,Mumbai CST,Pune Jn,Lonavala,Pune Jn,227.51,35.83,10.13,0.296,39.5,7,2,17.72,0.013,3.65,195.01,34.59,0,0,401.64,2026-05-06 13:41
TR00002,11010,Deccan Express,Mumbai CST,Pune Jn,Kalyan,Lonavala,130.57,69.98,19.18,0.197,17.3,10,0,16.54,0.456,14.27,111.91,68.73,0,0,133.52,2026-01-24 12:13
TR00003,12010,Shatabdi Express,Mumbai Central,Ahmedabad Jn,Borivali,Vapi,512.89,118.64,45.44,0.491,28.0,10,1,22.71,0.622,1.33,439.62,117.5,1,0,375.68,2026-03-05 16:15
TR00004,12951,Mumbai Rajdhani,Mumbai Central,New Delhi,Vadodara,Kota Jn,382.07,73.05,32.91,0.484,37.7,22,4,6.83,0.257,3.44,327.49,64.65,0,1,492.29,2026-02-10 06:12
TR00005,12622,Tamil Nadu Express,New Delhi,Chennai Central,New Delhi,Bhopal Jn,210.51,78.59,0.0,0.101,28.7,8,3,4.76,0.045,3.21,180.44,76.36,0,0,165.68,2026-03-14 10:45
TR00006,12295,Sanghamitra Express,Bengaluru,Patna Jn,Guntakal Jn,Vijayawada,240.07,104.22,12.84,0.217,25.4,20,0,3.44,0.25,13.19,205.78,103.08,0,0,159.87,2026-03-25 22:39
TR00001,12123,Mumbai - Pune Express,Mumbai CST,Pune Jn,Mumbai CST,Dadar,462.49,66.34,21.11,0.012,31.6,16,5,33.6,0.146,7.51,396.42,67.44,0,0,438.61,2026-04-07 23:18
TR00002,11010,Deccan Express,Mumbai CST,Pune Jn,Kalyan,Lonavala,269.29,101.09,34.11,0.193,34.7,15,0,30.56,0.313,12.62,230.82,106.0,0,0,189.32,2026-08-07 18:09
TR00003,12010,Shatabdi Express,Mumbai Central,Ahmedabad Jn,Borivali,Vapi,508.43,88.03,38.65,0.209,20.8,16,0,43.21,0.178,21.91,435.8,99.06,0,0,393.9,2026-07-23 22:33
TR00004,12951,Mumbai Rajdhani,Mumbai Central,New Delhi,Mumbai Central,Surat,469.35,77.85,28.9,0.091,29.6,14,6,19.91,0.364,23.34,402.3,78.95,0,0,415.38,2026-01-21 20:55
TR00005,12622,Tamil Nadu Express,New Delhi,Chennai Central,Nagpur,Vijayawada,116.51,60.75,31.63,0.391,21.9,1,2,12.17,0.38,6.43,99.86,67.0,1,0,157.4,2026-08-10 03:37
TR00006,12295,Sanghamitra Express,Bengaluru,Patna Jn,Gaya Jn,Patna Jn,319.3,69.92,22.43,0.166,26.7,14,5,10.95,0.412,5.12,273.69,59.55,0,0,319.66,2026-05-21 19:19
TR00001,12123,Mumbai - Pune Express,Mumbai CST,Pune Jn,Mumbai CST,Dadar,222.97,80.0,10.68,0.09,29.8,0,1,10.11,0.18,4.96,191.12,73.52,0,0,176.77,2026-03-22 02:56
TR00002,11010,Deccan Express,Mumbai CST,Pune Jn,Kalyan,Lonavala,414.07,67.52,24.38,0.055,34.9,19,0,24.21,0.22,8.7,354.92,67.59,0,1,509.54,2026-05-14 03:29
TR00003,12010,Shatabdi Express,Mumbai Central,Ahmedabad Jn,Vadodara,Ahmedabad Jn,328.24,77.78,13.43,0.056,19.6,15,1,4.77,0.507,10.59,281.35,74.12,0,0,300.46,2026-06-10 20:00
TR00004,12951,Mumbai Rajdhani,Mumbai Central,New Delhi,Kota Jn,New Delhi,259.44,62.5,16.44,0.463,37.3,22,2,13.59,0.165,14.39,222.38,66.94,0,0,295.59,2026-08-03 02:55
TR00005,12622,Tamil Nadu Express,New Delhi,Chennai Central,Bhopal Jn,Nagpur,257.49,72.84,4.61,0.269,34.0,16,4,14.96,0.159,3.01,220.71,83.56,0,0,228.13,2026-07-03 19:48
TR00006,12295,Sanghamitra Express,Bengaluru,Patna Jn,Gaya Jn,Patna Jn,423.53,67.81,20.81,0.176,21.1,8,0,24.72,0.046,12.84,363.03,59.06,0,0,405.18,2026-03-14 14:45
TR00001,12123,Mumbai - Pune Express,Mumbai CST,Pune Jn,Lonavala,Pune Jn,160.32,72.08,13.64,0.053,31.9,13,2,12.83,0.157,14.34,137.42,80.8,0,0,139.89,2026-06-16 15:19
TR00002,11010,Deccan Express,Mumbai CST,Pune Jn,Lonavala,Pune Jn,125.62,36.99,15.45,0.169,22.7,4,6,12.28,0.407,10.17,107.67,20.0,0,0,235.8,2026-05-19 07:55
TR00003,12010,Shatabdi Express,Mumbai Central,Ahmedabad Jn,Surat,Vadodara,249.03,115.88,29.66,0.15,23.6,19,3,18.12,0.271,1.02,213.45,114.06,0,1,198.76,2026-07-13 22:18
TR00004,12951,Mumbai Rajdhani,Mumbai Central,New Delhi,Kota Jn,New Delhi,101.62,89.42,20.4,0.124,33.0,10,1,5.64,0.285,0.64,87.1,96.26,0,0,85.95,2026-04-30 11:25
TR00005,12622,Tamil Nadu Express,New Delhi,Chennai Central,New Delhi,Bhopal Jn,192.96,94.24,25.21,0.25,20.0,3,0,49.44,0.339,1.7,165.4,98.4,0,0,153.86,2026-04-27 05:33
TR00006,12295,Sanghamitra Express,Bengaluru,Patna Jn,Vijayawada,Gaya Jn,311.66,20.0,10.93,0.354,25.5,1,6,11.81,0.207,2.89,267.14,28.48,0,0,1041.24,2026-07-24 18:21
TR00001,12123,Mumbai - Pune Express,Mumbai CST,Pune Jn,Mumbai CST,Dadar,249.0,40.67,12.83,0.03,33.0,19,4,2.24,0.376,2.45,213.43,40.3,0,0,417.53,2026-08-13 01:57
TR00002,11010,Deccan Express,Mumbai CST,Pune Jn,Lonavala,Pune Jn,51.26,20.0,19.61,0.29,29.9,2,2,14.85,0.193,13.37,43.94,20.0,0,0,175.52,2026-07-09 04:55
TR00003,12010,Shatabdi Express,Mumbai Central,Ahmedabad Jn,Vapi,Surat,295.3,79.7,10.88,0.184,25.4,8,3,1.68,0.197,2.1,253.11,72.61,0,0,241.02,2026-01-21 12:01
TR00004,12951,Mumbai Rajdhani,Mumbai Central,New Delhi,Surat,Vadodara,219.99,128.53,42.71,0.278,24.7,0,5,34.92,0.381,8.92,188.56,130.0,1,0,150.23,2026-08-02 02:30
TR00005,12622,Tamil Nadu Express,New Delhi,Chennai Central,Nagpur,Vijayawada,178.95,78.63,26.66,0.251,32.6,18,0,39.58,0.146,1.39,153.39,77.86,0,0,155.35,2026-02-13 20:35
TR00006,12295,Sanghamitra Express,Bengaluru,Patna Jn,Guntakal Jn,Vijayawada,383.41,73.34,13.67,0.214,19.3,0,0,9.42,0.27,3.11,328.64,80.51,0,0,359.0,2026-04-18 05:59
TR00001,12123,Mumbai - Pune Express,Mumbai CST,Pune Jn,Mumbai CST,Dadar,219.87,105.52,24.98,0.198,33.1,16,1,14.93,0.537,7.66,188.46,92.73,0,0,161.86,2026-05-12 18:41
TR00002,11010,Deccan Express,Mumbai CST,Pune Jn,Kalyan,Lonavala,398.96,106.21,17.01,0.641,31.9,10,6,34.22,0.111,3.84,341.96,118.01,0,0,268.01,2026-04-16 14:28
TR00003,12010,Shatabdi Express,Mumbai Central,Ahmedabad Jn,Surat,Vadodara,197.09,29.64,0.56,0.2,42.7,6,1,0.29,0.125,2.72,168.93,23.11,0,0,428.56,2026-06-02 13:08
TR00004,12951,Mumbai Rajdhani,Mumbai Central,New Delhi,Surat,Vadodara,192.03,50.22,24.63,0.145,39.7,23,4,45.81,0.295,8.58,164.6,51.37,0,0,269.3,2026-07-11 03:29
TR00005,12622,Tamil Nadu Express,New Delhi,Chennai Central,Bhopal Jn,Nagpur,331.16,96.99,16.28,0.166,25.3,21,6,4.25,0.252,12.6,283.85,106.16,0,0,229.68,2026-01-29 00:49
TR00006,12295,Sanghamitra Express,Bengaluru,Patna Jn,Bengaluru,Guntakal Jn,240.07,85.4,27.41,0.368,40.0,20,5,22.7,0.292,7.27,205.77,83.54,0,0,204.11,2026-05-16 23:24
TR00001,12123,Mumbai - Pune Express,Mumbai CST,Pune Jn,Lonavala,Pune Jn,242.97,92.79,30.22,0.423,27.7,12,5,7.97,0.286,11.26,208.26,80.88,0,0,191.81,2026-04-04 15:11
TR00002,11010,Deccan Express,Mumbai CST,Pune Jn,Mumbai CST,Dadar,252.72,43.2,2.25,0.033,14.1,21,4,8.08,0.125,6.26,216.62,47.32,0,0,361.99,2026-06-30 03:01
TR00003,12010,Shatabdi Express,Mumbai Central,Ahmedabad Jn,Vadodara,Ahmedabad Jn,488.58,52.12,28.77,0.364,24.0,9,0,26.69,0.116,15.11,418.78,57.69,0,0,627.52,2026-03-03 19:27
TR00004,12951,Mumbai Rajdhani,Mumbai Central,New Delhi,Kota Jn,New Delhi,260.86,102.12,12.55,0.2,23.7,13,3,12.24,0.126,5.43,223.6,116.63,0,0,166.86,2026-02-14 15:46
TR00005,12622,Tamil Nadu Express,New Delhi,Chennai Central,New Delhi,Bhopal Jn,511.48,120.36,21.58,0.008,29.0,5,0,15.37,0.307,1.47,438.41,130.0,0,0,290.7,2026-05-12 09:50
TR00006,12295,Sanghamitra Express,Bengaluru,Patna Jn,Vijayawada,Gaya Jn,223.48,109.56,29.8,0.345,20.5,3,4,3.79,0.391,18.59,191.55,109.47,1,0,179.67,2026-03-01 05:59
TR00001,12123,Mumbai - Pune Express,Mumbai CST,Pune Jn,Mumbai CST,Dadar,263.28,70.05,14.09,0.03,25.0,17,2,12.49,0.147,12.68,225.67,84.48,0,0,246.65,2026-07-27 21:06
TR00002,11010,Deccan Express,Mumbai CST,Pune Jn,Kalyan,Lonavala,65.94,55.91,19.57,0.542,48.0,4,0,15.79,0.245,6.64,56.52,50.18,0,0,102.57,2026-02-28 05:42
TR00003,12010,Shatabdi Express,Mumbai Central,Ahmedabad Jn,Mumbai Central,Borivali,253.53,87.97,17.13,0.17,32.4,9,0,17.15,0.165,0.27,217.31,90.21,0,0,198.52,2026-03-16 12:18
TR00004,12951,Mumbai Rajdhani,Mumbai Central,New Delhi,Surat,Vadodara,259.06,68.26,21.49,0.216,28.6,10,2,18.34,0.231,11.99,222.05,74.88,0,0,262.9,2026-03-03 14:22
TR00005,12622,Tamil Nadu Express,New Delhi,Chennai Central,New Delhi,Bhopal Jn,185.66,76.45,17.69,0.263,25.7,11,1,36.3,0.126,5.55,159.14,76.1,0,0,166.3,2026-05-28 13:46
TR00006,12295,Sanghamitra Express,Bengaluru,Patna Jn,Bengaluru,Guntakal Jn,344.75,57.28,14.52,0.17,33.4,6,0,1.73,0.484,15.72,295.5,70.38,0,0,436.66,2026-01-23 13:16
TR00001,12123,Mumbai - Pune Express,Mumbai CST,Pune Jn,Kalyan,Karjat,258.17,97.02,15.91,0.554,17.3,9,1,5.83,0.26,10.65,221.28,103.42,0,0,196.77,2026-07-26 12:16
TR00002,11010,Deccan Express,Mumbai CST,Pune Jn,Lonavala,Pune Jn,136.17,68.5,20.51,0.023,30.5,7,5,64.87,0.125,8.99,116.72,57.6,0,0,133.87,2026-06-13 09:13
TR00003,12010,Shatabdi Express,Mumbai Central,Ahmedabad Jn,Vadodara,Ahmedabad Jn,266.61,95.24,18.13,0.412,13.9,0,0,12.25,0.132,2.74,228.53,91.7,0,0,192.11,2026-06-12 03:12
TR00004,12951,Mumbai Rajdhani,Mumbai Central,New Delhi,Surat,Vadodara,183.38,100.99,11.51,0.089,25.1,13,1,27.46,0.16,1.98,157.18,104.08,0,0,118.69,2026-05-19 14:58
TR00005,12622,Tamil Nadu Express,New Delhi,Chennai Central,Nagpur,Vijayawada,89.43,95.2,10.21,0.583,32.8,0,2,18.3,0.078,1.9,76.66,92.32,0,0,68.59,2026-05-31 01:08
TR00006,12295,Sanghamitra Express,Bengaluru,Patna Jn,Bengaluru,Guntakal Jn,343.3,68.49,28.94,0.012,5.0,5,5,27.43,0.626,1.74,294.26,70.62,0,0,369.9,2026-04-12 11:09
TR00001,12123,Mumbai - Pune Express,Mumbai CST,Pune Jn,Mumbai CST,Dadar,297.57,78.91,11.96,0.145,28.2,11,0,3.4,0.159,32.3,255.06,85.81,0,0,247.98,2026-01-13 15:07
TR00002,11010,Deccan Express,Mumbai CST,Pune Jn,Dadar,Kalyan,429.27,20.0,7.89,0.18,24.3,19,1,13.77,0.22,4.38,367.95,20.0,0,0,1405.68,2026-04-15 18:25
TR00003,12010,Shatabdi Express,Mumbai Central,Ahmedabad Jn,Borivali,Vapi,138.29,77.08,30.62,0.4,28.4,8,6,16.14,0.636,1.06,118.53,84.65,0,0,155.51,2026-03-16 10:35
TR00004,12951,Mumbai Rajdhani,Mumbai Central,New Delhi,Kota Jn,New Delhi,115.9,61.64,25.74,0.149,27.9,21,3,15.79,0.609,7.73,99.34,49.49,0,0,153.98,2026-07-04 23:33
TR00005,12622,Tamil Nadu Express,New Delhi,Chennai Central,Vijayawada,Chennai Central,307.78,62.42,28.89,0.577,41.0,9,2,29.7,0.089,2.74,263.81,63.53,0,0,344.6,2026-03-14 14:44
TR00006,12295,Sanghamitra Express,Bengaluru,Patna Jn,Guntakal Jn,Vijayawada,427.84,82.67,17.5,0.055,24.0,17,4,3.9,0.421,6.48,366.72,82.91,0,0,360.93,2026-01-30 23:00
TR00001,12123,Mumbai - Pune Express,Mumbai CST,Pune Jn,Mumbai CST,Dadar,250.41,79.37,15.68,0.148,31.1,5,2,0.87,0.008,10.9,214.64,77.31,0,1,251.62,2026-08-03 09:11
TR00002,11010,Deccan Express,Mumbai CST,Pune Jn,Dadar,Kalyan,112.66,59.14,46.98,0.118,30.8,3,5,35.58,0.247,11.81,96.57,60.86,1,0,161.99,2026-06-28 05:41
TR00003,12010,Shatabdi Express,Mumbai Central,Ahmedabad Jn,Borivali,Vapi,371.72,28.98,4.82,0.064,29.7,14,4,14.58,0.258,2.52,318.62,31.61,0,0,836.38,2026-08-22 03:56
TR00004,12951,Mumbai Rajdhani,Mumbai Central,New Delhi,Vadodara,Kota Jn,297.61,66.3,10.01,0.339,23.7,4,3,12.25,0.094,20.42,255.1,60.05,0,0,293.96,2026-07-13 08:53
TR00005,12622,Tamil Nadu Express,New Delhi,Chennai Central,New Delhi,Bhopal Jn,541.06,72.9,33.33,0.116,37.3,22,4,8.9,0.534,2.35,463.76,77.64,0,0,532.59,2026-07-01 06:52
TR00006,12295,Sanghamitra Express,Bengaluru,Patna Jn,Guntakal Jn,Vijayawada,181.65,72.59,22.97,0.211,25.8,5,1,34.01,0.136,1.7,155.7,74.05,0,0,172.39,2026-01-08 07:52
TR00001,12123,Mumbai - Pune Express,Mumbai CST,Pune Jn,Lonavala,Pune Jn,135.0,32.56,49.67,0.472,28.9,19,3,41.91,0.29,26.77,115.72,20.0,1,0,334.32,2026-08-27 00:34
TR00002,11010,Deccan Express,Mumbai CST,Pune Jn,Mumbai CST,Dadar,196.75,83.25,21.56,0.166,34.5,19,6,20.63,0.629,5.44,168.65,93.02,0,0,187.5,2026-06-01 22:07
TR00003,12010,Shatabdi Express,Mumbai Central,Ahmedabad Jn,Mumbai Central,Borivali,226.26,56.62,36.77,0.053,17.8,8,2,9.56,0.452,2.78,193.94,50.33,1,0,311.33,2026-05-18 13:11
TR00004,12951,Mumbai Rajdhani,Mumbai Central,New Delhi,Vadodara,Kota Jn,387.18,65.24,17.66,0.034,33.7,22,1,7.4,0.395,14.91,331.86,63.66,0,0,408.41,2026-06-21 04:48
TR00005,12622,Tamil Nadu Express,New Delhi,Chennai Central,Bhopal Jn,Nagpur,252.9,83.54,31.6,0.046,26.0,18,0,18.69,0.431,30.32,216.77,88.38,0,0,214.71,2026-02-03 21:34
TR00006,12295,Sanghamitra Express,Bengaluru,Patna Jn,Vijayawada,Gaya Jn,396.42,72.39,6.46,0.497,20.3,20,2,9.44,0.274,4.89,339.79,72.86,0,0,380.67,2026-03-26 02:20
TR00001,12123,Mumbai - Pune Express,Mumbai CST,Pune Jn,Dadar,Kalyan,136.67,105.89,34.67,0.58,30.7,9,6,8.27,0.333,3.62,117.15,103.61,0,1,141.84,2026-05-31 11:21
TR00002,11010,Deccan Express,Mumbai CST,Pune Jn,Kalyan,Lonavala,336.25,75.84,1.78,0.125,30.5,23,6,2.15,0.158,10.69,288.21,72.85,0,0,281.83,2026-08-26 03:41
TR00003,12010,Shatabdi Express,Mumbai Central,Ahmedabad Jn,Borivali,Vapi,318.31,87.04,25.15,0.123,25.7,13,6,20.46,0.321,14.72,272.84,91.95,0,0,253.41,2026-01-29 17:13
TR00004,12951,Mumbai Rajdhani,Mumbai Central,New Delhi,Vadodara,Kota Jn,228.17,40.54,46.07,0.522,35.5,16,3,27.72,0.071,24.25,195.57,28.16,0,1,503.63,2026-08-20 00:23
TR00005,12622,Tamil Nadu Express,New Delhi,Chennai Central,Nagpur,Vijayawada,207.67,130.0,24.78,0.133,23.2,19,5,12.01,0.195,4.46,178.01,130.0,0,0,117.61,2026-06-26 20:57
TR00006,12295,Sanghamitra Express,Bengaluru,Patna Jn,Bengaluru,Guntakal Jn,406.89,95.35,26.66,0.17,35.8,19,4,11.58,0.463,4.36,348.76,98.79,0,0,309.01,2026-05-17 00:09
TR00001,12123,Mumbai - Pune Express,Mumbai CST,Pune Jn,Dadar,Kalyan,378.04,70.54,24.16,0.203,26.7,7,0,21.35,0.528,5.27,324.03,76.95,0,0,394.42,2026-05-20 13:34
TR00002,11010,Deccan Express,Mumbai CST,Pune Jn,Mumbai CST,Dadar,111.29,94.06,10.76,0.341,33.0,20,5,4.37,0.111,3.24,95.4,105.5,0,0,81.04,2026-08-25 21:21
TR00003,12010,Shatabdi Express,Mumbai Central,Ahmedabad Jn,Vapi,Surat,167.08,64.01,37.75,0.016,35.1,18,0,31.61,0.551,4.74,143.21,56.32,0,1,259.13,2026-05-07 22:19
TR00004,12951,Mumbai Rajdhani,Mumbai Central,New Delhi,Vadodara,Kota Jn,306.36,101.41,34.98,0.241,19.3,10,1,22.09,0.185,33.26,262.6,110.85,0,1,264.1,2026-03-06 14:24
TR00005,12622,Tamil Nadu Express,New Delhi,Chennai Central,New Delhi,Bhopal Jn,124.28,75.14,18.15,0.091,29.4,0,4,43.85,0.188,10.34,106.53,74.9,0,0,118.09,2026-03-22 01:58
TR00006,12295,Sanghamitra Express,Bengaluru,Patna Jn,Bengaluru,Guntakal Jn,432.09,61.23,14.1,0.169,13.0,6,6,11.2,0.274,7.3,370.37,76.92,0,0,476.05,2026-01-08 13:56
TR00001,12123,Mumbai - Pune Express,Mumbai CST,Pune Jn,Lonavala,Pune Jn,81.24,91.58,35.92,0.25,31.7,6,1,33.49,0.542,6.71,69.63,90.79,0,1,101.93,2026-03-02 07:41
TR00002,11010,Deccan Express,Mumbai CST,Pune Jn,Kalyan,Lonavala,362.85,109.14,16.2,0.332,24.0,5,6,5.4,0.178,2.5,311.01,106.26,0,0,222.75,2026-02-14 08:42
TR00003,12010,Shatabdi Express,Mumbai Central,Ahmedabad Jn,Borivali,Vapi,174.18,83.93,28.28,0.094,23.8,2,5,33.23,0.437,8.07,149.29,90.98,0,0,155.95,2026-04-21 04:35
TR00004,12951,Mumbai Rajdhani,Mumbai Central,New Delhi,Surat,Vadodara,166.43,81.97,14.99,0.121,21.0,12,1,7.2,0.197,7.8,142.66,88.17,0,0,140.56,2026-06-19 14:20
TR00005,12622,Tamil Nadu Express,New Delhi,Chennai Central,Bhopal Jn,Nagpur,162.22,72.55,16.49,0.04,31.6,7,5,13.74,0.285,7.8,139.05,72.22,0,0,153.34,2026-07-30 09:33
TR00006,12295,Sanghamitra Express,Bengaluru,Patna Jn,Vijayawada,Gaya Jn,336.61,105.71,12.2,0.293,20.2,18,2,17.44,0.281,8.27,288.52,95.45,0,0,220.24,2026-02-07 21:40
TR00001,12123,Mumbai - Pune Express,Mumbai CST,Pune Jn,Kalyan,Karjat,536.51,106.53,33.9,0.24,33.7,1,4,36.37,0.41,11.03,459.87,100.03,0,0,369.8,2026-03-19 07:09
TR00002,11010,Deccan Express,Mumbai CST,Pune Jn,Dadar,Kalyan,79.19,73.72,40.06,0.229,19.1,13,4,64.61,0.121,13.0,67.88,71.46,0,0,89.5,2026-07-06 14:29
TR00003,12010,Shatabdi Express,Mumbai Central,Ahmedabad Jn,Vadodara,Ahmedabad Jn,170.07,57.53,34.33,0.538,41.4,20,1,16.48,0.542,1.67,145.78,66.49,0,0,243.31,2026-01-02 00:03
TR00004,12951,Mumbai Rajdhani,Mumbai Central,New Delhi,Vadodara,Kota Jn,214.01,97.26,40.17,0.499,17.2,11,6,11.67,0.559,2.13,183.43,113.53,0,1,250.16,2026-01-24 15:10
TR00005,12622,Tamil Nadu Express,New Delhi,Chennai Central,New Delhi,Bhopal Jn,90.97,115.81,14.86,0.31,14.8,23,5,20.51,0.214,2.61,77.97,114.55,0,0,60.56,2026-07-10 00:00
TR00006,12295,Sanghamitra Express,Bengaluru,Patna Jn,Vijayawada,Gaya Jn,378.33,86.85,51.39,0.341,22.8,2,3,55.71,0.165,3.93,324.29,89.62,0,1,390.56,2026-08-09 08:30
TR00001,12123,Mumbai - Pune Express,Mumbai CST,Pune Jn,Lonavala,Pune Jn,211.73,98.59,12.24,0.019,28.1,10,0,26.92,0.072,1.8,181.48,108.59,0,1,174.35,2026-04-29 12:54
TR00002,11010,Deccan Express,Mumbai CST,Pune Jn,Mumbai CST,Dadar,346.04,86.41,12.5,0.186,41.7,22,2,17.04,0.236,20.0,296.6,93.36,0,1,339.93,2026-05-10 03:39
TR00003,12010,Shatabdi Express,Mumbai Central,Ahmedabad Jn,Surat,Vadodara,205.33,67.57,36.28,0.024,36.6,15,6,23.99,0.345,7.34,176.0,67.04,1,0,229.04,2026-08-26 18:49
TR00004,12951,Mumbai Rajdhani,Mumbai Central,New Delhi,Surat,Vadodara,245.32,65.28,6.63,0.056,19.1,21,6,3.7,0.109,12.09,210.28,67.36,0,0,240.58,2026-05-06 01:00
TR00005,12622,Tamil Nadu Express,New Delhi,Chennai Central,Nagpur,Vijayawada,165.11,68.53,24.55,0.144,30.6,16,5,23.28,0.072,8.46,141.52,55.24,1,0,176.66,2026-07-06 18:56
TR00006,12295,Sanghamitra Express,Bengaluru,Patna Jn,Guntakal Jn,Vijayawada,298.41,46.0,26.48,0.387,32.6,12,3,9.58,0.511,10.78,255.78,43.78,0,0,490.91,2026-04-17 20:10
TR00001,12123,Mumbai - Pune Express,Mumbai CST,Pune Jn,Lonavala,Pune Jn,91.65,118.88,38.47,0.065,28.0,12,5,27.1,0.373,28.3,78.56,126.55,1,0,83.37,2026-08-06 13:23
TR00002,11010,Deccan Express,Mumbai CST,Pune Jn,Mumbai CST,Dadar,116.21,52.44,19.35,0.06,30.6,21,1,11.67,0.365,11.06,99.61,66.24,0,1,198.09,2026-08-24 00:18
TR00003,12010,Shatabdi Express,Mumbai Central,Ahmedabad Jn,Borivali,Vapi,192.37,35.14,11.6,0.326,24.5,12,5,4.71,0.169,15.91,164.89,42.73,0,0,371.64,2026-03-18 18:11
TR00004,12951,Mumbai Rajdhani,Mumbai Central,New Delhi,Kota Jn,New Delhi,161.54,122.85,15.65,0.304,24.5,6,3,4.06,0.23,5.17,138.46,129.67,0,0,101.59,2026-08-03 07:41
TR00005,12622,Tamil Nadu Express,New Delhi,Chennai Central,New Delhi,Bhopal Jn,162.29,67.34,38.66,0.212,35.7,3,2,38.23,0.409,17.21,139.11,58.66,1,0,195.32,2026-07-09 06:15
TR00006,12295,Sanghamitra Express,Bengaluru,Patna Jn,Guntakal Jn,Vijayawada,458.98,78.28,40.0,0.402,25.9,11,3,48.9,0.287,0.36,393.41,84.18,0,0,432.03,2026-03-19 18:12
TR00001,12123,Mumbai - Pune Express,Mumbai CST,Pune Jn,Mumbai CST,Dadar,337.56,74.82,10.76,0.075,20.5,14,4,19.0,0.313,2.9,289.34,69.11,0,0,301.73,2026-02-27 19:01
TR00002,11010,Deccan Express,Mumbai CST,Pune Jn,Kalyan,Lonavala,184.22,73.72,20.67,0.148,31.2,4,2,16.63,0.415,3.24,157.91,81.88,0,0,187.34,2026-08-01 07:07
TR00003,12010,Shatabdi Express,Mumbai Central,Ahmedabad Jn,Vadodara,Ahmedabad Jn,96.45,74.64,29.78,0.365,20.8,14,6,17.12,0.367,17.1,82.67,71.02,0,0,100.96,2026-03-06 15:40
TR00004,12951,Mumbai Rajdhani,Mumbai Central,New Delhi,Mumbai Central,Surat,378.68,57.64,26.04,0.214,18.6,17,1,28.2,0.276,12.08,324.59,68.67,0,0,458.45,2026-05-27 00:38
TR00005,12622,Tamil Nadu Express,New Delhi,Chennai Central,Vijayawada,Chennai Central,222.38,108.5,17.19,0.199,27.7,5,2,38.93,0.239,3.71,190.61,114.65,0,0,143.36,2026-03-28 07:23
TR00006,12295,Sanghamitra Express,Bengaluru,Patna Jn,Vijayawada,Gaya Jn,151.01,76.73,24.29,0.363,28.7,14,2,17.29,0.442,9.16,129.44,70.74,0,0,154.53,2026-06-18 16:34
TR00001,12123,Mumbai - Pune Express,Mumbai CST,Pune Jn,Karjat,Lonavala,89.99,90.65,36.77,0.293,29.7,2,4,5.48,0.113,18.85,77.14,77.22,0,1,98.45,2026-02-06 03:38
TR00002,11010,Deccan Express,Mumbai CST,Pune Jn,Kalyan,Lonavala,114.28,59.71,30.34,0.129,27.7,17,2,2.46,0.675,2.06,97.95,58.32,0,1,204.45,2026-01-16 20:24
TR00003,12010,Shatabdi Express,Mumbai Central,Ahmedabad Jn,Vadodara,Ahmedabad Jn,151.88,67.96,23.03,0.196,35.3,17,1,3.72,0.479,8.51,130.18,79.11,0,0,173.32,2026-01-22 19:53
TR00004,12951,Mumbai Rajdhani,Mumbai Central,New Delhi,Kota Jn,New Delhi,165.5,69.22,18.26,0.454,23.0,0,5,11.88,0.214,5.3,141.86,69.42,0,0,169.88,2026-07-04 02:49
TR00005,12622,Tamil Nadu Express,New Delhi,Chennai Central,New Delhi,Bhopal Jn,154.25,58.42,12.9,0.192,23.6,0,2,19.25,0.029,3.64,132.22,59.68,0,0,173.3,2026-08-08 02:53
TR00006,12295,Sanghamitra Express,Bengaluru,Patna Jn,Bengaluru,Guntakal Jn,56.81,64.99,21.67,0.068,26.0,20,0,22.09,0.453,6.84,48.7,67.77,0,0,69.01,2026-04-12 21:09
TR00001,12123,Mumbai - Pune Express,Mumbai CST,Pune Jn,Karjat,Lonavala,197.76,69.14,32.05,0.163,18.4,22,0,12.41,0.366,17.54,169.51,79.61,0,0,203.47,2026-04-23 01:23
TR00002,11010,Deccan Express,Mumbai CST,Pune Jn,Dadar,Kalyan,228.12,74.31,15.51,0.118,24.0,14,1,12.73,0.345,6.86,195.53,76.54,0,0,209.86,2026-02-21 17:29
TR00003,12010,Shatabdi Express,Mumbai Central,Ahmedabad Jn,Borivali,Vapi,184.52,90.91,21.43,0.31,23.5,6,3,14.96,0.166,11.69,158.16,90.98,0,0,143.74,2026-04-23 08:23
TR00004,12951,Mumbai Rajdhani,Mumbai Central,New Delhi,Surat,Vadodara,373.63,81.25,35.93,0.317,23.5,23,6,13.8,0.594,21.84,320.26,75.12,0,0,364.89,2026-03-23 05:04
TR00005,12622,Tamil Nadu Express,New Delhi,Chennai Central,Vijayawada,Chennai Central,142.91,52.26,19.67,0.145,23.3,6,1,27.69,0.212,7.19,122.49,48.92,0,0,180.81,2026-08-19 09:00
TR00006,12295,Sanghamitra Express,Bengaluru,Patna Jn,Bengaluru,Guntakal Jn,303.39,95.94,24.1,0.525,16.8,0,5,22.81,0.317,2.45,260.05,90.92,0,0,246.19,2026-02-19 04:06
TR00001,12123,Mumbai - Pune Express,Mumbai CST,Pune Jn,Kalyan,Karjat,435.55,71.68,7.04,0.059,29.0,17,5,13.86,0.116,11.93,373.32,65.43,0,0,384.63,2026-05-03 23:24
TR00002,11010,Deccan Express,Mumbai CST,Pune Jn,Lonavala,Pune Jn,327.39,93.03,36.03,0.167,34.6,20,0,20.39,0.415,6.31,280.62,89.85,0,1,329.13,2026-05-30 01:29
TR00003,12010,Shatabdi Express,Mumbai Central,Ahmedabad Jn,Borivali,Vapi,207.97,21.33,10.28,0.335,26.5,15,1,17.67,0.102,4.4,178.26,25.32,0,0,641.85,2026-08-27 01:41
TR00004,12951,Mumbai Rajdhani,Mumbai Central,New Delhi,Surat,Vadodara,167.94,81.17,39.22,0.343,15.6,17,4,30.37,0.274,7.9,143.95,74.9,1,0,169.06,2026-05-16 19:49
TR00005,12622,Tamil Nadu Express,New Delhi,Chennai Central,Vijayawada,Chennai Central,248.65,75.82,18.39,0.062,38.3,23,0,30.64,0.27,1.96,213.13,63.75,0,1,276.88,2026-07-06 03:36
TR00006,12295,Sanghamitra Express,Bengaluru,Patna Jn,Vijayawada,Gaya Jn,252.77,37.81,15.88,0.181,43.0,5,4,3.81,0.49,8.34,216.66,24.11,0,0,485.75,2026-02-07 13:05
TR00001,12123,Mumbai - Pune Express,Mumbai CST,Pune Jn,Karjat,Lonavala,323.74,102.21,32.49,0.441,18.5,17,0,13.71,0.753,2.94,277.49,90.04,0,0,273.51,2026-01-24 21:33
TR00002,11010,Deccan Express,Mumbai CST,Pune Jn,Dadar,Kalyan,233.6,59.45,19.98,0.078,24.7,18,0,33.21,0.193,23.92,200.23,62.57,0,0,260.05,2026-02-10 22:20
TR00003,12010,Shatabdi Express,Mumbai Central,Ahmedabad Jn,Vapi,Surat,74.44,76.39,19.35,0.238,29.3,8,2,22.02,0.386,5.96,63.81,80.83,0,0,72.74,2026-07-05 09:12
TR00004,12951,Mumbai Rajdhani,Mumbai Central,New Delhi,Vadodara,Kota Jn,203.78,117.57,24.55,0.097,25.0,20,1,15.94,0.167,0.59,174.67,123.23,1,0,136.35,2026-06-23 22:16
TR00005,12622,Tamil Nadu Express,New Delhi,Chennai Central,Nagpur,Vijayawada,161.27,78.64,21.83,0.209,40.0,2,5,40.61,0.164,0.92,138.23,69.6,0,0,145.17,2026-03-21 04:25
TR00006,12295,Sanghamitra Express,Bengaluru,Patna Jn,Vijayawada,Gaya Jn,200.88,98.74,30.77,0.307,20.7,6,2,17.28,0.593,5.15,172.18,105.83,0,0,165.88,2026-07-27 08:45
TR00001,12123,Mumbai - Pune Express,Mumbai CST,Pune Jn,Kalyan,Karjat,231.1,78.33,22.68,0.054,33.0,13,2,7.17,0.413,0.92,198.09,80.48,1,0,223.5,2026-02-17 16:43
TR00002,11010,Deccan Express,Mumbai CST,Pune Jn,Mumbai CST,Dadar,129.13,88.75,7.17,0.037,16.6,3,1,9.9,0.415,2.94,110.68,90.89,0,0,98.97,2026-03-13 04:38
TR00003,12010,Shatabdi Express,Mumbai Central,Ahmedabad Jn,Vapi,Surat,442.12,99.21,3.59,0.115,27.8,2,4,7.93,0.058,10.24,378.96,91.86,0,0,276.66,2026-07-18 06:36
TR00004,12951,Mumbai Rajdhani,Mumbai Central,New Delhi,Mumbai Central,Surat,56.06,95.51,21.73,0.293,15.7,10,3,5.87,0.296,11.0,48.05,87.07,0,0,53.68,2026-01-26 10:53
TR00005,12622,Tamil Nadu Express,New Delhi,Chennai Central,Bhopal Jn,Nagpur,426.56,97.76,15.27,0.186,18.6,11,4,9.48,0.143,4.83,365.62,101.36,0,0,288.49,2026-07-24 15:48
TR00006,12295,Sanghamitra Express,Bengaluru,Patna Jn,Bengaluru,Guntakal Jn,348.08,67.38,32.46,0.121,26.1,9,6,20.5,0.257,20.91,298.35,81.98,0,1,446.3,2026-05-11 16:26
TR00001,12123,Mumbai - Pune Express,Mumbai CST,Pune Jn,Mumbai CST,Dadar,148.67,85.19,9.3,0.262,27.6,10,3,15.87,0.077,5.58,127.43,76.98,0,0,115.9,2026-01-09 11:55
TR00002,11010,Deccan Express,Mumbai CST,Pune Jn,Mumbai CST,Dadar,291.59,66.85,20.43,0.017,38.3,1,5,28.39,0.234,3.21,249.93,69.19,0,0,283.24,2026-01-01 05:43
TR00003,12010,Shatabdi Express,Mumbai Central,Ahmedabad Jn,Vadodara,Ahmedabad Jn,165.63,83.95,34.3,0.484,30.5,5,3,23.16,0.208,6.0,141.97,99.97,0,0,151.59,2026-03-19 07:31
TR00004,12951,Mumbai Rajdhani,Mumbai Central,New Delhi,Vadodara,Kota Jn,330.95,85.52,30.59,0.307,20.3,8,1,10.16,0.223,13.69,283.67,91.42,1,0,284.33,2026-02-10 12:44
TR00005,12622,Tamil Nadu Express,New Delhi,Chennai Central,Nagpur,Vijayawada,244.14,94.68,30.56,0.502,31.6,15,4,1.79,0.304,12.07,209.26,103.63,0,0,196.06,2026-01-31 18:16
TR00006,12295,Sanghamitra Express,Bengaluru,Patna Jn,Vijayawada,Gaya Jn,245.65,86.82,25.01,0.144,39.7,3,0,6.69,0.431,11.57,210.55,84.04,0,0,211.47,2026-07-11 06:31
TR00001,12123,Mumbai - Pune Express,Mumbai CST,Pune Jn,Dadar,Kalyan,95.48,95.51,5.34,0.136,40.8,17,3,4.73,0.09,23.79,81.84,95.68,0,0,65.39,2026-01-11 18:05
TR00002,11010,Deccan Express,Mumbai CST,Pune Jn,Mumbai CST,Dadar,297.53,66.44,12.36,0.143,22.6,21,3,17.03,0.034,2.13,255.02,60.1,0,0,282.27,2026-04-30 01:42
TR00003,12010,Shatabdi Express,Mumbai Central,Ahmedabad Jn,Vapi,Surat,135.11,95.34,9.38,0.196,29.3,8,4,2.87,0.266,9.5,115.81,81.17,0,0,92.57,2026-05-14 09:32
TR00004,12951,Mumbai Rajdhani,Mumbai Central,New Delhi,Mumbai Central,Surat,144.41,96.2,10.62,0.033,35.7,19,4,11.02,0.11,4.17,123.78,92.79,0,0,97.73,2026-02-24 20:37
TR00005,12622,Tamil Nadu Express,New Delhi,Chennai Central,Vijayawada,Chennai Central,151.65,53.01,44.03,0.472,22.5,8,1,9.85,0.179,5.84,129.98,47.03,1,1,288.66,2026-02-08 12:48
TR00006,12295,Sanghamitra Express,Bengaluru,Patna Jn,Vijayawada,Gaya Jn,451.71,72.23,26.92,0.087,21.5,9,0,12.62,0.434,2.18,387.18,73.68,0,0,446.24,2026-04-24 16:26
TR00001,12123,Mumbai - Pune Express,Mumbai CST,Pune Jn,Lonavala,Pune Jn,717.92,99.16,20.72,0.471,29.3,19,5,24.75,0.226,5.9,615.36,103.68,0,0,506.9,2026-03-29 03:26
TR00002,11010,Deccan Express,Mumbai CST,Pune Jn,Mumbai CST,Dadar,169.49,38.47,22.03,0.174,11.0,7,6,23.87,0.352,3.07,145.28,42.43,0,0,314.48,2026-08-10 12:14
TR00003,12010,Shatabdi Express,Mumbai Central,Ahmedabad Jn,Vadodara,Ahmedabad Jn,77.73,74.05,8.5,0.462,22.9,17,4,5.63,0.183,1.96,66.62,78.29,0,0,79.25,2026-05-26 18:19
TR00004,12951,Mumbai Rajdhani,Mumbai Central,New Delhi,Mumbai Central,Surat,125.6,79.82,18.12,0.374,10.8,2,2,7.24,0.125,28.9,107.66,82.88,0,0,111.31,2026-07-21 03:51
TR00005,12622,Tamil Nadu Express,New Delhi,Chennai Central,Bhopal Jn,Nagpur,345.15,51.99,11.95,0.015,41.9,11,3,21.73,0.117,16.35,295.84,48.76,0,0,416.27,2026-01-22 17:56
TR00006,12295,Sanghamitra Express,Bengaluru,Patna Jn,Bengaluru,Guntakal Jn,413.9,42.08,26.2,0.272,28.3,3,1,15.96,0.351,15.24,354.77,31.26,0,0,696.44,2026-07-13 14:36
TR00001,12123,Mumbai - Pune Express,Mumbai CST,Pune Jn,Dadar,Kalyan,87.04,85.77,42.84,0.245,39.6,0,5,8.62,0.288,8.96,74.61,77.68,1,1,120.43,2026-03-27 02:00
TR00002,11010,Deccan Express,Mumbai CST,Pune Jn,Mumbai CST,Dadar,295.58,41.22,18.29,0.016,20.6,14,1,3.75,0.215,9.68,253.35,53.16,0,1,590.65,2026-01-03 23:50
TR00003,12010,Shatabdi Express,Mumbai Central,Ahmedabad Jn,Mumbai Central,Borivali,230.6,82.09,15.78,0.069,27.1,3,1,21.39,0.451,1.95,197.65,77.69,0,0,202.54,2026-06-09 06:22
TR00004,12951,Mumbai Rajdhani,Mumbai Central,New Delhi,Surat,Vadodara,318.31,68.12,16.9,0.075,29.1,6,0,7.44,0.379,26.49,272.83,68.8,0,0,315.16,2026-05-06 11:15
TR00005,12622,Tamil Nadu Express,New Delhi,Chennai Central,Vijayawada,Chennai Central,359.26,110.2,22.83,0.024,27.4,22,6,12.11,0.343,4.27,307.94,115.41,0,0,227.46,2026-08-23 01:47
TR00006,12295,Sanghamitra Express,Bengaluru,Patna Jn,Guntakal Jn,Vijayawada,172.84,104.65,27.07,0.129,34.5,4,1,28.1,0.056,14.17,148.15,82.67,0,0,116.08,2026-06-30 05:56
TR00001,12123,Mumbai - Pune Express,Mumbai CST,Pune Jn,Lonavala,Pune Jn,157.49,55.46,5.57,0.204,30.8,5,3,12.39,0.202,26.43,134.99,51.77,0,0,183.29,2026-08-13 08:03
TR00002,11010,Deccan Express,Mumbai CST,Pune Jn,Lonavala,Pune Jn,208.52,20.1,23.35,0.057,25.2,6,2,4.01,0.335,1.01,178.73,20.0,0,1,894.7,2026-03-26 20:54
TR00003,12010,Shatabdi Express,Mumbai Central,Ahmedabad Jn,Borivali,Vapi,336.66,81.07,21.3,0.057,32.6,22,5,12.57,0.322,2.86,288.57,86.97,0,0,284.49,2026-05-04 02:44
TR00004,12951,Mumbai Rajdhani,Mumbai Central,New Delhi,Surat,Vadodara,214.31,89.47,12.88,0.284,33.8,2,3,2.95,0.164,4.76,183.7,91.87,0,0,158.6,2026-06-22 04:38
TR00005,12622,Tamil Nadu Express,New Delhi,Chennai Central,Vijayawada,Chennai Central,124.56,44.96,2.87,0.181,20.7,3,0,2.18,0.222,2.01,106.77,31.85,0,0,183.81,2026-03-07 06:03
TR00006,12295,Sanghamitra Express,Bengaluru,Patna Jn,Guntakal Jn,Vijayawada,189.02,57.48,20.59,0.117,23.5,0,2,16.6,0.25,10.37,162.02,49.39,0,0,222.54,2026-07-24 03:42
TR00001,12123,Mumbai - Pune Express,Mumbai CST,Pune Jn,Lonavala,Pune Jn,265.33,63.77,23.03,0.125,41.0,21,6,32.64,0.249,6.95,227.43,65.63,0,0,293.02,2026-02-01 01:53
TR00002,11010,Deccan Express,Mumbai CST,Pune Jn,Lonavala,Pune Jn,300.63,86.89,19.15,0.191,29.0,3,3,11.15,0.18,8.12,257.68,71.05,0,0,242.44,2026-04-24 07:02
TR00003,12010,Shatabdi Express,Mumbai Central,Ahmedabad Jn,Surat,Vadodara,288.24,100.47,19.87,0.469,22.8,14,1,2.59,0.227,6.78,247.06,101.84,0,0,211.16,2026-01-22 17:31
TR00004,12951,Mumbai Rajdhani,Mumbai Central,New Delhi,Mumbai Central,Surat,321.69,104.09,32.56,0.269,27.3,9,5,44.3,0.261,18.42,275.74,103.8,0,0,221.2,2026-05-25 12:41
TR00005,12622,Tamil Nadu Express,New Delhi,Chennai Central,Bhopal Jn,Nagpur,181.66,68.16,21.13,0.082,32.7,10,6,7.84,0.033,25.24,155.71,73.66,0,1,208.4,2026-07-29 13:28
TR00006,12295,Sanghamitra Express,Bengaluru,Patna Jn,Gaya Jn,Patna Jn,110.14,54.83,19.41,0.343,41.7,9,6,14.3,0.49,8.49,94.4,55.06,0,0,152.89,2026-04-01 11:32
TR00001,12123,Mumbai - Pune Express,Mumbai CST,Pune Jn,Kalyan,Karjat,245.98,78.54,12.28,0.06,26.8,20,4,15.12,0.192,3.34,210.84,77.55,0,0,205.25,2026-02-15 23:25
TR00002,11010,Deccan Express,Mumbai CST,Pune Jn,Lonavala,Pune Jn,373.28,77.84,41.13,0.406,34.9,13,3,37.76,0.06,7.27,319.95,77.49,1,0,350.87,2026-01-03 18:50
TR00003,12010,Shatabdi Express,Mumbai Central,Ahmedabad Jn,Borivali,Vapi,379.08,102.93,14.61,0.419,18.6,10,0,8.09,0.227,6.77,324.92,83.09,0,0,260.16,2026-04-07 14:20
TR00004,12951,Mumbai Rajdhani,Mumbai Central,New Delhi,Vadodara,Kota Jn,284.19,52.61,15.07,0.298,26.9,7,5,0.73,0.354,10.17,243.6,57.64,0,0,383.6,2026-01-14 13:23
TR00005,12622,Tamil Nadu Express,New Delhi,Chennai Central,Vijayawada,Chennai Central,172.5,61.93,34.27,0.515,20.1,6,3,8.25,0.337,17.52,147.85,40.51,0,1,282.11,2026-08-14 10:42
TR00006,12295,Sanghamitra Express,Bengaluru,Patna Jn,Guntakal Jn,Vijayawada,158.93,101.74,14.73,0.11,25.1,21,1,14.59,0.311,1.7,136.23,89.59,0,0,115.24,2026-01-20 22:55
TR00001,12123,Mumbai - Pune Express,Mumbai CST,Pune Jn,Dadar,Kalyan,106.5,85.93,17.69,0.181,28.8,4,1,11.91,0.301,4.9,91.29,88.35,0,0,96.52,2026-01-01 05:36
TR00002,11010,Deccan Express,Mumbai CST,Pune Jn,Lonavala,Pune Jn,70.6,54.24,19.71,0.104,24.5,13,1,8.66,0.263,4.2,60.51,49.77,0,0,91.45,2026-06-29 14:31
TR00003,12010,Shatabdi Express,Mumbai Central,Ahmedabad Jn,Vadodara,Ahmedabad Jn,487.51,70.02,20.89,0.254,13.7,7,3,9.18,0.215,28.63,417.86,72.12,0,0,477.0,2026-01-07 14:56
TR00004,12951,Mumbai Rajdhani,Mumbai Central,New Delhi,Mumbai Central,Surat,345.1,99.18,10.14,0.289,16.4,11,3,11.87,0.156,3.51,295.8,101.41,0,0,232.18,2026-08-12 14:52
TR00005,12622,Tamil Nadu Express,New Delhi,Chennai Central,New Delhi,Bhopal Jn,108.52,112.57,27.54,0.36,20.0,4,5,17.62,0.503,7.58,93.02,115.76,0,0,85.44,2026-01-07 05:25
TR00006,12295,Sanghamitra Express,Bengaluru,Patna Jn,Guntakal Jn,Vijayawada,216.49,97.69,16.51,0.202,32.3,5,6,5.03,0.223,4.65,185.56,105.47,0,0,148.1,2026-03-21 07:28
TR00001,12123,Mumbai - Pune Express,Mumbai CST,Pune Jn,Dadar,Kalyan,147.65,116.13,6.19,0.071,34.9,0,3,10.95,0.274,2.14,126.55,104.54,0,0,87.29,2026-01-29 01:27
TR00002,11010,Deccan Express,Mumbai CST,Pune Jn,Kalyan,Lonavala,140.33,50.11,27.24,0.24,36.2,4,2,12.28,0.506,12.56,120.29,60.87,0,0,217.82,2026-04-29 07:37
TR00003,12010,Shatabdi Express,Mumbai Central,Ahmedabad Jn,Surat,Vadodara,189.19,80.71,26.46,0.091,34.2,9,0,16.6,0.171,29.33,162.17,84.34,0,0,161.06,2026-07-08 11:41
TR00004,12951,Mumbai Rajdhani,Mumbai Central,New Delhi,Kota Jn,New Delhi,251.94,102.68,13.92,0.129,33.3,16,3,9.82,0.27,3.2,215.95,114.61,0,0,162.47,2026-04-11 18:42
TR00005,12622,Tamil Nadu Express,New Delhi,Chennai Central,Nagpur,Vijayawada,80.6,45.81,15.56,0.316,23.6,14,3,6.8,0.393,4.62,69.08,44.95,0,0,132.1,2026-01-05 16:12
TR00006,12295,Sanghamitra Express,Bengaluru,Patna Jn,Vijayawada,Gaya Jn,292.08,79.5,12.1,0.101,26.6,2,5,6.54,0.262,6.55,250.36,95.77,0,0,248.15,2026-03-05 06:08
TR00001,12123,Mumbai - Pune Express,Mumbai CST,Pune Jn,Dadar,Kalyan,75.31,63.47,24.64,0.326,31.8,6,6,10.08,0.52,4.57,64.55,70.87,0,0,91.21,2026-04-28 07:31
TR00002,11010,Deccan Express,Mumbai CST,Pune Jn,Kalyan,Lonavala,162.85,79.2,17.87,0.284,27.0,7,4,6.07,0.228,2.62,139.59,76.3,0,0,145.78,2026-01-16 09:25
TR00003,12010,Shatabdi Express,Mumbai Central,Ahmedabad Jn,Vapi,Surat,228.5,81.66,24.36,0.233,26.4,19,1,11.13,0.452,7.4,195.85,79.45,0,0,218.19,2026-02-17 22:38
TR00004,12951,Mumbai Rajdhani,Mumbai Central,New Delhi,Mumbai Central,Surat,280.87,49.16,23.15,0.154,27.2,20,0,9.23,0.607,2.08,240.74,58.79,0,0,425.17,2026-02-27 03:05
TR00005,12622,Tamil Nadu Express,New Delhi,Chennai Central,Vijayawada,Chennai Central,255.6,73.15,20.66,0.059,18.6,8,0,5.78,0.278,10.69,219.08,76.27,0,0,240.95,2026-06-17 12:00
TR00006,12295,Sanghamitra Express,Bengaluru,Patna Jn,Gaya Jn,Patna Jn,566.08,51.27,25.75,0.548,29.5,2,2,20.16,0.374,5.18,485.21,57.03,0,0,819.76,2026-03-26 15:39
TR00001,12123,Mumbai - Pune Express,Mumbai CST,Pune Jn,Dadar,Kalyan,211.74,71.94,1.45,0.103,33.9,2,4,8.76,0.174,5.32,181.49,70.16,0,0,187.67,2026-03-04 05:07
TR00002,11010,Deccan Express,Mumbai CST,Pune Jn,Kalyan,Lonavala,500.05,52.25,33.2,0.148,10.3,0,0,29.69,0.317,4.18,428.61,49.95,0,0,652.97,2026-02-25 10:52
TR00003,12010,Shatabdi Express,Mumbai Central,Ahmedabad Jn,Vadodara,Ahmedabad Jn,395.76,52.11,29.22,0.261,21.8,11,2,7.71,0.688,0.72,339.22,57.89,0,0,589.38,2026-04-26 20:49
TR00004,12951,Mumbai Rajdhani,Mumbai Central,New Delhi,Mumbai Central,Surat,199.4,72.14,13.8,0.16,34.9,7,4,7.86,0.174,9.09,170.92,72.75,0,0,187.66,2026-06-16 10:07
TR00005,12622,Tamil Nadu Express,New Delhi,Chennai Central,Vijayawada,Chennai Central,70.71,77.63,37.54,0.042,20.6,9,3,32.9,0.611,31.37,60.61,74.9,0,0,87.4,2026-01-27 10:27
TR00006,12295,Sanghamitra Express,Bengaluru,Patna Jn,Gaya Jn,Patna Jn,116.18,58.01,12.36,0.323,35.2,5,0,1.84,0.44,3.37,99.59,56.36,0,0,151.09,2026-06-28 07:31
TR00001,12123,Mumbai - Pune Express,Mumbai CST,Pune Jn,Mumbai CST,Dadar,101.25,46.57,18.22,0.154,18.4,3,4,25.91,0.246,17.81,86.78,54.3,0,0,151.44,2026-03-31 05:31
TR00002,11010,Deccan Express,Mumbai CST,Pune Jn,Lonavala,Pune Jn,363.74,91.57,8.71,0.166,32.4,2,1,12.3,0.177,1.36,311.78,91.67,0,0,257.98,2026-05-21 06:17
TR00003,12010,Shatabdi Express,Mumbai Central,Ahmedabad Jn,Surat,Vadodara,256.11,26.15,26.1,0.142,26.3,12,3,5.51,0.307,23.13,219.52,23.78,0,0,662.76,2026-02-01 23:02
TR00004,12951,Mumbai Rajdhani,Mumbai Central,New Delhi,Kota Jn,New Delhi,124.49,75.07,18.84,0.232,31.6,15,0,35.37,0.44,2.06,106.7,60.88,0,0,124.33,2026-01-11 17:04
TR00005,12622,Tamil Nadu Express,New Delhi,Chennai Central,Vijayawada,Chennai Central,182.82,62.22,26.29,0.061,29.1,16,5,12.05,0.25,9.47,156.7,60.7,0,0,201.5,2026-07-01 19:21
TR00006,12295,Sanghamitra Express,Bengaluru,Patna Jn,Guntakal Jn,Vijayawada,277.99,57.15,20.74,0.029,27.6,0,1,10.08,0.246,2.49,238.28,60.99,0,1,402.9,2026-02-10 06:42
TR00001,12123,Mumbai - Pune Express,Mumbai CST,Pune Jn,Mumbai CST,Dadar,285.66,29.42,21.96,0.214,26.2,5,5,22.15,0.264,1.18,244.85,32.61,0,0,666.73,2026-05-19 16:06
TR00002,11010,Deccan Express,Mumbai CST,Pune Jn,Lonavala,Pune Jn,80.46,69.13,9.72,0.113,34.9,14,6,3.27,0.412,0.97,68.97,62.31,0,0,82.38,2026-03-10 15:22
TR00003,12010,Shatabdi Express,Mumbai Central,Ahmedabad Jn,Mumbai Central,Borivali,418.01,96.36,24.54,0.036,31.5,3,0,32.39,0.373,6.06,358.29,87.58,0,0,303.04,2026-06-25 08:03
TR00004,12951,Mumbai Rajdhani,Mumbai Central,New Delhi,Kota Jn,New Delhi,268.26,88.74,20.78,0.181,33.2,7,0,6.44,0.146,12.4,229.94,89.94,1,0,224.81,2026-07-31 10:44
TR00005,12622,Tamil Nadu Express,New Delhi,Chennai Central,Bhopal Jn,Nagpur,282.75,69.13,22.44,0.032,27.4,14,4,14.81,0.547,6.99,242.36,73.41,0,0,294.62,2026-07-31 18:54
TR00006,12295,Sanghamitra Express,Bengaluru,Patna Jn,Guntakal Jn,Vijayawada,334.33,88.66,20.78,0.365,31.4,20,4,4.91,0.062,8.46,286.57,92.73,0,1,320.38,2026-03-16 01:20
TR00001,12123,Mumbai - Pune Express,Mumbai CST,Pune Jn,Kalyan,Karjat,335.72,130.0,10.0,0.018,27.7,11,0,12.9,0.398,18.13,287.76,122.2,0,0,179.58,2026-01-04 13:59
TR00002,11010,Deccan Express,Mumbai CST,Pune Jn,Kalyan,Lonavala,176.66,65.86,15.3,0.055,33.4,14,3,11.69,0.403,2.96,151.43,78.74,0,0,185.44,2026-03-12 17:05
TR00003,12010,Shatabdi Express,Mumbai Central,Ahmedabad Jn,Vapi,Surat,78.55,74.03,30.91,0.082,29.4,20,5,35.9,0.576,7.79,67.32,75.12,0,0,92.35,2026-01-20 21:32
TR00004,12951,Mumbai Rajdhani,Mumbai Central,New Delhi,Surat,Vadodara,339.76,80.34,21.08,0.392,34.6,16,4,6.22,0.232,3.2,291.23,95.41,0,0,300.56,2026-07-26 21:00
TR00005,12622,Tamil Nadu Express,New Delhi,Chennai Central,Vijayawada,Chennai Central,199.31,62.83,6.95,0.057,34.9,0,4,7.81,0.073,13.0,170.84,65.82,0,0,192.51,2026-02-08 03:12
TR00006,12295,Sanghamitra Express,Bengaluru,Patna Jn,Bengaluru,Guntakal Jn,309.29,86.23,32.01,0.514,44.1,7,5,13.22,0.532,3.74,265.1,82.04,0,0,285.19,2026-03-18 11:45
TR00001,12123,Mumbai - Pune Express,Mumbai CST,Pune Jn,Dadar,Kalyan,291.17,62.6,34.27,0.112,31.3,18,1,18.64,0.375,36.35,249.57,54.34,0,1,424.64,2026-05-07 01:04
TR00002,11010,Deccan Express,Mumbai CST,Pune Jn,Mumbai CST,Dadar,255.75,64.15,33.12,0.413,29.5,11,4,26.93,0.237,16.07,219.21,56.44,0,0,280.23,2026-03-21 15:40
TR00003,12010,Shatabdi Express,Mumbai Central,Ahmedabad Jn,Vadodara,Ahmedabad Jn,156.55,80.74,44.35,0.514,25.7,13,3,5.6,0.256,0.25,134.19,79.97,1,1,206.72,2026-08-09 16:26
TR00004,12951,Mumbai Rajdhani,Mumbai Central,New Delhi,Surat,Vadodara,338.96,96.52,20.36,0.437,27.4,9,3,13.49,0.542,5.3,290.54,100.05,0,0,275.0,2026-05-15 13:34
TR00005,12622,Tamil Nadu Express,New Delhi,Chennai Central,Bhopal Jn,Nagpur,191.36,86.99,13.32,0.158,26.9,14,1,2.56,0.303,10.91,164.03,79.2,0,0,150.94,2026-01-08 16:30
TR00006,12295,Sanghamitra Express,Bengaluru,Patna Jn,Bengaluru,Guntakal Jn,230.99,115.56,32.57,0.433,26.1,14,0,13.1,0.28,3.68,197.99,117.38,0,1,200.56,2026-05-24 17:20
TR00001,12123,Mumbai - Pune Express,Mumbai CST,Pune Jn,Karjat,Lonavala,219.3,86.3,31.73,0.594,29.7,6,0,13.16,0.119,1.67,187.97,91.85,1,0,201.12,2026-07-25 09:21
TR00002,11010,Deccan Express,Mumbai CST,Pune Jn,Mumbai CST,Dadar,127.4,89.92,29.9,0.117,16.9,23,6,25.58,0.71,6.5,109.2,98.67,0,0,123.16,2026-03-28 01:03
TR00003,12010,Shatabdi Express,Mumbai Central,Ahmedabad Jn,Borivali,Vapi,141.66,90.66,21.26,0.037,20.5,21,1,27.14,0.165,21.12,121.42,81.45,0,0,116.64,2026-08-26 22:56
TR00004,12951,Mumbai Rajdhani,Mumbai Central,New Delhi,Kota Jn,New Delhi,122.9,85.82,1.97,0.011,28.4,2,6,18.4,0.053,2.62,105.34,90.89,0,0,87.36,2026-06-11 03:27
TR00005,12622,Tamil Nadu Express,New Delhi,Chennai Central,Vijayawada,Chennai Central,153.79,105.43,11.75,0.421,31.5,5,6,5.86,0.323,5.76,131.82,115.91,0,0,113.12,2026-04-09 06:53
TR00006,12295,Sanghamitra Express,Bengaluru,Patna Jn,Guntakal Jn,Vijayawada,130.6,116.22,16.13,0.038,30.1,11,2,14.81,0.301,19.89,111.95,111.95,0,0,93.37,2026-07-26 12:33
TR00001,12123,Mumbai - Pune Express,Mumbai CST,Pune Jn,Karjat,Lonavala,138.47,41.9,7.37,0.066,30.8,18,3,19.76,0.212,16.72,118.69,33.04,0,0,211.84,2026-03-14 21:31
TR00002,11010,Deccan Express,Mumbai CST,Pune Jn,Mumbai CST,Dadar,402.88,114.93,16.88,0.068,33.6,15,3,20.74,0.357,7.36,345.33,115.88,0,0,244.06,2026-05-24 19:04
TR00003,12010,Shatabdi Express,Mumbai Central,Ahmedabad Jn,Mumbai Central,Borivali,328.14,119.0,31.24,0.093,28.0,19,2,3.9,0.375,17.53,281.26,125.37,1,0,218.38,2026-03-04 22:38
TR00004,12951,Mumbai Rajdhani,Mumbai Central,New Delhi,Vadodara,Kota Jn,284.98,48.36,20.33,0.619,22.2,6,3,5.81,0.457,0.19,244.27,53.91,0,0,451.81,2026-06-04 13:31
TR00005,12622,Tamil Nadu Express,New Delhi,Chennai Central,Bhopal Jn,Nagpur,137.87,52.28,28.22,0.245,26.1,15,5,21.22,0.249,4.72,118.18,49.37,0,0,200.42,2026-06-30 18:20
TR00006,12295,Sanghamitra Express,Bengaluru,Patna Jn,Gaya Jn,Patna Jn,255.54,69.15,28.02,0.389,24.5,16,1,21.69,0.098,25.82,219.03,84.62,0,0,255.93,2026-01-21 20:15
TR00001,12123,Mumbai - Pune Express,Mumbai CST,Pune Jn,Lonavala,Pune Jn,218.24,44.93,8.07,0.101,42.8,0,4,23.18,0.368,3.96,187.06,39.27,0,0,326.63,2026-04-09 05:26
TR00002,11010,Deccan Express,Mumbai CST,Pune Jn,Kalyan,Lonavala,224.08,101.31,24.09,0.247,30.9,7,6,23.8,0.054,8.62,192.07,99.37,0,1,187.35,2026-06-23 10:07
TR00003,12010,Shatabdi Express,Mumbai Central,Ahmedabad Jn,Mumbai Central,Borivali,55.18,94.37,26.17,0.134,36.2,15,3,11.3,0.09,9.45,47.3,93.17,0,1,62.3,2026-03-24 16:02
TR00004,12951,Mumbai Rajdhani,Mumbai Central,New Delhi,Kota Jn,New Delhi,101.77,104.75,21.99,0.058,23.4,11,2,12.74,0.248,7.28,87.23,111.74,1,0,83.71,2026-01-10 12:23
TR00005,12622,Tamil Nadu Express,New Delhi,Chennai Central,New Delhi,Bhopal Jn,122.09,47.43,11.21,0.171,33.2,13,1,12.92,0.113,14.35,104.65,44.64,0,0,171.44,2026-06-11 15:51
TR00006,12295,Sanghamitra Express,Bengaluru,Patna Jn,Vijayawada,Gaya Jn,431.82,113.51,11.72,0.191,38.8,13,2,10.71,0.206,28.28,370.13,120.47,0,0,256.8,2026-07-22 17:16
TR00001,12123,Mumbai - Pune Express,Mumbai CST,Pune Jn,Mumbai CST,Dadar,200.87,76.78,18.5,0.154,25.9,5,2,10.07,0.316,8.38,172.18,69.65,0,0,186.38,2026-03-18 08:06
TR00002,11010,Deccan Express,Mumbai CST,Pune Jn,Mumbai CST,Dadar,306.52,55.85,26.2,0.131,26.4,15,2,22.2,0.205,4.56,262.73,47.1,0,1,464.56,2026-05-19 22:44
TR00003,12010,Shatabdi Express,Mumbai Central,Ahmedabad Jn,Surat,Vadodara,132.66,64.67,16.6,0.309,34.9,13,4,10.09,0.081,10.64,113.71,66.89,0,0,137.17,2026-06-09 15:17
TR00004,12951,Mumbai Rajdhani,Mumbai Central,New Delhi,Vadodara,Kota Jn,209.12,60.06,24.09,0.217,20.6,3,6,16.86,0.376,6.42,179.24,52.28,0,0,251.71,2026-08-05 07:11
TR00005,12622,Tamil Nadu Express,New Delhi,Chennai Central,New Delhi,Bhopal Jn,170.88,104.61,22.56,0.187,20.0,2,1,35.7,0.258,8.23,146.47,130.0,0,0,125.44,2026-06-10 04:05
TR00006,12295,Sanghamitra Express,Bengaluru,Patna Jn,Guntakal Jn,Vijayawada,287.18,77.09,12.6,0.1,23.6,10,2,2.75,0.357,6.21,246.15,73.98,0,0,261.31,2026-01-22 14:21
TR00001,12123,Mumbai - Pune Express,Mumbai CST,Pune Jn,Kalyan,Karjat,594.16,80.28,25.99,0.211,31.9,6,4,16.95,0.232,5.49,509.28,72.84,0,0,497.95,2026-04-30 14:17
TR00002,11010,Deccan Express,Mumbai CST,Pune Jn,Dadar,Kalyan,414.57,58.33,12.17,0.185,26.5,9,4,21.68,0.195,2.25,355.34,59.59,0,0,463.6,2026-02-11 16:43
TR00003,12010,Shatabdi Express,Mumbai Central,Ahmedabad Jn,Vadodara,Ahmedabad Jn,84.92,57.34,22.29,0.312,24.1,0,4,31.44,0.24,12.46,72.79,50.92,0,0,116.91,2026-05-16 01:56
TR00004,12951,Mumbai Rajdhani,Mumbai Central,New Delhi,Vadodara,Kota Jn,144.49,95.7,21.34,0.488,27.2,20,4,24.74,0.318,7.25,123.85,89.72,0,0,123.14,2026-02-28 22:03
TR00005,12622,Tamil Nadu Express,New Delhi,Chennai Central,Bhopal Jn,Nagpur,189.77,90.54,17.6,0.346,30.2,16,3,49.54,0.183,8.41,162.66,88.34,0,0,150.23,2026-07-01 18:30
TR00006,12295,Sanghamitra Express,Bengaluru,Patna Jn,Guntakal Jn,Vijayawada,316.72,95.75,4.85,0.245,26.6,14,3,16.89,0.153,9.12,271.47,74.74,0,0,219.26,2026-03-11 17:39
TR00001,12123,Mumbai - Pune Express,Mumbai CST,Pune Jn,Karjat,Lonavala,135.79,66.29,11.16,0.14,27.1,2,4,14.32,0.304,1.67,116.39,61.86,0,0,139.49,2026-05-31 04:19
TR00002,11010,Deccan Express,Mumbai CST,Pune Jn,Kalyan,Lonavala,214.03,42.45,3.0,0.12,35.5,15,4,4.71,0.305,9.03,183.45,46.45,0,0,331.8,2026-08-05 20:31
TR00003,12010,Shatabdi Express,Mumbai Central,Ahmedabad Jn,Borivali,Vapi,359.42,87.57,31.58,0.137,39.8,11,3,11.91,0.306,19.01,308.07,75.46,0,0,288.68,2026-05-26 15:48
TR00004,12951,Mumbai Rajdhani,Mumbai Central,New Delhi,Vadodara,Kota Jn,249.1,68.77,4.14,0.237,21.9,13,3,18.0,0.096,6.91,213.51,63.76,0,0,230.35,2026-03-22 16:50
TR00005,12622,Tamil Nadu Express,New Delhi,Chennai Central,New Delhi,Bhopal Jn,330.06,52.32,22.55,0.236,23.6,23,5,8.51,0.149,13.65,282.91,50.1,0,0,414.31,2026-04-27 05:54
TR00006,12295,Sanghamitra Express,Bengaluru,Patna Jn,Gaya Jn,Patna Jn,154.42,78.78,20.6,0.352,30.5,16,5,15.44,0.231,7.67,132.36,57.7,0,0,141.57,2026-05-10 18:21
TR00001,12123,Mumbai - Pune Express,Mumbai CST,Pune Jn,Lonavala,Pune Jn,113.3,79.53,26.36,0.295,39.9,3,6,6.76,0.504,13.74,97.11,70.87,0,0,112.99,2026-05-06 04:52
TR00002,11010,Deccan Express,Mumbai CST,Pune Jn,Lonavala,Pune Jn,163.15,83.84,28.88,0.125,31.8,13,2,4.04,0.449,11.76,139.85,82.89,0,1,191.05,2026-07-18 16:11
TR00003,12010,Shatabdi Express,Mumbai Central,Ahmedabad Jn,Vapi,Surat,143.02,95.41,24.28,0.155,18.0,2,2,1.73,0.334,12.76,122.59,103.71,0,1,132.91,2026-01-22 04:12
TR00004,12951,Mumbai Rajdhani,Mumbai Central,New Delhi,Kota Jn,New Delhi,269.27,31.43,16.66,0.082,24.5,8,1,9.17,0.344,11.51,230.8,20.0,0,0,582.47,2026-08-15 17:42
TR00005,12622,Tamil Nadu Express,New Delhi,Chennai Central,New Delhi,Bhopal Jn,175.94,78.92,30.8,0.069,19.6,3,5,28.21,0.452,34.46,150.81,58.87,0,0,163.38,2026-03-14 05:43
TR00006,12295,Sanghamitra Express,Bengaluru,Patna Jn,Gaya Jn,Patna Jn,66.91,80.89,12.0,0.05,28.3,21,2,7.72,0.18,19.5,57.35,74.82,0,0,62.03,2026-02-01 22:02
TR00001,12123,Mumbai - Pune Express,Mumbai CST,Pune Jn,Mumbai CST,Dadar,340.71,78.14,28.46,0.089,39.9,5,0,8.52,0.601,2.93,292.04,87.33,0,1,429.54,2026-07-08 12:09
TR00002,11010,Deccan Express,Mumbai CST,Pune Jn,Mumbai CST,Dadar,229.37,128.22,12.69,0.094,36.4,17,5,42.5,0.245,2.81,196.6,130.0,0,0,124.04,2026-03-07 19:04
TR00003,12010,Shatabdi Express,Mumbai Central,Ahmedabad Jn,Vapi,Surat,217.04,69.22,14.95,0.212,39.1,5,1,16.38,0.164,1.12,186.03,56.78,0,0,204.07,2026-06-16 08:24
TR00004,12951,Mumbai Rajdhani,Mumbai Central,New Delhi,Kota Jn,New Delhi,177.83,99.78,37.29,0.368,21.6,1,6,12.06,0.232,1.83,152.42,108.57,1,1,195.49,2026-05-16 04:15
TR00005,12622,Tamil Nadu Express,New Delhi,Chennai Central,Bhopal Jn,Nagpur,237.67,78.87,40.65,0.271,31.3,18,0,34.46,0.496,9.24,203.72,63.36,1,0,252.11,2026-06-26 22:12
TR00006,12295,Sanghamitra Express,Bengaluru,Patna Jn,Guntakal Jn,Vijayawada,133.57,52.4,38.3,0.297,23.0,22,3,22.28,0.166,14.75,114.49,61.2,1,0,191.84,2026-04-04 01:11
TR00001,12123,Mumbai - Pune Express,Mumbai CST,Pune Jn,Mumbai CST,Dadar,196.61,82.87,29.07,0.098,27.4,7,5,12.07,0.157,13.72,168.52,72.7,1,0,176.06,2026-08-28 09:56
TR00002,11010,Deccan Express,Mumbai CST,Pune Jn,Kalyan,Lonavala,234.3,59.38,17.68,0.074,24.7,3,5,5.37,0.28,30.05,200.83,53.31,0,0,264.09,2026-07-25 07:24
TR00003,12010,Shatabdi Express,Mumbai Central,Ahmedabad Jn,Mumbai Central,Borivali,113.73,59.92,23.66,0.074,29.4,2,4,20.44,0.262,15.32,97.48,75.67,0,0,135.3,2026-07-13 04:15
TR00004,12951,Mumbai Rajdhani,Mumbai Central,New Delhi,Surat,Vadodara,184.86,26.89,16.29,0.24,28.6,3,5,18.5,0.061,9.99,158.45,33.08,0,0,451.01,2026-08-14 10:31
TR00005,12622,Tamil Nadu Express,New Delhi,Chennai Central,Bhopal Jn,Nagpur,296.55,51.72,15.98,0.309,10.5,12,2,12.36,0.099,6.32,254.18,53.83,0,0,385.16,2026-07-29 18:25
TR00006,12295,Sanghamitra Express,Bengaluru,Patna Jn,Gaya Jn,Patna Jn,212.24,76.06,8.13,0.556,28.8,5,1,4.54,0.12,9.61,181.92,80.27,0,0,194.05,2026-04-30 08:14
TR00001,12123,Mumbai - Pune Express,Mumbai CST,Pune Jn,Dadar,Kalyan,240.33,67.66,37.85,0.055,32.4,7,3,11.7,0.611,20.9,206.0,75.54,0,0,272.49,2026-07-17 11:32
TR00002,11010,Deccan Express,Mumbai CST,Pune Jn,Mumbai CST,Dadar,118.91,51.36,8.39,0.108,16.6,18,6,10.66,0.399,0.82,101.92,36.4,0,0,159.75,2026-03-11 20:39
TR00003,12010,Shatabdi Express,Mumbai Central,Ahmedabad Jn,Surat,Vadodara,286.31,54.67,36.3,0.405,29.5,19,4,5.21,0.087,21.11,245.41,56.51,1,0,365.6,2026-04-30 01:05
TR00004,12951,Mumbai Rajdhani,Mumbai Central,New Delhi,Mumbai Central,Surat,284.94,53.78,32.31,0.161,31.7,0,6,30.67,0.255,9.81,244.23,55.72,0,0,365.59,2026-05-10 06:05
TR00005,12622,Tamil Nadu Express,New Delhi,Chennai Central,Nagpur,Vijayawada,158.39,70.71,40.31,0.501,21.6,9,0,19.51,0.515,3.81,135.77,83.18,0,0,197.87,2026-02-08 12:17
TR00006,12295,Sanghamitra Express,Bengaluru,Patna Jn,Vijayawada,Gaya Jn,133.74,53.79,17.21,0.058,28.0,0,2,18.77,0.131,15.56,114.63,57.95,0,1,206.8,2026-02-17 03:26
TR00001,12123,Mumbai - Pune Express,Mumbai CST,Pune Jn,Kalyan,Karjat,97.8,79.21,13.31,0.071,32.2,21,6,1.66,0.363,0.44,83.83,81.54,0,0,89.88,2026-07-06 22:29
TR00002,11010,Deccan Express,Mumbai CST,Pune Jn,Mumbai CST,Dadar,136.65,67.79,23.79,0.186,24.8,17,0,10.13,0.473,4.08,117.13,65.5,0,0,156.33,2026-01-07 19:36
TR00003,12010,Shatabdi Express,Mumbai Central,Ahmedabad Jn,Borivali,Vapi,412.23,54.22,12.87,0.193,20.5,2,3,30.8,0.139,7.68,353.34,56.23,0,0,491.8,2026-06-04 10:11
TR00004,12951,Mumbai Rajdhani,Mumbai Central,New Delhi,Vadodara,Kota Jn,402.64,121.1,20.02,0.103,35.6,21,4,11.17,0.344,11.72,345.12,105.09,0,0,224.92,2026-07-26 00:44
TR00005,12622,Tamil Nadu Express,New Delhi,Chennai Central,Vijayawada,Chennai Central,299.59,87.77,17.42,0.157,21.3,11,0,13.78,0.234,13.48,256.79,93.9,0,0,228.94,2026-04-24 14:48
TR00006,12295,Sanghamitra Express,Bengaluru,Patna Jn,Guntakal Jn,Vijayawada,213.59,63.67,22.48,0.315,36.6,18,1,14.2,0.094,23.69,183.08,50.75,0,0,236.68,2026-08-21 21:56
TR00001,12123,Mumbai - Pune Express,Mumbai CST,Pune Jn,Kalyan,Karjat,141.78,109.0,15.42,0.185,34.6,17,2,1.5,0.169,13.73,121.53,117.5,0,0,91.7,2026-06-25 18:31
TR00002,11010,Deccan Express,Mumbai CST,Pune Jn,Mumbai CST,Dadar,95.59,72.32,43.57,0.35,27.1,18,4,39.79,0.382,13.83,81.93,82.27,0,0,105.06,2026-06-03 19:45
TR00003,12010,Shatabdi Express,Mumbai Central,Ahmedabad Jn,Borivali,Vapi,271.47,36.72,41.39,0.137,27.4,2,2,27.11,0.35,15.08,232.69,43.48,1,0,525.71,2026-05-10 10:45
TR00004,12951,Mumbai Rajdhani,Mumbai Central,New Delhi,Mumbai Central,Surat,199.1,84.89,29.27,0.314,16.0,23,6,12.01,0.271,5.79,170.66,83.09,0,1,220.67,2026-02-08 02:40
TR00005,12622,Tamil Nadu Express,New Delhi,Chennai Central,New Delhi,Bhopal Jn,166.79,50.22,21.22,0.483,31.5,3,2,5.4,0.055,4.76,142.96,52.21,0,1,288.41,2026-08-23 07:48
TR00006,12295,Sanghamitra Express,Bengaluru,Patna Jn,Guntakal Jn,Vijayawada,626.28,98.82,7.53,0.257,28.6,9,3,7.73,0.29,2.71,536.81,92.81,0,0,427.04,2026-05-07 16:07
TR00001,12123,Mumbai - Pune Express,Mumbai CST,Pune Jn,Dadar,Kalyan,169.3,71.44,21.01,0.05,17.2,1,4,10.5,0.253,7.24,145.12,84.97,1,0,175.7,2026-06-14 03:55
TR00002,11010,Deccan Express,Mumbai CST,Pune Jn,Dadar,Kalyan,294.33,80.61,16.49,0.048,23.6,13,6,29.63,0.137,7.14,252.29,74.5,0,0,235.86,2026-03-05 16:55
TR00003,12010,Shatabdi Express,Mumbai Central,Ahmedabad Jn,Borivali,Vapi,214.91,85.97,17.64,0.146,21.6,22,2,4.77,0.661,6.12,184.2,93.04,0,0,188.34,2026-05-10 01:08
TR00004,12951,Mumbai Rajdhani,Mumbai Central,New Delhi,Vadodara,Kota Jn,199.69,37.99,25.41,0.249,41.7,0,5,43.83,0.41,0.94,171.16,30.58,0,0,380.8,2026-03-21 06:20
TR00005,12622,Tamil Nadu Express,New Delhi,Chennai Central,New Delhi,Bhopal Jn,142.42,49.81,8.42,0.288,30.7,9,6,8.17,0.213,6.58,122.07,45.69,0,0,194.22,2026-05-09 12:14
TR00006,12295,Sanghamitra Express,Bengaluru,Patna Jn,Vijayawada,Gaya Jn,206.25,62.13,22.63,0.05,30.2,9,1,22.88,0.232,3.28,176.78,63.8,0,0,230.15,2026-06-08 12:50
TR00001,12123,Mumbai - Pune Express,Mumbai CST,Pune Jn,Mumbai CST,Dadar,323.34,22.29,10.12,0.396,38.7,1,6,25.05,0.14,4.48,277.15,23.5,0,0,969.65,2026-04-03 17:09
TR00002,11010,Deccan Express,Mumbai CST,Pune Jn,Dadar,Kalyan,138.08,130.0,30.01,0.168,22.2,23,5,26.98,0.385,4.73,118.36,119.44,0,0,86.88,2026-07-23 00:26
TR00003,12010,Shatabdi Express,Mumbai Central,Ahmedabad Jn,Surat,Vadodara,273.42,65.79,6.37,0.073,26.1,18,1,32.32,0.14,4.23,234.36,66.41,0,0,269.33,2026-02-22 22:29
TR00004,12951,Mumbai Rajdhani,Mumbai Central,New Delhi,Mumbai Central,Surat,158.15,70.29,19.15,0.191,33.0,2,2,4.96,0.061,11.7,135.56,68.27,0,1,191.5,2026-07-21 05:11
TR00005,12622,Tamil Nadu Express,New Delhi,Chennai Central,Vijayawada,Chennai Central,129.69,38.07,19.06,0.027,29.1,5,3,21.3,0.297,6.17,111.16,38.24,0,0,232.68,2026-07-29 08:52
TR00006,12295,Sanghamitra Express,Bengaluru,Patna Jn,Gaya Jn,Patna Jn,157.53,81.42,19.33,0.432,10.8,18,0,14.07,0.043,11.14,135.03,85.87,0,0,135.99,2026-06-10 20:15
TR00001,12123,Mumbai - Pune Express,Mumbai CST,Pune Jn,Kalyan,Karjat,728.85,91.77,8.71,0.112,28.3,1,2,14.73,0.177,2.22,624.73,102.6,0,0,512.23,2026-02-21 09:32
TR00002,11010,Deccan Express,Mumbai CST,Pune Jn,Mumbai CST,Dadar,155.3,60.41,30.84,0.334,20.3,16,1,38.54,0.147,24.24,133.11,60.69,0,0,184.43,2026-07-13 19:04
TR00003,12010,Shatabdi Express,Mumbai Central,Ahmedabad Jn,Vadodara,Ahmedabad Jn,168.3,71.5,3.29,0.082,43.3,0,5,30.13,0.142,3.54,144.26,85.81,0,0,149.0,2026-08-18 02:28
TR00004,12951,Mumbai Rajdhani,Mumbai Central,New Delhi,Kota Jn,New Delhi,424.66,130.0,20.06,0.064,21.2,18,1,27.79,0.567,1.27,363.99,130.0,0,0,235.07,2026-07-12 21:55
TR00005,12622,Tamil Nadu Express,New Delhi,Chennai Central,Bhopal Jn,Nagpur,212.3,66.63,20.29,0.239,25.5,13,4,21.74,0.194,3.46,181.97,70.95,0,0,219.24,2026-07-29 16:39
TR00006,12295,Sanghamitra Express,Bengaluru,Patna Jn,Bengaluru,Guntakal Jn,250.32,73.83,24.67,0.138,28.2,2,4,24.43,0.12,10.53,214.56,77.09,0,0,229.95,2026-05-30 05:49
TR00001,12123,Mumbai - Pune Express,Mumbai CST,Pune Jn,Karjat,Lonavala,243.84,90.94,15.6,0.188,26.9,21,1,3.51,0.477,20.01,209.0,91.19,0,0,195.15,2026-06-22 00:15
TR00002,11010,Deccan Express,Mumbai CST,Pune Jn,Lonavala,Pune Jn,85.93,76.88,10.93,0.133,27.6,2,4,12.5,0.136,8.92,73.66,78.68,0,0,74.7,2026-08-06 03:14
TR00003,12010,Shatabdi Express,Mumbai Central,Ahmedabad Jn,Mumbai Central,Borivali,63.39,64.51,25.8,0.442,33.1,1,4,19.22,0.045,2.34,54.33,54.28,0,0,74.38,2026-07-03 02:14
TR00004,12951,Mumbai Rajdhani,Mumbai Central,New Delhi,Kota Jn,New Delhi,187.78,88.1,21.18,0.001,34.2,16,2,39.22,0.194,3.53,160.95,84.88,0,0,150.6,2026-06-01 18:30
TR00005,12622,Tamil Nadu Express,New Delhi,Chennai Central,Vijayawada,Chennai Central,90.15,60.14,19.07,0.058,25.5,22,3,20.37,0.08,0.4,77.27,67.58,0,0,95.58,2026-07-05 23:35
TR00006,12295,Sanghamitra Express,Bengaluru,Patna Jn,Gaya Jn,Patna Jn,156.63,105.44,26.64,0.08,25.5,8,4,3.13,0.473,18.37,134.25,106.16,0,0,111.36,2026-01-17 09:51
TR00001,12123,Mumbai - Pune Express,Mumbai CST,Pune Jn,Kalyan,Karjat,480.91,74.24,22.3,0.321,44.8,12,5,4.02,0.256,7.92,412.21,74.54,0,0,451.52,2026-04-17 19:31
TR00002,11010,Deccan Express,Mumbai CST,Pune Jn,Mumbai CST,Dadar,76.89,88.31,5.55,0.041,24.8,18,0,21.49,0.177,3.37,65.9,81.64,0,0,58.09,2026-05-08 18:58
TR00003,12010,Shatabdi Express,Mumbai Central,Ahmedabad Jn,Mumbai Central,Borivali,362.48,65.09,11.35,0.056,21.8,7,4,4.94,0.151,4.55,310.7,65.94,0,0,354.41,2026-08-28 12:54
TR00004,12951,Mumbai Rajdhani,Mumbai Central,New Delhi,Kota Jn,New Delhi,229.2,85.63,18.53,0.07,31.4,3,5,11.22,0.32,24.12,196.46,75.72,0,0,184.07,2026-08-17 06:04
TR00005,12622,Tamil Nadu Express,New Delhi,Chennai Central,New Delhi,Bhopal Jn,387.21,75.71,20.14,0.234,29.4,16,5,4.77,0.068,16.64,331.89,76.94,0,0,335.95,2026-03-26 21:35
TR00006,12295,Sanghamitra Express,Bengaluru,Patna Jn,Vijayawada,Gaya Jn,303.25,86.21,22.76,0.311,35.8,5,3,7.69,0.247,3.44,259.93,91.3,0,0,252.37,2026-08-11 09:12
TR00001,12123,Mumbai - Pune Express,Mumbai CST,Pune Jn,Kalyan,Karjat,90.73,77.54,20.45,0.393,22.3,1,1,20.83,0.221,0.54,77.76,87.8,0,0,95.51,2026-08-11 02:35
TR00002,11010,Deccan Express,Mumbai CST,Pune Jn,Lonavala,Pune Jn,357.15,77.37,26.0,0.177,32.9,3,0,35.33,0.148,7.28,306.13,63.45,0,0,307.85,2026-03-31 08:07
TR00003,12010,Shatabdi Express,Mumbai Central,Ahmedabad Jn,Mumbai Central,Borivali,166.62,75.26,33.18,0.092,35.3,19,6,35.06,0.414,10.62,142.81,85.55,0,0,170.69,2026-03-13 21:50
TR00004,12951,Mumbai Rajdhani,Mumbai Central,New Delhi,Mumbai Central,Surat,597.57,39.45,25.92,0.171,26.0,9,6,27.72,0.143,6.31,512.2,24.67,0,0,978.67,2026-03-30 01:18
TR00005,12622,Tamil Nadu Express,New Delhi,Chennai Central,Vijayawada,Chennai Central,146.98,60.91,11.39,0.049,25.7,23,5,5.9,0.345,9.19,125.98,67.51,0,0,162.44,2026-08-15 01:42
TR00006,12295,Sanghamitra Express,Bengaluru,Patna Jn,Gaya Jn,Patna Jn,213.74,59.34,32.97,0.099,17.5,15,4,22.38,0.411,18.17,183.21,65.64,0,0,257.3,2026-07-01 19:17
TR00001,12123,Mumbai - Pune Express,Mumbai CST,Pune Jn,Lonavala,Pune Jn,64.91,72.72,23.43,0.106,22.3,11,3,39.69,0.317,13.66,55.63,83.15,0,0,71.02,2026-08-23 12:11
TR00002,11010,Deccan Express,Mumbai CST,Pune Jn,Dadar,Kalyan,205.5,98.73,10.75,0.132,27.9,22,3,7.31,0.353,4.34,176.15,105.93,0,0,147.65,2026-06-03 00:27
TR00003,12010,Shatabdi Express,Mumbai Central,Ahmedabad Jn,Vadodara,Ahmedabad Jn,356.1,60.58,27.29,0.114,28.7,21,0,11.57,0.556,6.86,305.23,67.05,0,0,433.11,2026-03-26 04:13
TR00004,12951,Mumbai Rajdhani,Mumbai Central,New Delhi,Vadodara,Kota Jn,260.17,103.69,20.55,0.317,32.5,14,1,10.16,0.356,17.6,223.0,101.73,0,0,184.45,2026-02-27 17:04
TR00005,12622,Tamil Nadu Express,New Delhi,Chennai Central,Vijayawada,Chennai Central,132.59,129.95,34.15,0.31,30.1,4,2,15.84,0.299,4.32,113.65,128.75,0,0,90.14,2026-07-01 05:30
TR00006,12295,Sanghamitra Express,Bengaluru,Patna Jn,Bengaluru,Guntakal Jn,214.24,36.36,0.0,0.222,29.3,6,6,11.18,0.08,4.71,183.63,20.0,0,0,372.09,2026-06-04 12:12
TR00001,12123,Mumbai - Pune Express,Mumbai CST,Pune Jn,Lonavala,Pune Jn,185.93,109.15,14.65,0.274,19.3,21,6,8.43,0.146,10.64,159.37,97.56,0,0,117.08,2026-06-17 22:57
TR00002,11010,Deccan Express,Mumbai CST,Pune Jn,Lonavala,Pune Jn,102.2,65.02,36.08,0.153,34.0,16,6,13.71,0.559,25.61,87.6,71.05,0,0,122.55,2026-04-22 18:02
TR00003,12010,Shatabdi Express,Mumbai Central,Ahmedabad Jn,Borivali,Vapi,192.0,85.33,41.69,0.174,30.7,23,3,35.46,0.534,10.95,164.57,88.6,0,0,188.94,2026-03-16 02:08
TR00004,12951,Mumbai Rajdhani,Mumbai Central,New Delhi,Kota Jn,New Delhi,257.0,91.84,29.6,0.149,34.0,0,0,9.69,0.247,4.63,220.29,89.88,1,1,258.44,2026-06-11 04:18
TR00005,12622,Tamil Nadu Express,New Delhi,Chennai Central,Nagpur,Vijayawada,316.48,80.83,23.12,0.128,26.7,12,6,14.49,0.359,22.91,271.27,67.88,0,0,277.73,2026-08-26 16:37
TR00006,12295,Sanghamitra Express,Bengaluru,Patna Jn,Guntakal Jn,Vijayawada,235.59,105.26,37.76,0.416,38.9,5,5,31.51,0.441,6.55,201.93,113.73,0,0,177.25,2026-07-25 07:57
TR00001,12123,Mumbai - Pune Express,Mumbai CST,Pune Jn,Karjat,Lonavala,181.53,108.55,13.68,0.326,20.7,19,0,32.61,0.141,1.22,155.6,103.35,0,0,116.16,2026-07-05 20:56
TR00002,11010,Deccan Express,Mumbai CST,Pune Jn,Dadar,Kalyan,248.1,113.6,27.43,0.362,33.3,17,3,13.72,0.313,5.88,212.66,110.62,0,1,215.13,2026-03-22 20:35
TR00003,12010,Shatabdi Express,Mumbai Central,Ahmedabad Jn,Borivali,Vapi,161.61,102.9,20.14,0.486,29.5,1,0,6.33,0.337,12.31,138.52,96.05,0,0,123.18,2026-07-08 03:03
TR00004,12951,Mumbai Rajdhani,Mumbai Central,New Delhi,Surat,Vadodara,90.68,30.54,27.84,0.568,21.7,4,5,18.42,0.336,3.44,77.72,23.11,0,0,225.96,2026-06-12 07:45
TR00005,12622,Tamil Nadu Express,New Delhi,Chennai Central,New Delhi,Bhopal Jn,226.53,90.16,23.6,0.368,29.3,1,6,13.87,0.256,12.39,194.17,88.13,0,0,183.08,2026-08-09 04:03
TR00006,12295,Sanghamitra Express,Bengaluru,Patna Jn,Gaya Jn,Patna Jn,232.1,55.09,26.8,0.305,37.0,7,3,18.0,0.411,1.76,198.94,49.69,0,0,310.56,2026-04-27 12:10
TR00001,12123,Mumbai - Pune Express,Mumbai CST,Pune Jn,Dadar,Kalyan,81.31,86.26,41.99,0.132,32.5,6,3,4.27,0.309,12.42,69.7,87.95,1,1,115.22,2026-04-12 07:55
TR00002,11010,Deccan Express,Mumbai CST,Pune Jn,Lonavala,Pune Jn,130.26,47.35,25.03,0.203,32.4,2,4,8.97,0.292,9.98,111.65,63.83,0,0,197.29,2026-06-01 05:17
TR00003,12010,Shatabdi Express,Mumbai Central,Ahmedabad Jn,Vadodara,Ahmedabad Jn,177.14,94.18,23.26,0.17,37.3,6,2,2.81,0.311,14.15,151.84,99.57,0,0,137.2,2026-08-12 08:17
TR00004,12951,Mumbai Rajdhani,Mumbai Central,New Delhi,Mumbai Central,Surat,336.38,49.57,13.19,0.213,35.2,16,5,11.86,0.124,8.57,288.33,45.51,0,0,439.27,2026-03-26 23:19
TR00005,12622,Tamil Nadu Express,New Delhi,Chennai Central,New Delhi,Bhopal Jn,483.35,61.19,37.85,0.213,29.2,11,2,7.53,0.228,17.89,414.3,65.37,0,1,691.46,2026-04-29 22:31
TR00006,12295,Sanghamitra Express,Bengaluru,Patna Jn,Guntakal Jn,Vijayawada,204.25,95.23,26.63,0.048,34.5,23,2,24.2,0.297,6.93,175.07,103.39,0,0,149.66,2026-01-29 01:29
TR00001,12123,Mumbai - Pune Express,Mumbai CST,Pune Jn,Kalyan,Karjat,359.03,98.23,21.14,0.023,29.3,2,2,19.31,0.279,2.68,307.74,100.28,0,1,310.95,2026-05-25 07:10
TR00002,11010,Deccan Express,Mumbai CST,Pune Jn,Dadar,Kalyan,77.11,102.31,25.7,0.089,22.8,14,4,15.34,0.266,4.37,66.09,102.94,0,0,67.38,2026-07-19 15:07
TR00003,12010,Shatabdi Express,Mumbai Central,Ahmedabad Jn,Mumbai Central,Borivali,207.25,87.37,19.95,0.328,26.1,0,1,6.03,0.195,4.45,177.64,89.93,0,0,168.71,2026-07-19 02:48
TR00004,12951,Mumbai Rajdhani,Mumbai Central,New Delhi,Mumbai Central,Surat,134.59,70.83,14.57,0.438,21.8,7,6,8.99,0.024,3.53,115.36,60.61,0,0,128.43,2026-08-11 09:08
TR00005,12622,Tamil Nadu Express,New Delhi,Chennai Central,Bhopal Jn,Nagpur,378.17,113.85,19.65,0.139,22.2,17,4,7.91,0.323,6.77,324.15,107.19,0,0,229.17,2026-03-17 20:49
TR00006,12295,Sanghamitra Express,Bengaluru,Patna Jn,Guntakal Jn,Vijayawada,474.45,67.15,20.93,0.122,35.8,19,0,4.38,0.291,21.63,406.68,69.47,0,0,482.35,2026-07-06 03:02
TR00001,12123,Mumbai - Pune Express,Mumbai CST,Pune Jn,Dadar,Kalyan,196.73,93.84,14.13,0.073,25.8,23,2,24.72,0.509,3.26,168.62,103.72,0,0,150.77,2026-05-24 01:30
TR00002,11010,Deccan Express,Mumbai CST,Pune Jn,Kalyan,Lonavala,157.52,91.88,9.63,0.186,27.3,8,0,20.6,0.051,15.81,135.01,106.14,0,0,103.93,2026-03-12 09:43
TR00003,12010,Shatabdi Express,Mumbai Central,Ahmedabad Jn,Vadodara,Ahmedabad Jn,148.08,52.32,42.3,0.682,25.1,17,3,9.12,0.44,4.39,126.93,48.47,0,1,316.13,2026-08-22 22:16
TR00004,12951,Mumbai Rajdhani,Mumbai Central,New Delhi,Surat,Vadodara,585.95,122.04,12.22,0.046,34.5,9,1,6.8,0.325,4.72,502.25,130.0,0,0,315.52,2026-07-21 14:15
TR00005,12622,Tamil Nadu Express,New Delhi,Chennai Central,New Delhi,Bhopal Jn,102.17,87.82,11.22,0.252,25.0,17,3,8.76,0.221,17.29,87.57,81.98,0,0,86.37,2026-08-05 18:26
TR00006,12295,Sanghamitra Express,Bengaluru,Patna Jn,Guntakal Jn,Vijayawada,222.99,37.75,13.02,0.221,23.4,4,6,14.9,0.525,2.87,191.14,46.77,0,0,427.22,2026-02-07 11:07
TR00001,12123,Mumbai - Pune Express,Mumbai CST,Pune Jn,Dadar,Kalyan,145.82,93.29,20.46,0.245,21.4,17,2,4.37,0.418,22.33,124.99,108.06,0,0,115.84,2026-02-28 18:55
TR00002,11010,Deccan Express,Mumbai CST,Pune Jn,Kalyan,Lonavala,531.64,39.29,31.24,0.328,21.7,7,5,35.15,0.496,1.35,455.69,32.84,0,0,1000.11,2026-05-09 23:40
TR00003,12010,Shatabdi Express,Mumbai Central,Ahmedabad Jn,Vadodara,Ahmedabad Jn,71.84,79.67,18.9,0.501,16.5,12,4,7.11,0.076,3.55,61.58,74.7,0,0,66.79,2026-02-23 13:06
TR00004,12951,Mumbai Rajdhani,Mumbai Central,New Delhi,Vadodara,Kota Jn,224.11,54.67,31.38,0.325,24.5,12,0,14.04,0.316,3.85,192.1,54.18,0,1,381.3,2026-04-21 18:21
TR00005,12622,Tamil Nadu Express,New Delhi,Chennai Central,Vijayawada,Chennai Central,285.29,70.78,29.2,0.513,37.7,4,3,35.69,0.099,28.33,244.54,68.14,0,0,281.02,2026-05-18 08:41
TR00006,12295,Sanghamitra Express,Bengaluru,Patna Jn,Vijayawada,Gaya Jn,184.24,47.49,27.97,0.228,29.4,13,4,37.3,0.321,3.39,157.92,44.43,0,0,272.64,2026-08-25 17:32
TR00001,12123,Mumbai - Pune Express,Mumbai CST,Pune Jn,Karjat,Lonavala,223.05,69.46,13.27,0.373,14.6,17,3,24.62,0.042,9.05,191.18,51.79,0,0,216.12,2026-07-29 20:36
TR00002,11010,Deccan Express,Mumbai CST,Pune Jn,Mumbai CST,Dadar,213.82,127.79,36.04,0.293,22.9,14,0,17.09,0.337,38.23,183.27,130.0,0,0,131.39,2026-07-10 16:11
TR00003,12010,Shatabdi Express,Mumbai Central,Ahmedabad Jn,Vapi,Surat,148.19,107.0,5.35,0.042,34.2,11,0,9.78,0.333,1.97,127.02,93.07,0,0,81.36,2026-04-02 12:21
TR00004,12951,Mumbai Rajdhani,Mumbai Central,New Delhi,Surat,Vadodara,264.07,80.21,16.33,0.058,35.1,7,2,10.9,0.285,15.83,226.35,72.35,0,0,227.79,2026-04-15 10:47
TR00005,12622,Tamil Nadu Express,New Delhi,Chennai Central,Vijayawada,Chennai Central,324.78,75.56,41.15,0.251,26.9,5,3,49.4,0.179,6.68,278.38,69.85,1,0,317.05,2026-05-27 10:17
TR00006,12295,Sanghamitra Express,Bengaluru,Patna Jn,Guntakal Jn,Vijayawada,193.06,130.0,34.06,0.081,25.0,17,1,40.96,0.404,5.93,165.48,130.0,0,0,120.29,2026-08-03 19:00
TR00001,12123,Mumbai - Pune Express,Mumbai CST,Pune Jn,Dadar,Kalyan,401.84,50.64,23.69,0.224,31.7,8,6,11.32,0.486,8.87,344.44,52.29,0,0,573.02,2026-04-21 17:33
TR00002,11010,Deccan Express,Mumbai CST,Pune Jn,Mumbai CST,Dadar,78.47,53.31,28.02,0.172,19.9,22,0,4.93,0.547,5.51,67.26,57.45,0,0,122.13,2026-01-05 00:02
TR00003,12010,Shatabdi Express,Mumbai Central,Ahmedabad Jn,Vadodara,Ahmedabad Jn,285.22,65.83,17.92,0.07,22.9,6,0,19.65,0.078,14.05,244.48,72.21,0,0,276.46,2026-03-17 10:36
TR00004,12951,Mumbai Rajdhani,Mumbai Central,New Delhi,Kota Jn,New Delhi,205.25,27.82,25.24,0.145,13.2,15,4,33.17,0.11,13.11,175.93,32.71,0,0,481.07,2026-06-24 23:01
TR00005,12622,Tamil Nadu Express,New Delhi,Chennai Central,Vijayawada,Chennai Central,527.24,130.0,40.47,0.608,33.9,5,3,15.46,0.311,7.56,451.92,130.0,1,0,328.06,2026-06-22 10:28
TR00006,12295,Sanghamitra Express,Bengaluru,Patna Jn,Gaya Jn,Patna Jn,350.79,57.39,28.1,0.259,31.7,19,4,50.14,0.336,1.72,300.68,49.15,0,0,435.51,2026-07-12 02:15
TR00001,12123,Mumbai - Pune Express,Mumbai CST,Pune Jn,Karjat,Lonavala,206.6,20.0,24.39,0.086,19.5,2,2,14.42,0.48,4.7,177.08,26.09,0,0,728.57,2026-03-22 14:08
TR00002,11010,Deccan Express,Mumbai CST,Pune Jn,Lonavala,Pune Jn,146.64,95.96,19.6,0.451,41.0,19,0,18.17,0.172,2.99,125.69,99.43,0,0,108.67,2026-06-20 20:48
TR00003,12010,Shatabdi Express,Mumbai Central,Ahmedabad Jn,Surat,Vadodara,295.55,87.21,17.64,0.148,22.4,10,1,16.25,0.11,17.97,253.33,88.49,0,0,221.71,2026-02-12 13:41
TR00004,12951,Mumbai Rajdhani,Mumbai Central,New Delhi,Surat,Vadodara,206.95,92.23,18.55,0.243,29.2,17,5,10.17,0.189,6.3,177.38,82.17,0,0,160.78,2026-05-26 19:40
TR00005,12622,Tamil Nadu Express,New Delhi,Chennai Central,New Delhi,Bhopal Jn,119.0,43.09,11.37,0.154,48.0,0,4,2.29,0.375,6.8,102.0,46.75,0,0,194.21,2026-07-22 03:14
TR00006,12295,Sanghamitra Express,Bengaluru,Patna Jn,Bengaluru,Guntakal Jn,268.55,47.77,24.25,0.11,30.0,17,1,22.13,0.172,5.66,230.19,36.39,0,0,373.63,2026-05-21 23:13
TR00001,12123,Mumbai - Pune Express,Mumbai CST,Pune Jn,Karjat,Lonavala,439.14,55.38,9.8,0.047,18.3,3,2,16.15,0.096,3.31,376.41,55.53,0,0,489.65,2026-04-26 11:09
TR00002,11010,Deccan Express,Mumbai CST,Pune Jn,Kalyan,Lonavala,375.61,100.09,25.11,0.34,24.5,11,0,12.55,0.354,1.47,321.95,89.68,0,0,277.09,2026-05-03 15:37
TR00003,12010,Shatabdi Express,Mumbai Central,Ahmedabad Jn,Vadodara,Ahmedabad Jn,150.57,48.54,26.0,0.331,21.3,6,0,7.94,0.257,5.75,129.06,45.09,0,0,221.76,2026-01-31 09:41
TR00004,12951,Mumbai Rajdhani,Mumbai Central,New Delhi,Kota Jn,New Delhi,275.77,59.0,20.54,0.07,34.3,20,6,14.19,0.189,5.93,236.37,72.17,0,0,308.83,2026-04-04 01:08
TR00005,12622,Tamil Nadu Express,New Delhi,Chennai Central,Vijayawada,Chennai Central,248.26,57.56,8.3,0.042,26.3,7,3,6.0,0.382,7.29,212.79,61.21,0,0,287.96,2026-04-06 11:47
TR00006,12295,Sanghamitra Express,Bengaluru,Patna Jn,Vijayawada,Gaya Jn,122.52,94.7,39.66,0.084,30.1,3,1,25.97,0.312,8.63,105.01,96.71,1,0,116.9,2026-07-22 04:56
TR00001,12123,Mumbai - Pune Express,Mumbai CST,Pune Jn,Dadar,Kalyan,227.69,94.76,0.0,0.197,28.7,18,5,8.23,0.109,0.41,195.16,97.54,0,0,149.86,2026-03-14 20:29
TR00002,11010,Deccan Express,Mumbai CST,Pune Jn,Mumbai CST,Dadar,117.68,53.5,40.46,0.493,16.9,21,4,6.11,0.324,8.15,100.87,43.57,0,1,224.29,2026-01-27 00:44
TR00003,12010,Shatabdi Express,Mumbai Central,Ahmedabad Jn,Vapi,Surat,132.77,80.0,11.91,0.059,32.9,8,6,8.94,0.302,5.54,113.8,78.36,0,0,113.54,2026-04-24 09:53
TR00004,12951,Mumbai Rajdhani,Mumbai Central,New Delhi,Mumbai Central,Surat,127.2,62.96,26.26,0.159,25.9,22,1,22.6,0.191,10.75,109.03,59.02,0,0,146.44,2026-04-07 00:26
TR00005,12622,Tamil Nadu Express,New Delhi,Chennai Central,New Delhi,Bhopal Jn,203.11,59.12,16.34,0.127,45.9,1,2,12.46,0.248,4.7,174.09,66.09,0,0,235.77,2026-04-16 04:55
TR00006,12295,Sanghamitra Express,Bengaluru,Patna Jn,Bengaluru,Guntakal Jn,123.39,87.21,22.05,0.162,32.3,3,6,19.21,0.304,2.42,105.76,94.61,0,0,103.7,2026-06-15 04:43
TR00001,12123,Mumbai - Pune Express,Mumbai CST,Pune Jn,Mumbai CST,Dadar,259.99,100.26,27.63,0.037,26.1,5,0,41.3,0.257,1.64,222.84,105.21,0,0,180.66,2026-06-04 08:00
TR00002,11010,Deccan Express,Mumbai CST,Pune Jn,Lonavala,Pune Jn,466.09,76.38,38.62,0.042,36.4,6,1,21.47,0.543,11.26,399.51,66.68,0,1,580.04,2026-08-11 15:40
TR00003,12010,Shatabdi Express,Mumbai Central,Ahmedabad Jn,Vadodara,Ahmedabad Jn,110.01,81.65,15.24,0.113,48.0,10,2,17.06,0.214,5.14,94.29,83.22,0,0,101.59,2026-01-18 11:41
TR00004,12951,Mumbai Rajdhani,Mumbai Central,New Delhi,Mumbai Central,Surat,143.25,76.64,35.4,0.184,31.8,21,0,62.51,0.257,1.64,122.78,80.93,0,1,174.76,2026-05-14 23:54
TR00005,12622,Tamil Nadu Express,New Delhi,Chennai Central,Bhopal Jn,Nagpur,165.52,37.97,44.34,0.368,30.2,22,3,43.13,0.187,5.74,141.88,41.68,1,0,318.97,2026-04-03 03:18
TR00006,12295,Sanghamitra Express,Bengaluru,Patna Jn,Vijayawada,Gaya Jn,254.16,60.34,20.88,0.062,29.5,15,6,12.94,0.29,7.38,217.85,70.77,0,0,284.29,2026-03-19 19:44
TR00001,12123,Mumbai - Pune Express,Mumbai CST,Pune Jn,Dadar,Kalyan,173.25,81.33,23.83,0.343,42.8,0,4,6.74,0.526,1.91,148.5,55.29,0,0,166.35,2026-08-02 02:46
TR00002,11010,Deccan Express,Mumbai CST,Pune Jn,Kalyan,Lonavala,143.79,66.03,17.62,0.35,33.0,5,3,1.72,0.436,3.84,123.24,62.74,0,0,163.71,2026-02-06 07:43
TR00003,12010,Shatabdi Express,Mumbai Central,Ahmedabad Jn,Borivali,Vapi,445.13,54.95,17.06,0.097,25.6,6,2,15.38,0.112,16.06,381.54,54.41,0,0,515.43,2026-06-29 14:35
TR00004,12951,Mumbai Rajdhani,Mumbai Central,New Delhi,Kota Jn,New Delhi,148.91,89.41,14.94,0.106,31.6,17,5,11.55,0.077,2.0,127.64,95.73,1,0,116.41,2026-06-10 18:56
TR00005,12622,Tamil Nadu Express,New Delhi,Chennai Central,Vijayawada,Chennai Central,122.39,46.18,23.2,0.054,27.5,3,2,19.53,0.291,5.71,104.91,47.5,0,1,230.27,2026-07-19 06:50
TR00006,12295,Sanghamitra Express,Bengaluru,Patna Jn,Guntakal Jn,Vijayawada,295.35,70.78,22.32,0.213,31.5,8,5,11.85,0.3,5.19,253.16,67.8,0,1,372.37,2026-08-16 14:12
TR00001,12123,Mumbai - Pune Express,Mumbai CST,Pune Jn,Dadar,Kalyan,409.33,113.78,22.25,0.034,26.2,10,6,13.35,0.289,3.39,350.85,115.04,0,0,250.51,2026-03-26 14:10
TR00002,11010,Deccan Express,Mumbai CST,Pune Jn,Dadar,Kalyan,154.04,60.72,25.63,0.135,28.8,21,5,38.48,0.19,5.38,132.03,53.26,0,1,219.52,2026-05-29 00:39
TR00003,12010,Shatabdi Express,Mumbai Central,Ahmedabad Jn,Borivali,Vapi,166.1,117.91,9.27,0.111,30.1,21,6,11.24,0.16,5.51,142.37,110.96,0,0,87.99,2026-04-09 22:27
TR00004,12951,Mumbai Rajdhani,Mumbai Central,New Delhi,Mumbai Central,Surat,253.5,48.9,26.09,0.009,23.8,13,2,16.85,0.38,19.09,217.28,38.04,0,0,356.15,2026-05-28 18:56
TR00005,12622,Tamil Nadu Express,New Delhi,Chennai Central,Nagpur,Vijayawada,122.55,64.45,19.66,0.095,34.9,23,0,6.16,0.598,15.59,105.04,51.85,0,0,148.43,2026-05-26 01:28
TR00006,12295,Sanghamitra Express,Bengaluru,Patna Jn,Guntakal Jn,Vijayawada,425.25,82.61,23.56,0.136,31.7,5,3,14.04,0.33,20.45,364.5,77.5,0,0,360.79,2026-08-27 11:00
TR00001,12123,Mumbai - Pune Express,Mumbai CST,Pune Jn,Mumbai CST,Dadar,395.9,112.23,3.6,0.076,19.1,7,0,14.51,0.19,1.84,339.34,100.88,0,0,232.35,2026-05-26 10:52
TR00002,11010,Deccan Express,Mumbai CST,Pune Jn,Mumbai CST,Dadar,234.17,95.99,19.11,0.128,29.4,3,1,12.05,0.218,9.95,200.71,88.27,0,0,162.87,2026-01-21 05:42
TR00003,12010,Shatabdi Express,Mumbai Central,Ahmedabad Jn,Vadodara,Ahmedabad Jn,387.99,69.68,34.67,0.216,33.0,4,4,5.96,0.682,6.78,332.56,64.39,0,0,437.74,2026-08-21 11:17
TR00004,12951,Mumbai Rajdhani,Mumbai Central,New Delhi,Surat,Vadodara,463.69,78.94,10.16,0.104,27.7,20,3,12.09,0.231,1.08,397.45,68.15,0,0,383.17,2026-04-03 02:23
TR00005,12622,Tamil Nadu Express,New Delhi,Chennai Central,New Delhi,Bhopal Jn,248.91,50.63,31.92,0.143,24.6,4,3,8.05,0.293,20.32,213.35,60.31,1,0,352.97,2026-05-31 09:52
TR00006,12295,Sanghamitra Express,Bengaluru,Patna Jn,Gaya Jn,Patna Jn,205.71,34.83,27.38,0.05,20.8,14,5,17.66,0.247,10.01,176.32,24.43,1,0,403.45,2026-07-28 20:43
TR00001,12123,Mumbai - Pune Express,Mumbai CST,Pune Jn,Karjat,Lonavala,232.2,99.22,12.3,0.11,39.2,6,0,20.73,0.22,10.41,199.03,94.39,0,0,156.97,2026-02-14 08:36
TR00002,11010,Deccan Express,Mumbai CST,Pune Jn,Lonavala,Pune Jn,273.94,78.72,5.65,0.195,24.1,16,6,4.69,0.244,4.32,234.81,81.64,0,0,235.59,2026-06-24 19:55
TR00003,12010,Shatabdi Express,Mumbai Central,Ahmedabad Jn,Surat,Vadodara,190.0,88.59,25.74,0.093,28.2,12,0,18.93,0.226,13.72,162.85,70.33,0,1,189.23,2026-07-29 15:09
TR00004,12951,Mumbai Rajdhani,Mumbai Central,New Delhi,Vadodara,Kota Jn,104.41,61.1,1.03,0.166,27.6,20,1,11.58,0.212,8.11,89.5,63.12,0,0,113.44,2026-03-03 21:53
TR00005,12622,Tamil Nadu Express,New Delhi,Chennai Central,Bhopal Jn,Nagpur,64.8,107.59,13.05,0.177,33.8,10,2,12.32,0.13,11.92,55.54,114.48,0,0,40.44,2026-03-31 10:40
TR00006,12295,Sanghamitra Express,Bengaluru,Patna Jn,Guntakal Jn,Vijayawada,623.57,84.78,19.83,0.438,29.3,5,3,6.83,0.301,19.17,534.49,77.66,0,0,527.5,2026-07-20 13:47
TR00001,12123,Mumbai - Pune Express,Mumbai CST,Pune Jn,Kalyan,Karjat,176.12,65.26,30.03,0.107,19.9,1,5,20.35,0.396,4.61,150.96,65.29,1,0,208.71,2026-02-23 04:28
TR00002,11010,Deccan Express,Mumbai CST,Pune Jn,Lonavala,Pune Jn,364.97,40.85,6.71,0.072,26.9,19,6,10.3,0.307,7.23,312.83,41.26,0,0,592.68,2026-01-05 04:52
TR00003,12010,Shatabdi Express,Mumbai Central,Ahmedabad Jn,Vapi,Surat,155.87,66.04,48.67,0.255,43.2,14,6,6.23,0.304,15.03,133.6,66.88,1,1,249.17,2026-08-11 18:09
TR00004,12951,Mumbai Rajdhani,Mumbai Central,New Delhi,Surat,Vadodara,249.45,57.65,32.24,0.324,20.2,2,4,9.49,0.505,14.59,213.82,47.47,0,0,326.54,2026-01-06 07:26
TR00005,12622,Tamil Nadu Express,New Delhi,Chennai Central,Bhopal Jn,Nagpur,182.05,64.34,9.33,0.074,18.7,6,0,14.1,0.381,13.86,156.05,50.24,0,0,191.37,2026-04-21 09:11
TR00006,12295,Sanghamitra Express,Bengaluru,Patna Jn,Gaya Jn,Patna Jn,182.81,91.5,23.63,0.159,31.6,20,1,13.61,0.512,4.48,156.69,82.38,0,0,154.6,2026-04-22 22:34
TR00001,12123,Mumbai - Pune Express,Mumbai CST,Pune Jn,Mumbai CST,Dadar,153.08,88.86,21.45,0.098,18.7,5,1,6.35,0.304,14.8,131.21,105.5,0,0,128.94,2026-05-13 07:08
TR00002,11010,Deccan Express,Mumbai CST,Pune Jn,Mumbai CST,Dadar,251.95,54.88,14.82,0.068,26.4,1,1,15.22,0.422,3.15,215.95,58.7,0,0,316.07,2026-01-14 06:16
TR00003,12010,Shatabdi Express,Mumbai Central,Ahmedabad Jn,Surat,Vadodara,538.99,79.39,11.5,0.154,20.3,10,3,7.7,0.033,7.73,461.99,80.93,0,0,426.55,2026-08-04 17:06
TR00004,12951,Mumbai Rajdhani,Mumbai Central,New Delhi,Mumbai Central,Surat,52.87,94.63,16.83,0.096,17.9,16,4,5.87,0.151,10.16,45.32,97.84,0,0,34.2,2026-01-06 16:34
TR00005,12622,Tamil Nadu Express,New Delhi,Chennai Central,Nagpur,Vijayawada,361.49,47.82,15.35,0.186,24.2,13,2,20.33,0.041,3.01,309.84,51.77,0,0,483.53,2026-01-27 21:03
TR00006,12295,Sanghamitra Express,Bengaluru,Patna Jn,Bengaluru,Guntakal Jn,200.85,109.1,10.55,0.43,32.2,19,0,5.54,0.38,5.14,172.15,112.45,0,0,137.26,2026-05-26 21:17
TR00001,12123,Mumbai - Pune Express,Mumbai CST,Pune Jn,Mumbai CST,Dadar,438.12,106.27,59.44,0.379,26.2,7,5,22.31,0.432,7.66,375.54,103.8,1,0,334.8,2026-02-06 12:34
TR00002,11010,Deccan Express,Mumbai CST,Pune Jn,Dadar,Kalyan,127.83,90.29,15.29,0.229,33.8,19,0,28.29,0.063,7.43,109.57,87.29,0,0,102.25,2026-05-31 20:42
TR00003,12010,Shatabdi Express,Mumbai Central,Ahmedabad Jn,Surat,Vadodara,193.94,88.77,45.08,0.553,19.5,22,2,9.69,0.385,1.7,166.23,98.2,1,0,202.34,2026-05-21 01:22
TR00004,12951,Mumbai Rajdhani,Mumbai Central,New Delhi,Vadodara,Kota Jn,208.76,82.21,4.76,0.059,26.2,0,0,11.31,0.21,8.2,178.94,78.69,0,0,164.41,2026-07-29 02:44
TR00005,12622,Tamil Nadu Express,New Delhi,Chennai Central,Bhopal Jn,Nagpur,348.04,52.93,43.58,0.145,18.9,7,3,38.37,0.164,8.43,298.32,49.95,1,0,452.67,2026-06-24 14:32
TR00006,12295,Sanghamitra Express,Bengaluru,Patna Jn,Vijayawada,Gaya Jn,77.31,102.89,18.96,0.246,19.1,20,6,6.96,0.177,6.64,66.26,85.24,0,1,74.4,2026-08-05 21:14
TR00001,12123,Mumbai - Pune Express,Mumbai CST,Pune Jn,Kalyan,Karjat,402.7,79.26,10.99,0.049,35.7,14,6,28.34,0.175,7.88,345.17,84.37,0,0,330.61,2026-04-08 19:30
TR00002,11010,Deccan Express,Mumbai CST,Pune Jn,Kalyan,Lonavala,369.66,90.1,7.86,0.237,16.2,15,3,9.56,0.169,9.17,316.85,82.49,0,0,271.68,2026-01-02 19:31
TR00003,12010,Shatabdi Express,Mumbai Central,Ahmedabad Jn,Vapi,Surat,286.14,56.8,7.01,0.023,23.2,16,6,7.38,0.34,7.65,245.26,56.75,0,0,344.18,2026-02-01 21:44
TR00004,12951,Mumbai Rajdhani,Mumbai Central,New Delhi,Kota Jn,New Delhi,243.39,34.93,20.39,0.125,46.1,15,1,12.35,0.216,3.37,208.62,20.0,0,0,465.49,2026-07-23 22:45
TR00005,12622,Tamil Nadu Express,New Delhi,Chennai Central,Nagpur,Vijayawada,234.82,106.32,14.61,0.186,27.2,10,3,19.67,0.079,14.19,201.27,103.8,0,0,144.26,2026-01-22 12:24
TR00006,12295,Sanghamitra Express,Bengaluru,Patna Jn,Guntakal Jn,Vijayawada,192.03,71.91,26.03,0.14,20.7,3,4,34.54,0.25,2.74,164.6,63.79,0,0,185.08,2026-07-15 06:05
TR00001,12123,Mumbai - Pune Express,Mumbai CST,Pune Jn,Mumbai CST,Dadar,144.74,56.09,8.27,0.377,25.9,7,5,13.12,0.064,10.88,124.06,50.25,0,0,178.27,2026-08-05 09:58
TR00002,11010,Deccan Express,Mumbai CST,Pune Jn,Kalyan,Lonavala,182.16,73.23,14.53,0.101,19.3,4,0,7.15,0.232,17.53,156.14,76.01,0,0,169.28,2026-06-18 06:49
TR00003,12010,Shatabdi Express,Mumbai Central,Ahmedabad Jn,Mumbai Central,Borivali,406.5,92.7,13.69,0.122,26.9,11,1,28.52,0.264,6.12,348.43,89.93,0,0,296.15,2026-02-14 15:56
TR00004,12951,Mumbai Rajdhani,Mumbai Central,New Delhi,Surat,Vadodara,237.77,55.97,15.23,0.159,27.5,1,1,5.39,0.167,7.11,203.81,51.56,0,0,279.3,2026-05-24 05:39
TR00005,12622,Tamil Nadu Express,New Delhi,Chennai Central,Bhopal Jn,Nagpur,136.19,103.94,14.73,0.383,25.1,0,0,2.77,0.328,9.06,116.74,106.26,0,0,101.58,2026-03-09 01:41
TR00006,12295,Sanghamitra Express,Bengaluru,Patna Jn,Gaya Jn,Patna Jn,188.38,104.69,7.12,0.232,29.6,17,3,8.15,0.244,8.45,161.46,97.38,0,0,117.34,2026-05-13 18:57
TR00001,12123,Mumbai - Pune Express,Mumbai CST,Pune Jn,Lonavala,Pune Jn,48.81,94.95,29.49,0.086,26.3,11,6,18.68,0.288,21.05,41.83,86.63,0,0,47.74,2026-08-09 11:47
TR00002,11010,Deccan Express,Mumbai CST,Pune Jn,Mumbai CST,Dadar,246.46,86.69,25.63,0.215,28.2,8,1,22.43,0.309,22.88,211.25,88.02,0,0,201.45,2026-02-10 11:21
TR00003,12010,Shatabdi Express,Mumbai Central,Ahmedabad Jn,Mumbai Central,Borivali,246.23,101.03,21.16,0.18,33.8,12,2,22.88,0.374,2.02,211.05,96.04,0,0,171.91,2026-02-13 14:51
TR00004,12951,Mumbai Rajdhani,Mumbai Central,New Delhi,Kota Jn,New Delhi,54.79,79.37,11.31,0.307,31.1,18,4,23.85,0.099,9.05,46.96,78.08,0,0,42.8,2026-07-29 18:42
TR00005,12622,Tamil Nadu Express,New Delhi,Chennai Central,Vijayawada,Chennai Central,158.77,108.43,21.74,0.101,29.2,13,5,7.4,0.495,3.49,136.09,108.6,0,0,108.04,2026-05-04 14:48
TR00006,12295,Sanghamitra Express,Bengaluru,Patna Jn,Bengaluru,Guntakal Jn,292.53,100.7,26.52,0.02,25.5,7,0,20.13,0.051,11.89,250.74,105.5,1,0,208.09,2026-02-07 10:28
TR00001,12123,Mumbai - Pune Express,Mumbai CST,Pune Jn,Lonavala,Pune Jn,140.69,82.03,22.68,0.077,22.6,8,3,15.42,0.407,2.33,120.59,88.5,0,0,131.52,2026-01-02 10:11
TR00002,11010,Deccan Express,Mumbai CST,Pune Jn,Kalyan,Lonavala,153.55,53.11,15.42,0.494,22.6,10,3,10.8,0.401,2.16,131.61,46.01,0,0,214.08,2026-01-24 13:34
TR00003,12010,Shatabdi Express,Mumbai Central,Ahmedabad Jn,Vapi,Surat,281.51,75.46,12.84,0.109,15.3,0,6,15.7,0.512,8.73,241.29,79.93,0,0,273.81,2026-07-03 04:33
TR00004,12951,Mumbai Rajdhani,Mumbai Central,New Delhi,Vadodara,Kota Jn,113.43,86.76,18.61,0.128,25.6,4,2,23.88,0.443,6.66,97.22,79.31,0,0,106.26,2026-01-22 05:46
TR00005,12622,Tamil Nadu Express,New Delhi,Chennai Central,New Delhi,Bhopal Jn,546.62,87.74,10.89,0.147,25.2,9,0,27.93,0.146,9.36,468.53,90.17,0,0,404.06,2026-08-13 15:44
TR00006,12295,Sanghamitra Express,Bengaluru,Patna Jn,Gaya Jn,Patna Jn,90.11,79.93,17.13,0.26,37.1,6,3,7.57,0.185,6.78,77.24,74.41,0,0,87.24,2026-04-05 07:27
TR00001,12123,Mumbai - Pune Express,Mumbai CST,Pune Jn,Karjat,Lonavala,365.43,73.55,22.46,0.129,38.6,7,1,22.76,0.29,11.13,313.22,69.94,0,0,344.62,2026-03-14 12:44
TR00002,11010,Deccan Express,Mumbai CST,Pune Jn,Kalyan,Lonavala,101.28,56.53,18.94,0.391,33.7,0,6,8.51,0.136,0.78,86.81,65.56,0,0,121.39,2026-04-29 02:01
TR00003,12010,Shatabdi Express,Mumbai Central,Ahmedabad Jn,Borivali,Vapi,313.08,81.07,13.17,0.126,26.7,12,6,13.22,0.016,0.66,268.35,89.23,0,0,243.51,2026-07-19 16:03
TR00004,12951,Mumbai Rajdhani,Mumbai Central,New Delhi,Surat,Vadodara,387.23,107.7,11.94,0.035,30.5,0,0,8.96,0.191,7.32,331.91,116.17,0,0,237.86,2026-07-27 03:57
TR00005,12622,Tamil Nadu Express,New Delhi,Chennai Central,Bhopal Jn,Nagpur,220.11,71.1,21.19,0.56,28.5,0,1,9.1,0.22,12.51,188.67,72.04,0,0,225.93,2026-06-20 03:45
TR00006,12295,Sanghamitra Express,Bengaluru,Patna Jn,Gaya Jn,Patna Jn,288.76,65.95,27.1,0.15,31.3,5,6,38.96,0.088,17.15,247.5,70.51,0,0,287.43,2026-01-20 09:47
TR00001,12123,Mumbai - Pune Express,Mumbai CST,Pune Jn,Karjat,Lonavala,258.41,51.56,36.96,0.34,32.7,15,4,60.76,0.237,2.26,221.5,59.65,0,0,358.55,2026-05-15 20:58
TR00002,11010,Deccan Express,Mumbai CST,Pune Jn,Dadar,Kalyan,280.79,90.59,19.01,0.018,35.9,17,1,4.79,0.115,23.08,240.67,97.47,0,1,256.58,2026-01-24 21:16
TR00003,12010,Shatabdi Express,Mumbai Central,Ahmedabad Jn,Vapi,Surat,169.85,77.21,28.17,0.074,37.5,16,1,10.73,0.315,7.53,145.59,77.76,0,1,209.5,2026-06-18 19:29
TR00004,12951,Mumbai Rajdhani,Mumbai Central,New Delhi,Mumbai Central,Surat,107.16,82.75,21.03,0.042,27.2,16,6,2.38,0.498,3.27,91.85,91.03,0,0,99.45,2026-04-24 17:39
TR00005,12622,Tamil Nadu Express,New Delhi,Chennai Central,Vijayawada,Chennai Central,319.39,74.05,11.81,0.133,21.0,8,1,16.68,0.515,2.29,273.77,84.1,0,0,314.68,2026-01-21 13:14
TR00006,12295,Sanghamitra Express,Bengaluru,Patna Jn,Guntakal Jn,Vijayawada,77.01,79.95,11.65,0.398,37.5,13,1,37.05,0.183,3.74,66.01,75.7,0,0,69.81,2026-06-01 14:09
TR00001,12123,Mumbai - Pune Express,Mumbai CST,Pune Jn,Lonavala,Pune Jn,70.87,109.49,37.81,0.518,11.6,11,6,18.86,0.322,6.23,60.74,110.67,0,0,67.52,2026-05-18 12:07
TR00002,11010,Deccan Express,Mumbai CST,Pune Jn,Lonavala,Pune Jn,214.93,65.74,2.36,0.12,29.8,12,1,6.32,0.111,2.91,184.23,69.36,0,0,209.86,2026-01-25 15:29
TR00003,12010,Shatabdi Express,Mumbai Central,Ahmedabad Jn,Surat,Vadodara,206.78,92.43,20.42,0.445,30.5,1,0,5.54,0.127,3.52,177.24,86.09,0,0,155.7,2026-01-30 03:35
TR00004,12951,Mumbai Rajdhani,Mumbai Central,New Delhi,Mumbai Central,Surat,114.63,102.51,12.54,0.039,25.9,17,4,3.07,0.107,15.12,98.25,92.11,0,0,70.9,2026-08-03 18:10
TR00005,12622,Tamil Nadu Express,New Delhi,Chennai Central,New Delhi,Bhopal Jn,288.67,59.56,26.71,0.101,37.2,7,3,15.91,0.529,15.57,247.43,67.23,0,0,365.46,2026-07-23 13:05
TR00006,12295,Sanghamitra Express,Bengaluru,Patna Jn,Vijayawada,Gaya Jn,177.66,81.64,19.84,0.181,28.7,2,3,29.11,0.196,1.18,152.28,80.79,0,0,155.34,2026-01-09 04:35
TR00001,12123,Mumbai - Pune Express,Mumbai CST,Pune Jn,Dadar,Kalyan,230.33,62.36,45.25,0.233,40.4,11,1,43.08,0.593,1.35,197.42,59.87,0,0,292.51,2026-06-27 15:52
TR00002,11010,Deccan Express,Mumbai CST,Pune Jn,Kalyan,Lonavala,273.76,72.57,14.66,0.049,36.9,19,0,14.7,0.533,0.88,234.65,64.89,0,0,273.32,2026-05-11 23:33
TR00003,12010,Shatabdi Express,Mumbai Central,Ahmedabad Jn,Vadodara,Ahmedabad Jn,158.71,86.78,33.26,0.053,11.0,14,4,31.64,0.158,1.15,136.03,90.53,1,0,144.95,2026-08-22 16:24
TR00004,12951,Mumbai Rajdhani,Mumbai Central,New Delhi,Vadodara,Kota Jn,218.37,92.66,15.73,0.178,25.4,11,3,4.92,0.357,2.17,187.18,96.98,0,1,218.83,2026-07-11 14:38
TR00005,12622,Tamil Nadu Express,New Delhi,Chennai Central,Nagpur,Vijayawada,72.74,93.93,15.05,0.44,30.3,14,1,6.73,0.258,3.97,62.35,95.52,0,0,60.67,2026-07-30 15:00
TR00006,12295,Sanghamitra Express,Bengaluru,Patna Jn,Gaya Jn,Patna Jn,155.1,42.55,15.15,0.1,15.4,17,5,20.69,0.209,7.5,132.94,42.78,0,0,242.63,2026-01-06 21:02
TR00001,12123,Mumbai - Pune Express,Mumbai CST,Pune Jn,Kalyan,Karjat,171.65,96.44,14.13,0.252,26.2,22,6,17.78,0.052,18.25,147.13,114.49,0,0,122.17,2026-04-14 00:02
TR00002,11010,Deccan Express,Mumbai CST,Pune Jn,Lonavala,Pune Jn,173.44,47.61,27.24,0.293,35.0,18,6,19.64,0.013,27.63,148.66,63.79,0,1,306.3,2026-04-25 23:06
TR00003,12010,Shatabdi Express,Mumbai Central,Ahmedabad Jn,Mumbai Central,Borivali,369.08,74.5,20.25,0.351,30.3,0,0,5.5,0.393,5.91,316.35,86.58,0,0,361.83,2026-02-08 06:01
TR00004,12951,Mumbai Rajdhani,Mumbai Central,New Delhi,Mumbai Central,Surat,121.94,79.05,14.55,0.086,36.2,22,2,8.58,0.391,4.16,104.52,95.49,0,0,108.63,2026-01-12 23:48
TR00005,12622,Tamil Nadu Express,New Delhi,Chennai Central,Bhopal Jn,Nagpur,399.56,90.52,22.66,0.152,13.2,20,4,7.59,0.498,3.97,342.48,88.61,0,0,325.03,2026-04-25 01:25
TR00006,12295,Sanghamitra Express,Bengaluru,Patna Jn,Vijayawada,Gaya Jn,325.61,105.0,16.4,0.17,26.1,14,5,24.32,0.505,0.8,279.1,96.77,0,0,228.92,2026-08-24 17:48
TR00001,12123,Mumbai - Pune Express,Mumbai CST,Pune Jn,Lonavala,Pune Jn,222.0,78.34,31.79,0.456,35.3,6,5,50.03,0.059,3.45,190.28,69.87,0,0,201.88,2026-03-07 09:21
TR00002,11010,Deccan Express,Mumbai CST,Pune Jn,Mumbai CST,Dadar,282.43,71.93,9.75,0.127,20.5,18,3,13.77,0.33,22.93,242.08,68.26,0,0,268.42,2026-06-22 22:28
TR00003,12010,Shatabdi Express,Mumbai Central,Ahmedabad Jn,Mumbai Central,Borivali,304.43,95.73,16.27,0.111,28.9,4,5,15.13,0.156,12.9,260.94,90.53,0,0,206.62,2026-05-25 07:26
TR00004,12951,Mumbai Rajdhani,Mumbai Central,New Delhi,Kota Jn,New Delhi,203.01,48.0,8.45,0.06,28.3,3,3,10.45,0.021,10.52,174.01,46.38,0,0,264.61,2026-08-20 07:24
TR00005,12622,Tamil Nadu Express,New Delhi,Chennai Central,New Delhi,Bhopal Jn,182.09,80.46,20.42,0.481,24.8,11,3,18.55,0.06,8.22,156.08,84.0,0,0,162.44,2026-05-31 13:42
TR00006,12295,Sanghamitra Express,Bengaluru,Patna Jn,Guntakal Jn,Vijayawada,315.83,20.0,9.64,0.099,15.7,2,6,11.47,0.348,1.43,270.71,20.0,0,0,1067.62,2026-02-12 19:47
TR00001,12123,Mumbai - Pune Express,Mumbai CST,Pune Jn,Karjat,Lonavala,323.76,68.13,20.67,0.389,31.8,0,1,14.99,0.15,1.67,277.51,68.97,0,0,334.95,2026-03-11 05:34
TR00002,11010,Deccan Express,Mumbai CST,Pune Jn,Dadar,Kalyan,326.89,116.84,17.66,0.127,20.4,21,0,22.51,0.074,3.7,280.19,121.43,0,0,188.76,2026-03-31 00:08
TR00003,12010,Shatabdi Express,Mumbai Central,Ahmedabad Jn,Vapi,Surat,223.64,103.34,14.04,0.028,40.7,19,6,12.92,0.141,12.41,191.69,89.31,0,0,148.8,2026-07-20 21:28
TR00004,12951,Mumbai Rajdhani,Mumbai Central,New Delhi,Mumbai Central,Surat,409.47,102.02,19.88,0.533,27.7,4,3,7.23,0.269,4.61,350.98,88.53,0,0,289.95,2026-04-22 08:49
TR00005,12622,Tamil Nadu Express,New Delhi,Chennai Central,Bhopal Jn,Nagpur,530.44,73.71,45.49,0.274,25.7,22,1,46.23,0.448,5.65,454.66,77.77,0,0,538.73,2026-01-26 06:58
TR00006,12295,Sanghamitra Express,Bengaluru,Patna Jn,Bengaluru,Guntakal Jn,43.14,98.41,43.36,0.488,40.4,16,5,25.72,0.541,7.71,36.98,94.59,0,1,59.7,2026-03-09 16:59
TR00001,12123,Mumbai - Pune Express,Mumbai CST,Pune Jn,Karjat,Lonavala,201.66,28.38,39.96,0.253,39.6,10,1,6.66,0.348,14.19,172.85,29.24,1,0,526.26,2026-04-12 18:46
TR00002,11010,Deccan Express,Mumbai CST,Pune Jn,Kalyan,Lonavala,484.87,105.85,0.0,0.06,30.6,21,0,13.26,0.16,2.22,415.61,108.18,0,0,295.73,2026-01-20 01:55
TR00003,12010,Shatabdi Express,Mumbai Central,Ahmedabad Jn,Surat,Vadodara,335.9,83.85,26.24,0.463,27.4,12,4,13.17,0.154,3.29,287.91,94.09,0,0,277.11,2026-05-16 16:37
TR00004,12951,Mumbai Rajdhani,Mumbai Central,New Delhi,Surat,Vadodara,166.65,57.64,23.48,0.38,33.3,18,6,23.84,0.273,1.54,142.84,48.0,0,0,211.7,2026-08-13 21:31
TR00005,12622,Tamil Nadu Express,New Delhi,Chennai Central,Vijayawada,Chennai Central,223.66,96.97,20.96,0.327,27.3,11,0,6.9,0.139,1.03,191.71,102.23,0,0,161.83,2026-03-06 13:41
TR00006,12295,Sanghamitra Express,Bengaluru,Patna Jn,Gaya Jn,Patna Jn,203.75,86.44,20.14,0.163,39.5,10,2,3.24,0.065,14.83,174.65,86.26,0,0,156.26,2026-03-18 12:36
TR00001,12123,Mumbai - Pune Express,Mumbai CST,Pune Jn,Karjat,Lonavala,248.81,96.95,23.93,0.246,28.5,18,4,16.35,0.564,9.34,213.27,112.0,0,0,204.72,2026-06-24 21:24
TR00002,11010,Deccan Express,Mumbai CST,Pune Jn,Dadar,Kalyan,326.83,67.57,22.61,0.088,23.7,6,2,24.13,0.17,28.4,280.14,60.07,0,0,313.84,2026-06-24 11:13
TR00003,12010,Shatabdi Express,Mumbai Central,Ahmedabad Jn,Vadodara,Ahmedabad Jn,227.65,69.58,28.04,0.597,39.0,23,5,34.57,0.29,8.58,195.13,80.0,0,0,254.77,2026-05-17 03:14
TR00004,12951,Mumbai Rajdhani,Mumbai Central,New Delhi,Kota Jn,New Delhi,118.68,89.94,29.42,0.073,25.7,0,2,47.79,0.175,6.15,101.72,87.14,0,0,98.11,2026-06-12 01:38
TR00005,12622,Tamil Nadu Express,New Delhi,Chennai Central,Vijayawada,Chennai Central,206.91,103.11,20.92,0.247,35.6,8,6,24.68,0.263,2.5,177.35,113.14,0,0,150.82,2026-06-04 10:30
TR00006,12295,Sanghamitra Express,Bengaluru,Patna Jn,Guntakal Jn,Vijayawada,89.08,101.31,14.69,0.039,21.0,11,4,6.96,0.251,9.94,76.35,92.91,0,0,66.61,2026-07-04 12:06
TR00001,12123,Mumbai - Pune Express,Mumbai CST,Pune Jn,Karjat,Lonavala,188.55,46.55,21.93,0.088,48.0,0,4,33.22,0.376,7.73,161.62,40.82,0,0,281.23,2026-05-07 04:41
TR00002,11010,Deccan Express,Mumbai CST,Pune Jn,Lonavala,Pune Jn,79.52,73.55,30.37,0.501,25.7,1,5,74.37,0.186,5.59,68.16,80.9,0,0,88.55,2026-06-06 02:28
TR00003,12010,Shatabdi Express,Mumbai Central,Ahmedabad Jn,Vadodara,Ahmedabad Jn,168.32,61.82,31.53,0.087,30.0,5,2,28.19,0.09,21.85,144.27,61.41,0,1,226.91,2026-06-26 08:46
TR00004,12951,Mumbai Rajdhani,Mumbai Central,New Delhi,Surat,Vadodara,239.87,105.74,30.01,0.19,12.7,13,5,11.61,0.39,3.79,205.6,110.36,0,1,213.2,2026-03-12 16:33
TR00005,12622,Tamil Nadu Express,New Delhi,Chennai Central,New Delhi,Bhopal Jn,260.5,84.33,31.39,0.315,29.7,2,4,0.41,0.332,19.04,223.28,70.28,0,1,296.54,2026-05-28 06:56
TR00006,12295,Sanghamitra Express,Bengaluru,Patna Jn,Guntakal Jn,Vijayawada,291.46,85.18,32.86,0.225,22.4,12,1,9.55,0.161,9.49,249.82,86.94,1,1,311.81,2026-01-28 17:11
TR00001,12123,Mumbai - Pune Express,Mumbai CST,Pune Jn,Mumbai CST,Dadar,287.64,111.14,29.74,0.029,24.1,10,1,14.38,0.381,7.25,246.55,121.09,0,0,187.26,2026-05-28 13:07
TR00002,11010,Deccan Express,Mumbai CST,Pune Jn,Mumbai CST,Dadar,126.49,90.72,30.81,0.33,22.9,13,6,7.41,0.475,2.6,108.42,95.68,0,0,114.26,2026-08-21 14:54
TR00003,12010,Shatabdi Express,Mumbai Central,Ahmedabad Jn,Mumbai Central,Borivali,95.08,100.08,22.76,0.304,28.1,18,6,30.05,0.251,2.31,81.49,101.82,0,0,77.3,2026-03-04 19:17
TR00004,12951,Mumbai Rajdhani,Mumbai Central,New Delhi,Vadodara,Kota Jn,282.54,42.9,25.13,0.314,35.1,6,3,45.26,0.33,12.33,242.18,33.19,0,0,467.6,2026-04-18 13:47
TR00005,12622,Tamil Nadu Express,New Delhi,Chennai Central,New Delhi,Bhopal Jn,638.71,92.0,3.32,0.051,37.2,10,3,5.23,0.274,6.88,547.47,101.11,0,0,454.72,2026-04-18 17:34
TR00006,12295,Sanghamitra Express,Bengaluru,Patna Jn,Bengaluru,Guntakal Jn,130.24,35.15,20.39,0.224,26.5,22,1,15.05,0.46,1.27,111.64,34.33,0,0,269.28,2026-06-28 02:29
TR00001,12123,Mumbai - Pune Express,Mumbai CST,Pune Jn,Kalyan,Karjat,230.98,101.38,37.14,0.282,29.0,1,3,15.07,0.784,14.52,197.99,106.5,0,0,201.77,2026-02-16 04:21
TR00002,11010,Deccan Express,Mumbai CST,Pune Jn,Dadar,Kalyan,212.21,61.97,4.87,0.026,21.2,11,0,8.54,0.299,15.16,181.89,57.33,0,0,228.48,2026-07-21 14:48
TR00003,12010,Shatabdi Express,Mumbai Central,Ahmedabad Jn,Borivali,Vapi,183.96,77.52,8.84,0.4,27.6,1,1,6.08,0.257,9.11,157.68,66.75,0,0,168.27,2026-03-04 03:48
TR00004,12951,Mumbai Rajdhani,Mumbai Central,New Delhi,Vadodara,Kota Jn,320.35,55.42,11.51,0.243,24.5,2,1,7.28,0.24,19.86,274.58,60.13,0,0,388.74,2026-02-20 08:28
TR00005,12622,Tamil Nadu Express,New Delhi,Chennai Central,Bhopal Jn,Nagpur,154.61,84.24,24.64,0.086,28.0,12,2,19.78,0.302,10.94,132.52,84.45,0,0,130.96,2026-04-27 14:10
TR00006,12295,Sanghamitra Express,Bengaluru,Patna Jn,Gaya Jn,Patna Jn,152.11,98.03,14.82,0.036,32.1,15,6,4.33,0.282,3.89,130.38,86.35,0,0,110.33,2026-05-17 16:50
TR00001,12123,Mumbai - Pune Express,Mumbai CST,Pune Jn,Lonavala,Pune Jn,119.38,58.9,23.92,0.137,41.5,22,3,11.59,0.205,30.49,102.32,45.16,0,0,147.94,2026-06-22 00:27
TR00002,11010,Deccan Express,Mumbai CST,Pune Jn,Kalyan,Lonavala,310.77,53.05,17.89,0.216,34.4,13,4,12.26,0.264,22.07,266.38,59.06,0,0,404.56,2026-06-27 19:44
TR00003,12010,Shatabdi Express,Mumbai Central,Ahmedabad Jn,Borivali,Vapi,158.92,67.05,26.4,0.334,40.9,8,2,25.72,0.299,0.56,136.21,61.77,0,0,178.65,2026-05-06 10:58
TR00004,12951,Mumbai Rajdhani,Mumbai Central,New Delhi,Mumbai Central,Surat,185.84,80.6,24.81,0.214,30.3,6,6,7.81,0.544,2.06,159.29,95.52,0,0,176.71,2026-05-03 08:56
TR00005,12622,Tamil Nadu Express,New Delhi,Chennai Central,Nagpur,Vijayawada,318.81,84.06,22.13,0.321,38.7,17,1,18.05,0.327,10.57,273.27,80.19,0,0,276.7,2026-02-26 21:36
TR00006,12295,Sanghamitra Express,Bengaluru,Patna Jn,Bengaluru,Guntakal Jn,103.92,40.05,39.74,0.094,29.9,17,3,7.8,0.776,4.44,89.07,33.99,1,0,234.73,2026-08-18 20:54
TR00001,12123,Mumbai - Pune Express,Mumbai CST,Pune Jn,Karjat,Lonavala,219.59,72.77,31.07,0.067,15.3,3,4,12.54,0.303,25.31,188.22,84.81,0,1,262.55,2026-01-31 07:22
TR00002,11010,Deccan Express,Mumbai CST,Pune Jn,Lonavala,Pune Jn,278.37,36.05,45.1,0.259,31.4,18,5,22.27,0.09,12.79,238.6,32.02,1,1,664.73,2026-03-24 05:04
TR00003,12010,Shatabdi Express,Mumbai Central,Ahmedabad Jn,Vadodara,Ahmedabad Jn,112.55,53.54,12.45,0.615,16.4,16,6,13.51,0.072,8.82,96.48,61.72,0,0,147.92,2026-05-03 18:27
TR00004,12951,Mumbai Rajdhani,Mumbai Central,New Delhi,Surat,Vadodara,330.02,68.3,11.08,0.147,25.1,5,0,5.05,0.461,4.12,282.88,59.29,0,0,339.65,2026-03-31 10:39
TR00005,12622,Tamil Nadu Express,New Delhi,Chennai Central,Bhopal Jn,Nagpur,371.81,63.28,24.35,0.029,32.6,12,0,33.55,0.604,19.92,318.7,69.85,0,0,428.99,2026-08-24 19:08
TR00006,12295,Sanghamitra Express,Bengaluru,Patna Jn,Vijayawada,Gaya Jn,424.69,96.26,40.85,0.167,20.9,3,6,17.89,0.312,22.81,364.02,109.58,0,1,398.13,2026-02-28 09:38
TR00001,12123,Mumbai - Pune Express,Mumbai CST,Pune Jn,Karjat,Lonavala,131.0,35.54,16.95,0.065,34.0,16,6,17.58,0.331,3.3,112.29,24.84,0,0,255.19,2026-01-03 20:15
TR00002,11010,Deccan Express,Mumbai CST,Pune Jn,Mumbai CST,Dadar,389.23,69.21,16.68,0.232,33.4,16,1,7.5,0.332,2.53,333.63,63.22,0,0,388.9,2026-04-12 22:28
TR00003,12010,Shatabdi Express,Mumbai Central,Ahmedabad Jn,Surat,Vadodara,392.26,59.69,16.29,0.128,17.9,9,0,27.72,0.224,10.64,336.22,62.75,0,0,434.63,2026-07-21 16:14
TR00004,12951,Mumbai Rajdhani,Mumbai Central,New Delhi,Vadodara,Kota Jn,376.71,84.94,16.64,0.189,25.2,5,2,6.68,0.201,0.11,322.89,79.15,0,0,294.56,2026-08-16 09:54
TR00005,12622,Tamil Nadu Express,New Delhi,Chennai Central,Bhopal Jn,Nagpur,141.71,80.17,22.36,0.12,34.6,2,3,14.86,0.532,5.28,121.47,84.86,0,0,139.98,2026-05-25 04:19
TR00006,12295,Sanghamitra Express,Bengaluru,Patna Jn,Guntakal Jn,Vijayawada,435.5,72.63,7.3,0.228,22.1,4,1,6.64,0.295,4.83,373.29,59.17,0,0,406.82,2026-05-29 10:46
TR00001,12123,Mumbai - Pune Express,Mumbai CST,Pune Jn,Dadar,Kalyan,180.39,82.54,28.94,0.152,31.6,8,2,28.78,0.254,5.74,154.62,79.26,0,0,148.89,2026-02-22 10:28
TR00002,11010,Deccan Express,Mumbai CST,Pune Jn,Lonavala,Pune Jn,154.9,67.33,15.96,0.154,19.9,18,4,10.88,0.31,3.41,132.77,76.48,0,0,156.92,2026-07-07 20:36
TR00003,12010,Shatabdi Express,Mumbai Central,Ahmedabad Jn,Borivali,Vapi,109.8,70.43,27.48,0.058,43.7,6,5,2.62,0.623,7.97,94.11,70.85,0,0,127.03,2026-02-13 08:07
TR00004,12951,Mumbai Rajdhani,Mumbai Central,New Delhi,Vadodara,Kota Jn,194.79,111.96,13.73,0.01,26.5,10,3,22.85,0.131,0.99,166.96,103.3,0,0,112.35,2026-04-21 11:52
TR00005,12622,Tamil Nadu Express,New Delhi,Chennai Central,Bhopal Jn,Nagpur,355.44,63.52,15.89,0.199,20.5,23,0,19.65,0.262,3.44,304.67,84.81,0,0,383.43,2026-06-27 05:23
TR00006,12295,Sanghamitra Express,Bengaluru,Patna Jn,Guntakal Jn,Vijayawada,131.26,120.29,21.04,0.139,27.4,10,2,18.84,0.405,0.6,112.51,123.15,0,0,86.72,2026-03-01 11:26
TR00001,12123,Mumbai - Pune Express,Mumbai CST,Pune Jn,Dadar,Kalyan,93.45,73.36,20.32,0.117,31.7,11,1,24.66,0.442,1.97,80.1,76.53,0,0,100.29,2026-02-10 12:40
TR00002,11010,Deccan Express,Mumbai CST,Pune Jn,Kalyan,Lonavala,336.14,54.16,13.27,0.432,40.2,10,3,7.78,0.384,4.43,288.12,62.15,0,0,446.51,2026-03-01 17:26
TR00003,12010,Shatabdi Express,Mumbai Central,Ahmedabad Jn,Surat,Vadodara,165.31,62.64,26.87,0.172,32.5,1,0,14.09,0.252,1.41,141.7,62.6,1,0,194.78,2026-05-21 04:14
TR00004,12951,Mumbai Rajdhani,Mumbai Central,New Delhi,Surat,Vadodara,163.75,112.79,22.78,0.117,25.9,10,5,14.94,0.286,6.16,140.35,114.54,0,0,104.82,2026-07-09 11:44
TR00005,12622,Tamil Nadu Express,New Delhi,Chennai Central,Nagpur,Vijayawada,637.69,76.34,17.55,0.221,21.0,10,4,13.47,0.336,4.9,546.59,80.32,0,0,576.45,2026-05-18 19:36
TR00006,12295,Sanghamitra Express,Bengaluru,Patna Jn,Gaya Jn,Patna Jn,283.01,66.96,17.9,0.292,33.0,22,0,4.56,0.596,17.48,242.58,70.74,0,0,325.76,2026-02-08 03:25
TR00001,12123,Mumbai - Pune Express,Mumbai CST,Pune Jn,Lonavala,Pune Jn,212.03,102.48,23.66,0.205,40.3,10,4,24.47,0.363,2.17,181.74,99.16,0,0,151.96,2026-01-27 12:31
TR00002,11010,Deccan Express,Mumbai CST,Pune Jn,Kalyan,Lonavala,220.65,100.9,16.57,0.222,24.5,13,3,7.03,0.245,5.56,189.13,104.66,0,0,153.65,2026-02-17 15:33
TR00003,12010,Shatabdi Express,Mumbai Central,Ahmedabad Jn,Mumbai Central,Borivali,197.53,67.3,31.15,0.447,11.6,5,2,25.12,0.145,6.72,169.31,75.3,0,0,219.68,2026-08-03 08:39
TR00004,12951,Mumbai Rajdhani,Mumbai Central,New Delhi,Surat,Vadodara,151.79,52.59,12.0,0.299,18.5,19,2,15.39,0.09,20.95,130.11,48.44,0,0,189.79,2026-02-08 22:09
TR00005,12622,Tamil Nadu Express,New Delhi,Chennai Central,Nagpur,Vijayawada,431.74,92.93,28.48,0.284,25.4,12,2,15.23,0.427,28.4,370.06,104.79,0,0,340.71,2026-06-30 17:40
TR00006,12295,Sanghamitra Express,Bengaluru,Patna Jn,Guntakal Jn,Vijayawada,232.02,101.14,19.22,0.131,32.7,21,4,7.6,0.441,1.82,198.87,119.45,0,0,170.41,2026-08-20 23:50
TR00001,12123,Mumbai - Pune Express,Mumbai CST,Pune Jn,Mumbai CST,Dadar,182.14,104.96,35.32,0.207,31.8,9,2,14.05,0.343,4.02,156.12,103.19,1,1,176.95,2026-05-07 11:56
TR00002,11010,Deccan Express,Mumbai CST,Pune Jn,Kalyan,Lonavala,473.31,88.11,39.06,0.356,21.5,20,0,1.92,0.179,5.34,405.69,81.02,1,0,391.21,2026-02-01 02:31
TR00003,12010,Shatabdi Express,Mumbai Central,Ahmedabad Jn,Vapi,Surat,303.05,83.12,3.11,0.199,28.4,13,2,10.04,0.098,4.34,259.76,77.93,0,0,229.6,2026-03-15 16:49
TR00004,12951,Mumbai Rajdhani,Mumbai Central,New Delhi,Mumbai Central,Surat,301.95,88.42,30.32,0.019,29.0,21,3,10.64,0.263,31.68,258.81,88.83,0,1,294.07,2026-07-14 01:54
TR00005,12622,Tamil Nadu Express,New Delhi,Chennai Central,New Delhi,Bhopal Jn,291.03,44.64,40.39,0.39,28.1,3,2,5.91,0.644,5.24,249.45,43.0,0,1,698.34,2026-05-13 14:38
TR00006,12295,Sanghamitra Express,Bengaluru,Patna Jn,Gaya Jn,Patna Jn,174.31,40.95,12.25,0.068,34.9,12,3,19.63,0.104,5.33,149.41,32.81,0,0,264.76,2026-08-21 16:24
TR00001,12123,Mumbai - Pune Express,Mumbai CST,Pune Jn,Mumbai CST,Dadar,267.32,57.01,11.73,0.008,31.9,0,2,9.21,0.206,9.95,229.13,60.61,0,0,303.51,2026-08-24 05:03
TR00002,11010,Deccan Express,Mumbai CST,Pune Jn,Kalyan,Lonavala,149.91,69.85,0.76,0.091,28.7,1,2,8.16,0.103,8.58,128.49,63.99,0,0,132.09,2026-07-12 03:12
TR00003,12010,Shatabdi Express,Mumbai Central,Ahmedabad Jn,Vapi,Surat,130.17,78.17,32.02,0.362,23.8,19,3,27.9,0.177,1.77,111.57,81.36,0,1,156.54,2026-02-21 21:36
TR00004,12951,Mumbai Rajdhani,Mumbai Central,New Delhi,Mumbai Central,Surat,233.3,48.35,14.12,0.225,27.7,14,4,33.33,0.036,0.21,199.97,45.51,0,0,306.5,2026-02-28 19:06
TR00005,12622,Tamil Nadu Express,New Delhi,Chennai Central,New Delhi,Bhopal Jn,554.26,56.92,11.45,0.202,32.3,13,2,25.31,0.059,12.96,475.08,50.49,0,0,616.07,2026-02-03 23:16
TR00006,12295,Sanghamitra Express,Bengaluru,Patna Jn,Bengaluru,Guntakal Jn,120.06,78.48,4.44,0.182,21.4,1,4,10.41,0.446,17.83,102.91,69.27,0,0,115.77,2026-03-05 02:55
TR00001,12123,Mumbai - Pune Express,Mumbai CST,Pune Jn,Lonavala,Pune Jn,305.9,84.26,18.28,0.166,30.4,22,6,11.89,0.188,2.11,262.2,78.9,0,0,250.05,2026-01-10 02:10
TR00002,11010,Deccan Express,Mumbai CST,Pune Jn,Mumbai CST,Dadar,219.47,85.22,21.39,0.38,31.1,7,1,4.93,0.269,2.71,188.12,90.31,0,0,187.5,2026-05-09 10:07
TR00003,12010,Shatabdi Express,Mumbai Central,Ahmedabad Jn,Mumbai Central,Borivali,96.06,104.65,21.77,0.075,15.0,7,6,19.04,0.483,6.0,82.34,105.07,0,0,60.82,2026-05-28 08:00
TR00004,12951,Mumbai Rajdhani,Mumbai Central,New Delhi,Mumbai Central,Surat,242.43,70.96,30.33,0.267,39.9,13,1,25.46,0.247,5.62,207.8,72.35,1,0,260.45,2026-06-06 17:20
TR00005,12622,Tamil Nadu Express,New Delhi,Chennai Central,Nagpur,Vijayawada,513.18,64.85,11.6,0.25,12.5,14,6,11.3,0.152,7.09,439.86,71.8,0,0,521.54,2026-05-05 22:41
TR00006,12295,Sanghamitra Express,Bengaluru,Patna Jn,Bengaluru,Guntakal Jn,360.68,78.93,16.52,0.046,27.6,17,6,20.17,0.517,5.05,309.15,67.27,0,0,321.39,2026-07-16 22:21
TR00001,12123,Mumbai - Pune Express,Mumbai CST,Pune Jn,Mumbai CST,Dadar,247.46,94.71,12.99,0.248,27.8,3,1,27.06,0.22,13.08,212.11,113.61,0,0,176.35,2026-08-19 05:56
TR00002,11010,Deccan Express,Mumbai CST,Pune Jn,Dadar,Kalyan,594.1,98.64,21.29,0.355,20.4,22,0,6.15,0.552,9.91,509.23,106.67,0,0,460.0,2026-06-02 05:39
TR00003,12010,Shatabdi Express,Mumbai Central,Ahmedabad Jn,Surat,Vadodara,144.91,88.44,15.81,0.115,28.5,5,0,3.82,0.491,13.01,124.21,95.59,0,0,123.82,2026-07-14 07:03
TR00004,12951,Mumbai Rajdhani,Mumbai Central,New Delhi,Kota Jn,New Delhi,216.09,73.32,31.81,0.269,28.1,12,6,17.39,0.388,8.52,185.22,75.9,1,0,231.97,2026-01-28 15:51
TR00005,12622,Tamil Nadu Express,New Delhi,Chennai Central,Bhopal Jn,Nagpur,360.76,78.45,17.42,0.31,37.6,18,3,8.68,0.089,17.43,309.23,74.38,0,0,303.56,2026-01-28 23:03
TR00006,12295,Sanghamitra Express,Bengaluru,Patna Jn,Vijayawada,Gaya Jn,209.82,63.54,23.8,0.336,36.0,11,5,7.95,0.112,39.13,179.85,59.53,0,0,223.26,2026-03-05 14:43
TR00001,12123,Mumbai - Pune Express,Mumbai CST,Pune Jn,Karjat,Lonavala,433.72,50.36,27.62,0.102,26.3,7,5,30.77,0.673,5.71,371.76,67.94,0,0,647.97,2026-08-07 17:47
TR00002,11010,Deccan Express,Mumbai CST,Pune Jn,Mumbai CST,Dadar,315.92,111.92,27.4,0.159,21.6,17,4,9.43,0.515,9.62,270.79,94.54,0,1,272.85,2026-05-25 21:32
TR00003,12010,Shatabdi Express,Mumbai Central,Ahmedabad Jn,Surat,Vadodara,141.33,103.69,51.77,0.097,20.5,1,5,61.41,0.454,3.11,121.14,111.61,0,0,122.37,2026-05-15 03:02
TR00004,12951,Mumbai Rajdhani,Mumbai Central,New Delhi,Vadodara,Kota Jn,366.93,81.38,14.79,0.41,21.8,14,6,5.93,0.209,11.18,314.52,90.75,0,0,320.91,2026-05-04 19:20
TR00005,12622,Tamil Nadu Express,New Delhi,Chennai Central,New Delhi,Bhopal Jn,235.97,80.36,32.34,0.202,26.1,15,6,14.88,0.587,0.11,202.26,76.07,0,0,228.32,2026-04-12 18:48
TR00006,12295,Sanghamitra Express,Bengaluru,Patna Jn,Gaya Jn,Patna Jn,183.75,94.83,30.1,0.258,26.8,2,3,2.28,0.435,11.0,157.5,96.85,0,1,195.15,2026-02-21 05:15
TR00001,12123,Mumbai - Pune Express,Mumbai CST,Pune Jn,Dadar,Kalyan,268.42,87.59,34.46,0.093,38.4,0,0,19.37,0.244,4.6,230.07,66.41,0,1,272.83,2026-01-05 04:32
TR00002,11010,Deccan Express,Mumbai CST,Pune Jn,Lonavala,Pune Jn,261.77,67.86,15.79,0.263,29.2,20,5,34.03,0.169,4.88,224.37,61.33,0,0,261.0,2026-06-08 00:20
TR00003,12010,Shatabdi Express,Mumbai Central,Ahmedabad Jn,Borivali,Vapi,63.66,84.18,31.76,0.084,22.6,19,5,16.95,0.51,6.19,54.56,83.59,0,0,68.36,2026-01-05 20:08
TR00004,12951,Mumbai Rajdhani,Mumbai Central,New Delhi,Mumbai Central,Surat,324.53,46.06,2.79,0.052,22.6,22,5,14.78,0.303,7.03,278.17,40.48,0,0,464.05,2026-02-09 05:44
TR00005,12622,Tamil Nadu Express,New Delhi,Chennai Central,Bhopal Jn,Nagpur,249.22,87.1,21.06,0.087,24.0,5,5,12.44,0.168,4.82,213.62,77.4,0,0,189.56,2026-04-15 08:09
TR00006,12295,Sanghamitra Express,Bengaluru,Patna Jn,Guntakal Jn,Vijayawada,278.91,73.43,18.13,0.47,31.7,4,2,3.81,0.268,5.31,239.07,75.72,0,0,276.06,2026-05-13 08:36
TR00001,12123,Mumbai - Pune Express,Mumbai CST,Pune Jn,Kalyan,Karjat,417.08,79.51,14.99,0.165,29.1,10,3,22.63,0.102,7.07,357.5,90.99,0,0,334.98,2026-04-06 15:34
TR00002,11010,Deccan Express,Mumbai CST,Pune Jn,Mumbai CST,Dadar,211.82,50.78,21.95,0.057,25.1,9,0,28.69,0.357,5.98,181.56,39.45,0,0,292.19,2026-03-15 13:52
TR00003,12010,Shatabdi Express,Mumbai Central,Ahmedabad Jn,Surat,Vadodara,364.71,94.88,27.74,0.047,35.5,21,2,39.76,0.163,7.35,312.61,85.38,0,0,250.77,2026-01-21 01:10
TR00004,12951,Mumbai Rajdhani,Mumbai Central,New Delhi,Surat,Vadodara,188.55,80.48,26.46,0.028,20.7,12,6,17.77,0.439,10.68,161.61,62.45,0,0,172.26,2026-04-29 14:52
TR00005,12622,Tamil Nadu Express,New Delhi,Chennai Central,Nagpur,Vijayawada,238.71,75.36,18.88,0.033,22.9,19,1,15.23,0.17,1.61,204.6,72.82,0,0,210.84,2026-08-24 22:30
TR00006,12295,Sanghamitra Express,Bengaluru,Patna Jn,Gaya Jn,Patna Jn,164.52,69.8,42.1,0.351,28.3,6,0,26.2,0.45,22.72,141.01,70.82,0,1,239.75,2026-01-15 09:59
TR00001,12123,Mumbai - Pune Express,Mumbai CST,Pune Jn,Kalyan,Karjat,144.26,40.51,22.38,0.32,29.5,5,6,4.07,0.266,7.04,123.65,38.12,0,0,248.16,2026-01-05 09:08
TR00002,11010,Deccan Express,Mumbai CST,Pune Jn,Kalyan,Lonavala,160.68,85.24,15.23,0.168,39.2,12,2,25.52,0.255,32.63,137.72,90.05,0,0,126.33,2026-08-28 14:06
TR00003,12010,Shatabdi Express,Mumbai Central,Ahmedabad Jn,Vadodara,Ahmedabad Jn,134.42,118.26,24.7,0.335,34.2,7,4,23.57,0.59,20.37,115.22,116.19,0,0,102.05,2026-03-02 08:42
TR00004,12951,Mumbai Rajdhani,Mumbai Central,New Delhi,Surat,Vadodara,173.12,45.51,11.69,0.078,34.0,22,5,5.75,0.321,16.07,148.39,58.97,0,0,258.47,2026-01-18 02:18
TR00005,12622,Tamil Nadu Express,New Delhi,Chennai Central,Nagpur,Vijayawada,252.38,66.76,19.96,0.062,17.9,1,3,6.57,0.163,27.31,216.33,66.73,0,0,249.11,2026-08-05 05:09
TR00006,12295,Sanghamitra Express,Bengaluru,Patna Jn,Bengaluru,Guntakal Jn,122.36,58.66,11.7,0.079,32.7,5,1,4.5,0.193,12.52,104.88,61.87,0,0,139.22,2026-02-22 07:19
TR00001,12123,Mumbai - Pune Express,Mumbai CST,Pune Jn,Mumbai CST,Dadar,225.38,60.26,8.93,0.104,37.2,17,0,13.35,0.198,7.63,193.18,47.6,0,0,242.94,2026-03-11 21:02
TR00002,11010,Deccan Express,Mumbai CST,Pune Jn,Dadar,Kalyan,306.84,57.29,22.63,0.041,31.3,14,0,6.44,0.353,4.98,263.01,70.1,0,0,367.14,2026-08-20 20:07
TR00003,12010,Shatabdi Express,Mumbai Central,Ahmedabad Jn,Mumbai Central,Borivali,164.24,85.82,6.88,0.13,28.0,0,4,7.11,0.206,4.75,140.78,95.1,0,0,134.95,2026-01-07 02:14
TR00004,12951,Mumbai Rajdhani,Mumbai Central,New Delhi,Surat,Vadodara,288.41,80.85,18.25,0.039,24.8,3,2,25.57,0.203,18.25,247.21,83.64,0,0,236.47,2026-02-27 06:56
TR00005,12622,Tamil Nadu Express,New Delhi,Chennai Central,New Delhi,Bhopal Jn,459.7,46.11,23.61,0.336,28.0,16,4,8.2,0.463,14.16,394.03,53.48,0,0,730.22,2026-02-10 04:10
TR00006,12295,Sanghamitra Express,Bengaluru,Patna Jn,Vijayawada,Gaya Jn,735.03,86.91,19.65,0.099,19.2,5,2,31.15,0.104,4.56,630.02,101.14,0,0,539.77,2026-04-27 13:59
TR00001,12123,Mumbai - Pune Express,Mumbai CST,Pune Jn,Dadar,Kalyan,209.4,47.18,13.84,0.063,22.9,13,6,3.37,0.369,15.17,179.48,49.11,0,0,301.22,2026-07-04 18:01
TR00002,11010,Deccan Express,Mumbai CST,Pune Jn,Mumbai CST,Dadar,102.23,108.3,16.58,0.398,27.7,17,0,14.7,0.236,10.11,87.62,97.76,0,0,75.91,2026-04-22 18:15
TR00003,12010,Shatabdi Express,Mumbai Central,Ahmedabad Jn,Surat,Vadodara,210.75,66.02,18.02,0.177,30.9,1,3,12.2,0.162,1.53,180.64,72.71,0,0,212.82,2026-05-07 04:32
TR00004,12951,Mumbai Rajdhani,Mumbai Central,New Delhi,Kota Jn,New Delhi,191.59,92.59,15.48,0.014,25.7,17,3,8.25,0.262,12.64,164.22,89.93,0,0,139.66,2026-04-15 19:19
TR00005,12622,Tamil Nadu Express,New Delhi,Chennai Central,Nagpur,Vijayawada,452.75,36.4,31.27,0.178,34.1,19,5,35.82,0.154,14.04,388.07,49.01,0,0,815.22,2026-02-08 08:35
TR00006,12295,Sanghamitra Express,Bengaluru,Patna Jn,Guntakal Jn,Vijayawada,199.97,88.09,41.4,0.564,25.6,16,4,7.99,0.355,3.69,171.4,79.04,0,1,235.24,2026-07-21 19:55
TR00001,12123,Mumbai - Pune Express,Mumbai CST,Pune Jn,Dadar,Kalyan,81.06,64.92,23.68,0.441,30.9,11,2,14.85,0.257,0.77,69.48,49.79,0,0,91.22,2026-01-03 12:31
TR00002,11010,Deccan Express,Mumbai CST,Pune Jn,Mumbai CST,Dadar,114.22,71.5,7.87,0.04,33.8,20,2,18.74,0.294,7.33,97.9,57.83,0,0,115.32,2026-07-27 21:55
TR00003,12010,Shatabdi Express,Mumbai Central,Ahmedabad Jn,Borivali,Vapi,196.46,45.12,20.79,0.213,41.7,18,3,15.08,0.224,8.68,168.39,65.82,0,0,297.03,2026-01-27 22:57
TR00004,12951,Mumbai Rajdhani,Mumbai Central,New Delhi,Kota Jn,New Delhi,118.4,62.79,38.77,0.428,39.5,19,2,10.59,0.648,16.02,101.48,54.35,1,0,185.22,2026-06-19 22:05
TR00005,12622,Tamil Nadu Express,New Delhi,Chennai Central,Vijayawada,Chennai Central,112.94,64.46,10.84,0.183,28.3,0,4,20.42,0.291,5.16,96.81,59.01,0,0,114.69,2026-04-28 01:54
TR00006,12295,Sanghamitra Express,Bengaluru,Patna Jn,Guntakal Jn,Vijayawada,341.86,72.35,34.91,0.053,26.0,7,2,23.29,0.394,2.0,293.02,63.8,0,1,432.08,2026-05-08 14:12
TR00001,12123,Mumbai - Pune Express,Mumbai CST,Pune Jn,Karjat,Lonavala,375.85,55.39,13.16,0.265,26.9,5,1,8.17,0.448,11.27,322.16,60.12,0,0,477.82,2026-03-22 12:57
TR00002,11010,Deccan Express,Mumbai CST,Pune Jn,Dadar,Kalyan,350.88,54.69,14.25,0.303,19.2,8,2,16.89,0.132,5.0,300.75,49.2,0,0,430.12,2026-03-29 15:10
TR00003,12010,Shatabdi Express,Mumbai Central,Ahmedabad Jn,Borivali,Vapi,243.08,98.82,34.39,0.169,20.1,14,0,17.5,0.532,3.07,208.36,90.95,0,1,245.77,2026-07-01 18:05
TR00004,12951,Mumbai Rajdhani,Mumbai Central,New Delhi,Surat,Vadodara,418.16,60.27,37.22,0.143,22.6,13,2,13.56,0.114,10.13,358.42,78.52,1,0,469.36,2026-06-17 20:49
TR00005,12622,Tamil Nadu Express,New Delhi,Chennai Central,Vijayawada,Chennai Central,50.91,73.27,20.73,0.28,33.2,4,6,19.42,0.173,3.52,43.64,81.17,0,0,54.88,2026-04-19 04:54
TR00006,12295,Sanghamitra Express,Bengaluru,Patna Jn,Vijayawada,Gaya Jn,77.41,72.87,40.45,0.225,28.9,5,4,16.6,0.583,7.9,66.35,83.68,1,0,110.01,2026-03-01 06:50
TR00001,12123,Mumbai - Pune Express,Mumbai CST,Pune Jn,Dadar,Kalyan,295.34,82.73,0.52,0.123,17.0,9,5,7.8,0.233,1.51,253.15,70.33,0,0,229.11,2026-06-20 12:49
TR00002,11010,Deccan Express,Mumbai CST,Pune Jn,Kalyan,Lonavala,236.87,91.27,50.69,0.567,28.8,4,4,20.83,0.481,18.9,203.03,96.07,0,1,281.12,2026-03-17 08:41
TR00003,12010,Shatabdi Express,Mumbai Central,Ahmedabad Jn,Borivali,Vapi,216.44,62.33,8.6,0.141,28.7,3,3,7.26,0.24,17.09,185.52,51.98,0,0,235.58,2026-03-20 06:55
TR00004,12951,Mumbai Rajdhani,Mumbai Central,New Delhi,Mumbai Central,Surat,187.53,51.61,26.28,0.172,33.8,0,2,27.57,0.089,2.17,160.74,55.31,0,1,307.14,2026-08-04 05:07
TR00005,12622,Tamil Nadu Express,New Delhi,Chennai Central,New Delhi,Bhopal Jn,157.73,80.54,27.85,0.208,39.6,2,4,23.27,0.513,1.57,135.19,78.02,0,0,153.87,2026-03-27 04:33
TR00006,12295,Sanghamitra Express,Bengaluru,Patna Jn,Guntakal Jn,Vijayawada,186.94,112.21,8.87,0.12,30.5,18,6,3.66,0.539,4.16,160.23,111.85,0,0,116.49,2026-03-14 19:56
TR00001,12123,Mumbai - Pune Express,Mumbai CST,Pune Jn,Dadar,Kalyan,276.05,55.38,18.52,0.129,34.4,3,4,14.84,0.398,5.09,236.62,55.6,0,0,353.0,2026-03-19 08:52
TR00002,11010,Deccan Express,Mumbai CST,Pune Jn,Lonavala,Pune Jn,207.62,57.35,22.49,0.612,21.5,8,5,3.92,0.181,6.66,177.96,35.33,0,0,260.81,2026-05-06 12:20
TR00003,12010,Shatabdi Express,Mumbai Central,Ahmedabad Jn,Mumbai Central,Borivali,216.05,52.71,8.14,0.024,20.9,19,1,21.03,0.232,2.13,185.19,60.74,0,0,268.48,2026-04-26 23:28
TR00004,12951,Mumbai Rajdhani,Mumbai Central,New Delhi,Mumbai Central,Surat,141.01,80.12,33.51,0.158,22.6,12,3,4.45,0.251,15.99,120.87,77.45,0,1,162.25,2026-07-26 14:42
TR00005,12622,Tamil Nadu Express,New Delhi,Chennai Central,Vijayawada,Chennai Central,265.78,78.15,11.35,0.336,22.8,19,3,2.73,0.384,3.92,227.81,73.64,0,0,247.04,2026-08-02 23:07
TR00006,12295,Sanghamitra Express,Bengaluru,Patna Jn,Bengaluru,Guntakal Jn,244.72,116.95,41.47,0.814,27.2,17,6,7.2,0.103,32.39,209.76,110.0,0,1,208.29,2026-02-05 20:28
TR00001,12123,Mumbai - Pune Express,Mumbai CST,Pune Jn,Karjat,Lonavala,113.7,117.97,18.78,0.194,23.4,7,1,8.5,0.274,1.39,97.46,120.93,0,1,92.87,2026-05-23 08:32
TR00002,11010,Deccan Express,Mumbai CST,Pune Jn,Kalyan,Lonavala,65.84,59.69,20.81,0.251,38.8,23,1,5.42,0.187,5.98,56.44,59.83,0,1,106.42,2026-08-07 00:46
TR00003,12010,Shatabdi Express,Mumbai Central,Ahmedabad Jn,Vapi,Surat,96.08,61.58,29.13,0.006,29.9,4,4,0.87,0.244,18.5,82.35,72.45,1,0,129.85,2026-05-06 06:09
TR00004,12951,Mumbai Rajdhani,Mumbai Central,New Delhi,Mumbai Central,Surat,252.7,74.88,16.62,0.202,32.6,7,5,20.2,0.174,4.08,216.6,74.65,0,0,223.75,2026-04-18 10:43
TR00005,12622,Tamil Nadu Express,New Delhi,Chennai Central,Nagpur,Vijayawada,292.09,88.29,22.58,0.175,19.0,17,6,5.89,0.228,18.26,250.36,88.8,0,0,232.66,2026-02-06 20:52
TR00006,12295,Sanghamitra Express,Bengaluru,Patna Jn,Guntakal Jn,Vijayawada,211.12,84.46,8.88,0.099,25.1,19,5,26.12,0.145,8.23,180.96,79.75,0,0,167.23,2026-02-17 21:47
TR00001,12123,Mumbai - Pune Express,Mumbai CST,Pune Jn,Lonavala,Pune Jn,309.87,102.43,11.65,0.062,25.2,12,5,20.08,0.09,4.8,265.61,110.64,0,0,189.72,2026-02-10 15:09
TR00002,11010,Deccan Express,Mumbai CST,Pune Jn,Dadar,Kalyan,472.18,79.57,15.04,0.069,21.1,19,5,11.35,0.127,16.33,404.73,85.85,0,0,377.73,2026-06-03 01:17
TR00003,12010,Shatabdi Express,Mumbai Central,Ahmedabad Jn,Vadodara,Ahmedabad Jn,114.31,46.4,21.57,0.356,28.0,12,4,9.28,0.395,5.95,97.98,32.65,0,0,192.14,2026-05-20 15:12
TR00004,12951,Mumbai Rajdhani,Mumbai Central,New Delhi,Surat,Vadodara,173.41,87.85,10.4,0.27,22.6,3,6,18.76,0.279,9.18,148.64,98.77,0,0,136.44,2026-01-02 05:16
TR00005,12622,Tamil Nadu Express,New Delhi,Chennai Central,Bhopal Jn,Nagpur,174.99,72.92,7.11,0.202,28.7,15,6,11.2,0.434,1.23,149.99,69.21,0,0,171.21,2026-01-26 17:51
TR00006,12295,Sanghamitra Express,Bengaluru,Patna Jn,Gaya Jn,Patna Jn,155.11,35.36,12.36,0.289,28.3,10,3,18.97,0.073,9.5,132.95,33.48,0,0,282.9,2026-01-06 14:42
TR00001,12123,Mumbai - Pune Express,Mumbai CST,Pune Jn,Mumbai CST,Dadar,275.96,73.34,16.54,0.204,27.7,9,2,9.6,0.183,5.51,236.54,78.97,0,0,259.44,2026-08-14 13:19
TR00002,11010,Deccan Express,Mumbai CST,Pune Jn,Mumbai CST,Dadar,238.44,80.75,12.86,0.064,31.4,14,2,12.42,0.159,6.04,204.38,79.58,0,0,196.67,2026-07-11 17:16
TR00003,12010,Shatabdi Express,Mumbai Central,Ahmedabad Jn,Borivali,Vapi,172.54,69.42,27.68,0.116,36.9,15,3,12.88,0.453,9.69,147.89,56.87,0,0,184.94,2026-04-02 18:04
TR00004,12951,Mumbai Rajdhani,Mumbai Central,New Delhi,Mumbai Central,Surat,103.57,38.38,17.55,0.054,30.9,2,2,20.69,0.325,4.05,88.77,42.38,0,0,184.75,2026-05-05 05:04
TR00005,12622,Tamil Nadu Express,New Delhi,Chennai Central,Vijayawada,Chennai Central,417.55,77.84,30.4,0.583,18.7,13,6,24.98,0.642,8.88,357.9,96.62,0,0,449.48,2026-03-02 20:29
TR00006,12295,Sanghamitra Express,Bengaluru,Patna Jn,Guntakal Jn,Vijayawada,328.34,105.89,23.92,0.178,27.7,22,1,32.2,0.272,7.63,281.43,109.46,0,0,217.81,2026-08-07 01:37
TR00001,12123,Mumbai - Pune Express,Mumbai CST,Pune Jn,Karjat,Lonavala,115.4,91.59,14.64,0.221,31.3,11,2,4.34,0.309,11.19,98.92,91.03,0,0,90.72,2026-02-04 12:30
TR00002,11010,Deccan Express,Mumbai CST,Pune Jn,Lonavala,Pune Jn,118.83,64.01,12.59,0.026,25.9,17,2,13.92,0.064,3.73,101.85,57.35,0,0,114.29,2026-04-25 18:54
TR00003,12010,Shatabdi Express,Mumbai Central,Ahmedabad Jn,Vadodara,Ahmedabad Jn,270.52,84.69,7.83,0.066,32.2,12,2,3.31,0.184,6.88,231.88,73.83,0,0,205.89,2026-01-07 15:25
TR00004,12951,Mumbai Rajdhani,Mumbai Central,New Delhi,Vadodara,Kota Jn,269.58,59.35,0.0,0.022,30.2,12,2,11.48,0.242,4.12,231.07,65.56,0,0,290.84,2026-07-23 16:50
TR00005,12622,Tamil Nadu Express,New Delhi,Chennai Central,New Delhi,Bhopal Jn,179.38,96.5,16.74,0.046,26.1,15,2,2.67,0.474,4.32,153.75,99.98,1,0,147.58,2026-08-06 17:27
TR00006,12295,Sanghamitra Express,Bengaluru,Patna Jn,Gaya Jn,Patna Jn,259.93,60.47,26.97,0.349,17.5,9,5,18.84,0.291,2.06,222.8,55.18,0,0,306.8,2026-06-24 14:06
TR00001,12123,Mumbai - Pune Express,Mumbai CST,Pune Jn,Lonavala,Pune Jn,247.92,77.32,42.22,0.213,27.2,12,6,33.27,0.272,3.36,212.5,60.05,0,1,295.91,2026-05-27 16:55
TR00002,11010,Deccan Express,Mumbai CST,Pune Jn,Mumbai CST,Dadar,225.48,130.0,27.05,0.345,27.5,2,1,22.55,0.117,12.7,193.27,130.0,0,0,130.0,2026-07-30 04:09
TR00003,12010,Shatabdi Express,Mumbai Central,Ahmedabad Jn,Mumbai Central,Borivali,86.22,83.32,19.24,0.153,29.8,1,1,14.32,0.322,4.82,73.9,69.68,0,0,77.65,2026-02-18 02:17
TR00004,12951,Mumbai Rajdhani,Mumbai Central,New Delhi,Kota Jn,New Delhi,114.25,63.49,15.57,0.174,25.0,16,1,19.29,0.576,1.26,97.93,64.46,0,0,129.65,2026-03-27 18:09
TR00005,12622,Tamil Nadu Express,New Delhi,Chennai Central,Nagpur,Vijayawada,214.9,87.02,17.2,0.038,17.5,2,1,3.12,0.173,5.04,184.2,88.67,1,0,172.24,2026-04-07 04:52
TR00006,12295,Sanghamitra Express,Bengaluru,Patna Jn,Gaya Jn,Patna Jn,537.87,78.54,29.34,0.099,29.3,2,6,7.85,0.582,3.83,461.03,90.61,0,0,507.27,2026-04-18 10:27
TR00001,12123,Mumbai - Pune Express,Mumbai CST,Pune Jn,Dadar,Kalyan,229.6,56.17,19.09,0.476,37.6,2,4,4.36,0.533,6.86,196.8,50.82,0,0,313.53,2026-08-20 07:13
TR00002,11010,Deccan Express,Mumbai CST,Pune Jn,Mumbai CST,Dadar,111.2,52.98,18.92,0.579,41.8,22,0,3.58,0.369,7.45,95.32,60.57,0,0,167.82,2026-08-03 00:47
TR00003,12010,Shatabdi Express,Mumbai Central,Ahmedabad Jn,Vapi,Surat,207.32,49.68,11.28,0.077,35.7,11,6,3.43,0.296,2.66,177.7,60.73,0,0,273.63,2026-01-19 15:33
TR00004,12951,Mumbai Rajdhani,Mumbai Central,New Delhi,Kota Jn,New Delhi,246.42,47.88,16.77,0.427,43.1,18,4,17.44,0.028,6.08,211.21,43.7,0,0,340.44,2026-01-27 23:40
TR00005,12622,Tamil Nadu Express,New Delhi,Chennai Central,Bhopal Jn,Nagpur,325.05,102.88,14.75,0.361,27.9,10,6,12.69,0.54,2.65,278.61,102.25,0,0,241.85,2026-04-08 14:01
TR00006,12295,Sanghamitra Express,Bengaluru,Patna Jn,Guntakal Jn,Vijayawada,463.17,55.23,28.46,0.277,32.1,15,6,7.27,0.474,26.31,397.0,52.18,0,0,616.37,2026-07-04 01:16
TR00001,12123,Mumbai - Pune Express,Mumbai CST,Pune Jn,Karjat,Lonavala,325.38,44.47,22.7,0.188,33.1,3,2,13.51,0.347,6.97,278.9,55.81,0,0,513.41,2026-08-02 11:33
TR00002,11010,Deccan Express,Mumbai CST,Pune Jn,Mumbai CST,Dadar,181.56,58.65,25.32,0.46,24.1,14,4,40.57,0.076,5.0,155.63,69.68,0,0,217.43,2026-04-27 17:37
TR00003,12010,Shatabdi Express,Mumbai Central,Ahmedabad Jn,Borivali,Vapi,94.97,47.8,32.19,0.264,16.3,14,6,32.5,0.455,3.69,81.4,45.19,0,1,202.92,2026-01-05 17:22
TR00004,12951,Mumbai Rajdhani,Mumbai Central,New Delhi,Kota Jn,New Delhi,109.95,63.89,41.85,0.329,24.4,20,1,19.3,0.448,23.1,94.24,60.21,0,0,146.84,2026-07-12 22:26
TR00005,12622,Tamil Nadu Express,New Delhi,Chennai Central,New Delhi,Bhopal Jn,349.33,65.48,33.2,0.17,37.4,18,2,36.11,0.224,0.67,299.43,62.3,1,0,372.72,2026-08-28 00:12
TR00006,12295,Sanghamitra Express,Bengaluru,Patna Jn,Vijayawada,Gaya Jn,345.7,67.77,17.27,0.358,19.7,6,6,9.29,0.18,5.68,296.32,75.74,0,0,345.09,2026-08-27 11:45
TR00001,12123,Mumbai - Pune Express,Mumbai CST,Pune Jn,Dadar,Kalyan,196.95,85.1,34.88,0.074,27.9,6,6,8.57,0.239,0.44,168.81,88.85,1,0,174.83,2026-03-20 08:54
TR00002,11010,Deccan Express,Mumbai CST,Pune Jn,Dadar,Kalyan,189.75,74.44,27.83,0.219,35.4,14,1,4.38,0.341,16.11,162.64,74.64,1,0,199.05,2026-05-31 17:19
TR00003,12010,Shatabdi Express,Mumbai Central,Ahmedabad Jn,Mumbai Central,Borivali,168.5,73.97,11.2,0.033,23.7,13,4,14.2,0.063,10.99,144.43,85.27,0,0,148.0,2026-08-07 15:27
TR00004,12951,Mumbai Rajdhani,Mumbai Central,New Delhi,Vadodara,Kota Jn,100.69,97.61,30.84,0.314,26.8,5,1,21.93,0.228,29.95,86.31,96.79,0,0,89.02,2026-02-16 06:29
TR00005,12622,Tamil Nadu Express,New Delhi,Chennai Central,New Delhi,Bhopal Jn,108.58,56.25,7.54,0.128,20.3,9,3,2.83,0.15,2.61,93.07,59.57,0,0,126.32,2026-01-26 11:06
TR00006,12295,Sanghamitra Express,Bengaluru,Patna Jn,Guntakal Jn,Vijayawada,301.16,73.32,25.25,0.088,34.0,7,5,33.49,0.443,14.73,258.14,57.98,0,0,289.16,2026-04-03 11:49
TR00001,12123,Mumbai - Pune Express,Mumbai CST,Pune Jn,Karjat,Lonavala,295.78,71.44,30.97,0.065,18.1,16,3,30.7,0.149,6.65,253.53,74.04,0,1,346.97,2026-03-31 21:46
TR00002,11010,Deccan Express,Mumbai CST,Pune Jn,Kalyan,Lonavala,371.17,53.65,26.96,0.22,20.8,7,4,13.22,0.158,5.54,318.14,46.11,0,1,585.81,2026-05-13 16:45
TR00003,12010,Shatabdi Express,Mumbai Central,Ahmedabad Jn,Vadodara,Ahmedabad Jn,102.36,113.46,13.02,0.194,30.5,23,6,21.06,0.214,0.99,87.74,107.74,0,1,82.37,2026-04-03 00:22
TR00004,12951,Mumbai Rajdhani,Mumbai Central,New Delhi,Kota Jn,New Delhi,293.39,74.81,16.89,0.062,32.1,3,1,20.91,0.424,25.63,251.48,73.96,0,0,271.11,2026-03-12 07:31
TR00005,12622,Tamil Nadu Express,New Delhi,Chennai Central,New Delhi,Bhopal Jn,122.15,92.83,22.39,0.2,30.0,5,0,15.99,0.311,11.07,104.7,91.95,0,0,98.75,2026-03-12 06:38
TR00006,12295,Sanghamitra Express,Bengaluru,Patna Jn,Vijayawada,Gaya Jn,214.69,42.78,27.09,0.08,27.7,23,2,66.46,0.111,4.44,184.02,41.32,0,0,322.29,2026-07-11 04:22
TR00001,12123,Mumbai - Pune Express,Mumbai CST,Pune Jn,Karjat,Lonavala,265.4,94.3,11.69,0.171,30.9,14,3,10.71,0.104,9.61,227.49,82.02,0,0,184.23,2026-01-29 17:04
TR00002,11010,Deccan Express,Mumbai CST,Pune Jn,Mumbai CST,Dadar,245.04,100.66,19.23,0.055,31.8,12,0,10.48,0.262,5.04,210.03,102.59,0,0,168.26,2026-07-06 14:48
TR00003,12010,Shatabdi Express,Mumbai Central,Ahmedabad Jn,Surat,Vadodara,290.57,95.69,23.95,0.002,20.3,22,5,13.33,0.293,3.57,249.06,95.71,0,1,255.99,2026-08-05 02:15
TR00004,12951,Mumbai Rajdhani,Mumbai Central,New Delhi,Vadodara,Kota Jn,238.94,56.41,20.88,0.041,21.6,11,2,13.39,0.387,8.78,204.8,55.24,0,0,298.65,2026-02-02 15:58
TR00005,12622,Tamil Nadu Express,New Delhi,Chennai Central,New Delhi,Bhopal Jn,97.17,97.9,26.05,0.138,14.1,7,2,10.59,0.556,20.82,83.29,95.76,0,0,87.87,2026-07-10 08:27
TR00006,12295,Sanghamitra Express,Bengaluru,Patna Jn,Guntakal Jn,Vijayawada,495.25,95.56,13.65,0.042,37.0,14,3,8.51,0.578,10.41,424.5,104.89,0,0,370.28,2026-01-02 20:10
TR00001,12123,Mumbai - Pune Express,Mumbai CST,Pune Jn,Lonavala,Pune Jn,161.52,85.21,24.46,0.23,29.0,18,1,6.14,0.436,3.02,138.45,81.32,0,0,148.59,2026-06-29 20:28
TR00002,11010,Deccan Express,Mumbai CST,Pune Jn,Mumbai CST,Dadar,451.33,94.4,15.54,0.209,18.3,12,2,16.53,0.234,4.16,386.85,89.32,0,0,320.28,2026-05-09 17:20
TR00003,12010,Shatabdi Express,Mumbai Central,Ahmedabad Jn,Surat,Vadodara,95.1,60.2,21.86,0.15,28.5,22,6,2.39,0.135,11.42,81.51,69.29,0,1,135.53,2026-01-06 00:15
TR00004,12951,Mumbai Rajdhani,Mumbai Central,New Delhi,Surat,Vadodara,71.05,89.56,40.8,0.264,26.0,7,2,6.58,0.419,3.64,60.9,92.3,1,0,85.77,2026-07-25 08:25
TR00005,12622,Tamil Nadu Express,New Delhi,Chennai Central,Bhopal Jn,Nagpur,580.69,87.82,13.09,0.022,36.0,12,2,3.81,0.234,2.91,497.74,78.31,0,0,430.68,2026-07-23 19:10
TR00006,12295,Sanghamitra Express,Bengaluru,Patna Jn,Guntakal Jn,Vijayawada,180.75,104.35,13.54,0.208,28.8,6,2,14.92,0.086,2.2,154.93,99.1,0,0,124.79,2026-08-01 08:04
TR00001,12123,Mumbai - Pune Express,Mumbai CST,Pune Jn,Karjat,Lonavala,115.11,67.67,19.46,0.134,37.6,22,2,13.31,0.191,12.97,98.66,80.0,0,0,119.09,2026-02-17 23:59
TR00002,11010,Deccan Express,Mumbai CST,Pune Jn,Kalyan,Lonavala,445.31,68.62,38.2,0.276,19.3,4,2,21.5,0.436,14.48,381.69,71.35,0,0,477.45,2026-03-23 11:57
TR00003,12010,Shatabdi Express,Mumbai Central,Ahmedabad Jn,Surat,Vadodara,196.56,71.7,10.01,0.06,17.4,20,4,20.59,0.298,3.06,168.48,68.64,0,0,183.02,2026-01-26 23:03
TR00004,12951,Mumbai Rajdhani,Mumbai Central,New Delhi,Mumbai Central,Surat,264.66,99.51,17.49,0.112,33.2,1,5,7.5,0.347,8.96,226.85,104.67,1,0,197.72,2026-06-08 04:17
TR00005,12622,Tamil Nadu Express,New Delhi,Chennai Central,New Delhi,Bhopal Jn,122.42,71.95,12.28,0.006,24.7,4,6,3.78,0.232,0.18,104.93,61.74,0,0,125.64,2026-01-18 06:05
TR00006,12295,Sanghamitra Express,Bengaluru,Patna Jn,Vijayawada,Gaya Jn,108.72,50.09,29.22,0.288,28.9,10,5,12.79,0.234,2.95,93.19,51.14,1,0,172.66,2026-04-08 12:52
TR00001,12123,Mumbai - Pune Express,Mumbai CST,Pune Jn,Mumbai CST,Dadar,200.17,83.25,19.21,0.127,27.5,22,3,11.77,0.153,38.84,171.58,90.33,0,0,164.44,2026-07-31 00:44
TR00002,11010,Deccan Express,Mumbai CST,Pune Jn,Kalyan,Lonavala,208.28,23.79,25.32,0.3,30.6,22,1,8.51,0.318,13.77,178.52,31.16,0,0,615.09,2026-04-19 08:15
TR00003,12010,Shatabdi Express,Mumbai Central,Ahmedabad Jn,Vadodara,Ahmedabad Jn,118.48,55.5,0.0,0.072,24.4,5,1,14.26,0.106,1.37,101.56,64.6,0,0,126.98,2026-01-08 07:06
TR00004,12951,Mumbai Rajdhani,Mumbai Central,New Delhi,Kota Jn,New Delhi,134.25,97.28,9.8,0.284,42.9,19,1,17.05,0.202,6.38,115.07,117.46,0,0,89.21,2026-04-29 20:29
TR00005,12622,Tamil Nadu Express,New Delhi,Chennai Central,Nagpur,Vijayawada,144.98,64.95,12.73,0.194,24.3,8,4,7.36,0.258,1.43,124.27,56.22,0,0,157.18,2026-04-10 10:37
TR00006,12295,Sanghamitra Express,Bengaluru,Patna Jn,Gaya Jn,Patna Jn,57.3,99.59,31.04,0.314,19.3,14,6,39.81,0.395,1.16,49.11,101.05,0,0,55.6,2026-05-05 14:55
TR00001,12123,Mumbai - Pune Express,Mumbai CST,Pune Jn,Dadar,Kalyan,137.45,80.23,27.12,0.384,32.1,19,3,34.64,0.247,8.57,117.82,83.39,0,0,129.37,2026-02-20 21:09
TR00002,11010,Deccan Express,Mumbai CST,Pune Jn,Kalyan,Lonavala,104.58,76.19,30.32,0.166,27.9,10,5,6.55,0.282,21.08,89.64,78.46,0,1,123.11,2026-08-06 12:03
TR00003,12010,Shatabdi Express,Mumbai Central,Ahmedabad Jn,Mumbai Central,Borivali,374.15,54.22,40.41,0.117,24.4,19,3,67.52,0.499,2.22,320.7,62.99,0,0,502.46,2026-03-28 03:22
TR00004,12951,Mumbai Rajdhani,Mumbai Central,New Delhi,Surat,Vadodara,343.59,78.38,16.36,0.073,21.8,5,5,7.58,0.26,7.49,294.51,68.73,0,0,292.94,2026-08-09 09:52
TR00005,12622,Tamil Nadu Express,New Delhi,Chennai Central,Vijayawada,Chennai Central,161.84,61.38,17.52,0.099,28.9,8,6,10.27,0.209,10.42,138.72,67.45,0,0,175.61,2026-05-08 10:55
TR00006,12295,Sanghamitra Express,Bengaluru,Patna Jn,Vijayawada,Gaya Jn,123.67,106.28,22.0,0.033,16.1,4,3,22.99,0.232,15.44,106.0,94.48,0,0,90.36,2026-03-02 05:30
TR00001,12123,Mumbai - Pune Express,Mumbai CST,Pune Jn,Lonavala,Pune Jn,625.91,52.22,15.44,0.154,30.4,12,2,13.26,0.198,11.61,536.49,55.85,0,0,788.55,2026-01-14 01:08
TR00002,11010,Deccan Express,Mumbai CST,Pune Jn,Dadar,Kalyan,170.27,97.56,33.22,0.228,43.0,5,1,13.58,0.394,6.08,145.94,105.91,0,0,137.26,2026-04-05 07:17
TR00003,12010,Shatabdi Express,Mumbai Central,Ahmedabad Jn,Mumbai Central,Borivali,249.61,99.86,21.67,0.415,22.8,6,2,25.69,0.03,10.21,213.95,82.92,0,0,170.38,2026-05-18 08:50
TR00004,12951,Mumbai Rajdhani,Mumbai Central,New Delhi,Surat,Vadodara,246.97,51.34,13.85,0.051,25.2,9,1,34.79,0.253,1.14,211.69,63.93,0,0,321.73,2026-04-25 14:21
TR00005,12622,Tamil Nadu Express,New Delhi,Chennai Central,Bhopal Jn,Nagpur,217.9,59.91,31.02,0.018,22.5,21,6,17.95,0.176,13.72,186.77,63.32,0,1,295.42,2026-07-29 01:55
TR00006,12295,Sanghamitra Express,Bengaluru,Patna Jn,Bengaluru,Guntakal Jn,166.92,111.61,26.48,0.343,28.2,23,6,4.88,0.223,14.67,143.08,122.82,0,0,111.04,2026-05-15 00:51
TR00001,12123,Mumbai - Pune Express,Mumbai CST,Pune Jn,Lonavala,Pune Jn,170.15,48.67,17.12,0.305,24.8,0,2,8.72,0.167,20.24,145.84,71.77,0,0,243.41,2026-08-24 04:03
TR00002,11010,Deccan Express,Mumbai CST,Pune Jn,Dadar,Kalyan,76.05,93.09,26.16,0.143,23.0,14,1,2.14,0.41,8.68,65.18,81.5,0,1,80.38,2026-05-31 15:20
TR00003,12010,Shatabdi Express,Mumbai Central,Ahmedabad Jn,Vadodara,Ahmedabad Jn,191.58,43.05,23.71,0.102,28.8,18,0,33.55,0.197,5.04,164.21,45.58,0,0,302.47,2026-04-03 23:02
TR00004,12951,Mumbai Rajdhani,Mumbai Central,New Delhi,Vadodara,Kota Jn,229.73,65.56,18.83,0.35,23.4,6,1,4.35,0.41,7.16,196.91,64.56,0,0,258.01,2026-01-31 10:18
TR00005,12622,Tamil Nadu Express,New Delhi,Chennai Central,New Delhi,Bhopal Jn,137.74,79.78,6.42,0.179,26.4,18,3,2.94,0.19,16.32,118.07,69.23,0,0,113.92,2026-08-11 19:53
TR00006,12295,Sanghamitra Express,Bengaluru,Patna Jn,Vijayawada,Gaya Jn,192.02,83.73,37.7,0.362,20.0,4,1,10.24,0.376,25.99,164.59,96.15,0,0,174.42,2026-01-08 06:54
TR00001,12123,Mumbai - Pune Express,Mumbai CST,Pune Jn,Kalyan,Karjat,410.55,84.0,15.13,0.1,38.8,15,1,23.43,0.053,2.36,351.9,73.62,0,0,306.6,2026-01-12 20:06
TR00002,11010,Deccan Express,Mumbai CST,Pune Jn,Dadar,Kalyan,357.06,61.33,34.95,0.484,32.9,12,0,23.49,0.508,9.71,306.05,62.12,0,0,450.63,2026-01-11 19:30
TR00003,12010,Shatabdi Express,Mumbai Central,Ahmedabad Jn,Vadodara,Ahmedabad Jn,341.38,20.0,11.8,0.089,30.5,8,3,17.74,0.151,29.27,292.61,22.97,0,0,1078.38,2026-01-04 01:58
TR00004,12951,Mumbai Rajdhani,Mumbai Central,New Delhi,Mumbai Central,Surat,412.83,92.72,27.44,0.407,41.3,15,1,5.25,0.127,6.21,353.86,88.22,0,0,312.99,2026-04-01 20:12
TR00005,12622,Tamil Nadu Express,New Delhi,Chennai Central,Bhopal Jn,Nagpur,141.28,68.56,25.72,0.038,13.6,5,3,4.64,0.505,10.86,121.09,71.32,0,0,149.0,2026-03-10 07:29
TR00006,12295,Sanghamitra Express,Bengaluru,Patna Jn,Gaya Jn,Patna Jn,145.81,64.08,18.57,0.074,29.9,11,1,20.92,0.1,13.28,124.98,56.22,0,0,147.66,2026-08-20 13:27
TR00001,12123,Mumbai - Pune Express,Mumbai CST,Pune Jn,Lonavala,Pune Jn,128.01,67.45,17.29,0.228,21.5,3,4,11.79,0.224,18.31,109.73,78.51,0,0,129.92,2026-01-11 05:09
TR00002,11010,Deccan Express,Mumbai CST,Pune Jn,Lonavala,Pune Jn,83.42,91.46,27.46,0.099,12.9,10,1,16.74,0.317,5.94,71.5,102.61,0,0,80.97,2026-05-12 11:20
TR00003,12010,Shatabdi Express,Mumbai Central,Ahmedabad Jn,Vadodara,Ahmedabad Jn,217.69,88.02,5.2,0.149,38.9,8,6,16.97,0.154,5.23,186.59,101.52,0,0,162.98,2026-04-27 10:42
TR00004,12951,Mumbai Rajdhani,Mumbai Central,New Delhi,Kota Jn,New Delhi,154.2,66.23,28.83,0.015,32.2,23,6,23.16,0.409,3.04,132.17,75.35,0,0,161.06,2026-03-09 01:41
TR00005,12622,Tamil Nadu Express,New Delhi,Chennai Central,Bhopal Jn,Nagpur,186.53,43.09,15.77,0.047,24.1,15,0,11.71,0.424,8.43,159.89,44.75,0,0,299.26,2026-01-21 19:59
TR00006,12295,Sanghamitra Express,Bengaluru,Patna Jn,Gaya Jn,Patna Jn,275.61,86.4,2.58,0.02,34.8,13,5,23.44,0.114,1.11,236.24,81.23,0,0,207.39,2026-04-22 16:27
TR00001,12123,Mumbai - Pune Express,Mumbai CST,Pune Jn,Karjat,Lonavala,139.78,64.98,27.54,0.021,42.5,2,6,25.62,0.276,4.62,119.81,55.2,0,1,193.45,2026-08-25 05:13
TR00002,11010,Deccan Express,Mumbai CST,Pune Jn,Dadar,Kalyan,199.71,68.69,28.79,0.183,28.6,3,3,20.8,0.553,12.52,171.18,67.5,0,0,223.83,2026-05-26 06:43
TR00003,12010,Shatabdi Express,Mumbai Central,Ahmedabad Jn,Mumbai Central,Borivali,246.75,54.43,15.71,0.067,25.0,23,3,5.58,0.246,11.47,211.5,47.15,0,1,383.34,2026-06-12 05:23
TR00004,12951,Mumbai Rajdhani,Mumbai Central,New Delhi,Kota Jn,New Delhi,276.31,64.94,23.7,0.144,27.7,16,3,11.32,0.175,14.66,236.84,66.05,0,1,357.19,2026-08-20 21:57
TR00005,12622,Tamil Nadu Express,New Delhi,Chennai Central,Vijayawada,Chennai Central,183.03,81.31,14.88,0.149,25.5,8,4,14.55,0.313,9.24,156.88,79.48,0,0,158.0,2026-02-03 10:37
TR00006,12295,Sanghamitra Express,Bengaluru,Patna Jn,Gaya Jn,Patna Jn,384.2,107.0,4.88,0.06,13.5,15,2,5.14,0.353,3.26,329.32,111.76,0,0,239.43,2026-05-29 18:59
TR00001,12123,Mumbai - Pune Express,Mumbai CST,Pune Jn,Karjat,Lonavala,442.51,61.55,1.39,0.115,40.1,0,4,4.78,0.208,2.47,379.29,59.32,0,0,455.77,2026-07-25 07:35
TR00002,11010,Deccan Express,Mumbai CST,Pune Jn,Dadar,Kalyan,148.8,65.09,12.86,0.139,28.3,6,1,0.66,0.459,5.64,127.55,59.19,0,0,162.46,2026-01-20 08:42
TR00003,12010,Shatabdi Express,Mumbai Central,Ahmedabad Jn,Vapi,Surat,56.85,107.41,32.05,0.483,15.9,16,4,52.68,0.173,15.52,48.73,101.75,0,0,41.02,2026-03-09 16:41
TR00004,12951,Mumbai Rajdhani,Mumbai Central,New Delhi,Surat,Vadodara,248.72,72.13,31.41,0.187,44.9,21,4,37.18,0.491,36.8,213.19,61.28,0,0,259.83,2026-08-05 01:19
TR00005,12622,Tamil Nadu Express,New Delhi,Chennai Central,Bhopal Jn,Nagpur,556.49,108.88,21.06,0.377,31.2,7,0,20.29,0.238,21.64,476.99,116.62,0,0,357.13,2026-06-28 12:57
TR00006,12295,Sanghamitra Express,Bengaluru,Patna Jn,Gaya Jn,Patna Jn,495.85,94.61,12.6,0.34,33.8,4,3,10.81,0.205,12.66,425.02,94.51,0,0,357.94,2026-01-01 09:57
TR00001,12123,Mumbai - Pune Express,Mumbai CST,Pune Jn,Mumbai CST,Dadar,127.56,117.68,35.64,0.14,38.9,19,2,50.59,0.204,1.51,109.34,114.79,1,0,96.91,2026-03-23 20:36
TR00002,11010,Deccan Express,Mumbai CST,Pune Jn,Dadar,Kalyan,203.19,112.26,26.56,0.337,32.7,15,2,4.82,0.263,4.82,174.16,105.73,0,0,135.86,2026-06-02 17:15
TR00003,12010,Shatabdi Express,Mumbai Central,Ahmedabad Jn,Mumbai Central,Borivali,128.79,97.83,31.42,0.007,32.6,7,0,35.0,0.118,17.57,110.39,102.33,0,1,122.23,2026-07-17 09:02
TR00004,12951,Mumbai Rajdhani,Mumbai Central,New Delhi,Surat,Vadodara,193.69,78.8,27.97,0.222,31.3,17,1,6.06,0.16,41.44,166.02,71.66,0,0,173.3,2026-04-24 19:53
TR00005,12622,Tamil Nadu Express,New Delhi,Chennai Central,Bhopal Jn,Nagpur,202.84,39.28,16.56,0.178,34.2,8,3,6.97,0.292,11.19,173.86,34.23,0,0,344.95,2026-05-21 13:44
TR00006,12295,Sanghamitra Express,Bengaluru,Patna Jn,Guntakal Jn,Vijayawada,45.51,68.86,10.81,0.049,36.6,3,3,8.5,0.309,5.5,39.01,85.45,0,0,52.81,2026-06-21 03:52
TR00001,12123,Mumbai - Pune Express,Mumbai CST,Pune Jn,Lonavala,Pune Jn,78.38,71.7,30.55,0.147,36.4,21,0,7.05,0.441,13.09,67.18,69.2,0,1,112.39,2026-06-11 22:52
TR00002,11010,Deccan Express,Mumbai CST,Pune Jn,Mumbai CST,Dadar,530.76,86.17,27.98,0.015,36.6,21,0,21.25,0.434,7.3,454.94,66.84,0,0,427.38,2026-01-07 04:07
TR00003,12010,Shatabdi Express,Mumbai Central,Ahmedabad Jn,Mumbai Central,Borivali,208.94,51.86,27.91,0.377,30.6,0,1,8.1,0.448,18.82,179.09,54.19,0,1,394.74,2026-02-01 06:34
TR00004,12951,Mumbai Rajdhani,Mumbai Central,New Delhi,Kota Jn,New Delhi,266.66,61.0,29.97,0.078,33.5,4,6,24.03,0.59,12.07,228.57,67.77,0,0,331.21,2026-08-16 09:31
TR00005,12622,Tamil Nadu Express,New Delhi,Chennai Central,Nagpur,Vijayawada,384.66,52.91,16.21,0.135,27.6,15,0,15.13,0.178,13.69,329.71,51.14,0,0,482.3,2026-06-08 23:02
TR00006,12295,Sanghamitra Express,Bengaluru,Patna Jn,Vijayawada,Gaya Jn,99.72,94.25,28.47,0.293,24.2,12,4,16.0,0.189,17.27,85.47,90.56,0,1,107.43,2026-03-18 13:47
TR00001,12123,Mumbai - Pune Express,Mumbai CST,Pune Jn,Mumbai CST,Dadar,72.34,123.45,11.54,0.339,22.6,23,6,3.25,0.166,21.81,62.01,125.26,0,1,50.71,2026-06-20 23:50
TR00002,11010,Deccan Express,Mumbai CST,Pune Jn,Kalyan,Lonavala,484.77,58.0,15.23,0.011,29.8,18,5,14.85,0.294,14.2,415.51,56.67,0,0,549.11,2026-07-12 03:09
TR00003,12010,Shatabdi Express,Mumbai Central,Ahmedabad Jn,Vapi,Surat,94.56,93.3,18.79,0.372,36.9,15,5,28.99,0.033,8.42,81.05,89.99,0,0,72.37,2026-05-16 16:12
TR00004,12951,Mumbai Rajdhani,Mumbai Central,New Delhi,Mumbai Central,Surat,478.2,43.27,15.15,0.148,17.7,23,2,17.21,0.213,8.51,409.88,50.31,0,0,722.87,2026-08-12 11:02
TR00005,12622,Tamil Nadu Express,New Delhi,Chennai Central,Vijayawada,Chennai Central,230.1,46.96,9.53,0.325,29.7,2,5,3.21,0.202,5.77,197.23,50.86,0,0,334.36,2026-03-22 07:34
TR00006,12295,Sanghamitra Express,Bengaluru,Patna Jn,Bengaluru,Guntakal Jn,231.71,71.81,29.79,0.147,27.5,16,5,17.07,0.535,7.56,198.61,64.08,0,0,247.61,2026-04-28 20:07
TR00001,12123,Mumbai - Pune Express,Mumbai CST,Pune Jn,Lonavala,Pune Jn,166.27,77.97,6.61,0.031,25.0,8,5,16.05,0.207,2.77,142.52,82.16,0,0,132.97,2026-07-14 10:12
TR00002,11010,Deccan Express,Mumbai CST,Pune Jn,Kalyan,Lonavala,132.01,44.05,27.9,0.175,28.8,11,5,19.98,0.296,1.14,113.15,39.9,1,0,225.87,2026-01-27 14:45
TR00003,12010,Shatabdi Express,Mumbai Central,Ahmedabad Jn,Vadodara,Ahmedabad Jn,253.76,85.64,31.18,0.104,16.8,0,3,42.81,0.081,5.97,217.5,75.66,0,0,208.06,2026-07-28 03:28
TR00004,12951,Mumbai Rajdhani,Mumbai Central,New Delhi,Vadodara,Kota Jn,293.52,68.82,0.0,0.07,22.5,9,4,15.45,0.157,4.51,251.59,79.6,0,0,271.51,2026-02-22 13:31
TR00005,12622,Tamil Nadu Express,New Delhi,Chennai Central,Vijayawada,Chennai Central,105.23,70.19,9.32,0.062,29.6,0,3,18.12,0.111,2.79,90.2,78.6,0,0,102.78,2026-04-16 01:42
TR00006,12295,Sanghamitra Express,Bengaluru,Patna Jn,Guntakal Jn,Vijayawada,178.34,60.68,11.59,0.04,25.1,15,0,10.75,0.199,12.54,152.87,55.3,0,0,194.82,2026-06-23 18:14
TR00001,12123,Mumbai - Pune Express,Mumbai CST,Pune Jn,Lonavala,Pune Jn,412.92,103.17,20.49,0.347,22.9,23,1,4.76,0.275,20.58,353.93,116.56,0,0,283.69,2026-08-02 03:43
TR00002,11010,Deccan Express,Mumbai CST,Pune Jn,Mumbai CST,Dadar,311.12,61.53,24.0,0.17,35.8,11,0,19.01,0.147,3.32,266.68,60.18,0,0,330.48,2026-06-24 16:30
TR00003,12010,Shatabdi Express,Mumbai Central,Ahmedabad Jn,Surat,Vadodara,224.9,73.23,28.75,0.226,33.8,19,6,43.11,0.145,4.7,192.77,64.42,0,0,211.65,2026-03-25 22:31
TR00004,12951,Mumbai Rajdhani,Mumbai Central,New Delhi,Surat,Vadodara,439.11,73.2,18.2,0.132,26.8,11,0,17.96,0.259,4.29,376.38,71.87,0,1,513.94,2026-07-28 19:33
TR00005,12622,Tamil Nadu Express,New Delhi,Chennai Central,New Delhi,Bhopal Jn,291.01,106.8,12.57,0.345,17.5,18,4,5.08,0.096,3.35,249.44,96.32,0,0,191.42,2026-05-21 21:11
TR00006,12295,Sanghamitra Express,Bengaluru,Patna Jn,Guntakal Jn,Vijayawada,159.35,101.05,47.87,0.133,23.0,10,2,62.4,0.476,13.35,136.59,85.12,0,1,171.15,2026-06-23 12:51
TR00001,12123,Mumbai - Pune Express,Mumbai CST,Pune Jn,Dadar,Kalyan,250.6,83.26,23.38,0.434,36.9,17,1,14.62,0.128,1.22,214.8,77.75,0,0,209.56,2026-03-01 20:29
TR00002,11010,Deccan Express,Mumbai CST,Pune Jn,Mumbai CST,Dadar,81.72,85.83,49.09,0.432,16.6,10,2,38.25,0.364,3.76,70.04,75.4,0,1,108.51,2026-04-08 11:48
TR00003,12010,Shatabdi Express,Mumbai Central,Ahmedabad Jn,Mumbai Central,Borivali,349.62,76.74,37.48,0.315,35.3,15,2,17.03,0.271,0.5,299.67,72.28,1,1,429.88,2026-05-07 22:09
TR00004,12951,Mumbai Rajdhani,Mumbai Central,New Delhi,Vadodara,Kota Jn,122.45,130.0,32.78,0.075,30.6,6,2,10.03,0.458,12.55,104.96,130.0,1,0,88.56,2026-04-18 07:28
TR00005,12622,Tamil Nadu Express,New Delhi,Chennai Central,Nagpur,Vijayawada,295.76,85.02,15.43,0.253,9.7,5,3,9.82,0.143,3.53,253.51,86.43,0,0,231.06,2026-02-23 08:51
TR00006,12295,Sanghamitra Express,Bengaluru,Patna Jn,Bengaluru,Guntakal Jn,136.65,46.09,8.51,0.063,32.9,9,4,15.18,0.064,21.14,117.13,42.38,0,0,189.87,2026-02-01 12:09
TR00001,12123,Mumbai - Pune Express,Mumbai CST,Pune Jn,Dadar,Kalyan,62.95,65.25,21.78,0.17,27.8,1,4,15.04,0.318,11.99,53.95,77.02,0,0,78.33,2026-06-21 02:18
TR00002,11010,Deccan Express,Mumbai CST,Pune Jn,Kalyan,Lonavala,311.6,43.38,9.05,0.019,34.4,2,0,47.11,0.227,2.71,267.08,50.2,0,0,468.68,2026-05-13 09:48
TR00003,12010,Shatabdi Express,Mumbai Central,Ahmedabad Jn,Borivali,Vapi,61.59,89.94,24.46,0.333,27.5,11,5,7.56,0.238,2.13,52.8,88.03,0,0,57.8,2026-08-25 11:57
TR00004,12951,Mumbai Rajdhani,Mumbai Central,New Delhi,Vadodara,Kota Jn,93.82,72.32,4.84,0.063,31.1,10,6,7.48,0.067,12.09,80.42,83.14,0,0,76.63,2026-05-30 11:16
TR00005,12622,Tamil Nadu Express,New Delhi,Chennai Central,New Delhi,Bhopal Jn,256.8,49.68,16.58,0.034,28.2,14,4,16.85,0.142,1.47,220.12,33.99,0,1,413.88,2026-06-16 20:53
TR00006,12295,Sanghamitra Express,Bengaluru,Patna Jn,Bengaluru,Guntakal Jn,673.92,48.64,25.86,0.376,25.6,20,3,10.97,0.184,18.9,577.65,46.22,0,0,939.29,2026-07-31 11:39
TR00001,12123,Mumbai - Pune Express,Mumbai CST,Pune Jn,Karjat,Lonavala,223.04,48.1,13.63,0.094,31.7,13,1,8.9,0.26,15.0,191.18,56.83,0,0,307.55,2026-04-09 18:07
TR00002,11010,Deccan Express,Mumbai CST,Pune Jn,Dadar,Kalyan,163.36,57.02,7.62,0.076,22.9,22,2,4.47,0.359,26.93,140.02,67.16,0,0,195.91,2026-03-11 01:15
TR00003,12010,Shatabdi Express,Mumbai Central,Ahmedabad Jn,Vadodara,Ahmedabad Jn,304.74,75.49,25.43,0.357,30.4,7,5,11.26,0.263,4.76,261.21,76.61,0,1,370.14,2026-03-20 13:10
TR00004,12951,Mumbai Rajdhani,Mumbai Central,New Delhi,Kota Jn,New Delhi,529.1,70.1,12.42,0.399,27.2,18,1,5.45,0.265,5.16,453.52,70.99,0,0,524.75,2026-06-26 02:44
TR00005,12622,Tamil Nadu Express,New Delhi,Chennai Central,New Delhi,Bhopal Jn,406.93,99.15,1.4,0.081,32.9,7,2,10.82,0.047,7.41,348.8,95.66,0,0,245.43,2026-02-25 11:05
TR00006,12295,Sanghamitra Express,Bengaluru,Patna Jn,Gaya Jn,Patna Jn,234.09,96.91,10.56,0.164,22.1,13,2,22.97,0.165,11.97,200.65,91.42,0,0,162.82,2026-07-07 15:42
TR00001,12123,Mumbai - Pune Express,Mumbai CST,Pune Jn,Lonavala,Pune Jn,11.48,96.43,28.57,0.438,25.9,0,4,12.14,0.163,24.72,10.0,90.34,0,0,24.72,2026-07-22 00:24
TR00002,11010,Deccan Express,Mumbai CST,Pune Jn,Dadar,Kalyan,117.44,75.63,30.45,0.112,32.2,14,5,8.3,0.16,38.28,100.66,73.16,0,1,138.33,2026-04-24 16:18
TR00003,12010,Shatabdi Express,Mumbai Central,Ahmedabad Jn,Borivali,Vapi,189.99,130.0,19.21,0.016,28.1,6,2,18.91,0.249,15.22,162.85,129.4,0,1,122.86,2026-02-06 08:02
TR00004,12951,Mumbai Rajdhani,Mumbai Central,New Delhi,Vadodara,Kota Jn,234.07,72.36,14.6,0.113,26.4,9,2,8.8,0.22,17.52,200.63,71.29,0,0,214.82,2026-07-31 12:34
TR00005,12622,Tamil Nadu Express,New Delhi,Chennai Central,New Delhi,Bhopal Jn,224.03,69.24,8.39,0.317,23.3,1,2,2.38,0.271,18.93,192.03,70.77,0,0,223.27,2026-05-26 04:43
TR00006,12295,Sanghamitra Express,Bengaluru,Patna Jn,Guntakal Jn,Vijayawada,48.24,47.37,15.25,0.077,29.7,14,0,4.55,0.251,6.23,41.35,35.95,0,0,74.76,2026-07-14 15:14
TR00001,12123,Mumbai - Pune Express,Mumbai CST,Pune Jn,Dadar,Kalyan,204.76,67.97,30.88,0.302,34.5,14,1,12.04,0.299,19.25,175.5,70.43,1,0,236.32,2026-03-22 17:56
TR00002,11010,Deccan Express,Mumbai CST,Pune Jn,Kalyan,Lonavala,152.96,80.25,26.05,0.312,24.6,0,3,55.78,0.262,7.3,131.11,82.51,0,0,149.79,2026-03-25 02:29
TR00003,12010,Shatabdi Express,Mumbai Central,Ahmedabad Jn,Vapi,Surat,255.58,76.12,32.0,0.068,27.8,11,2,4.04,0.699,4.04,219.07,75.96,0,0,264.79,2026-02-20 15:24
TR00004,12951,Mumbai Rajdhani,Mumbai Central,New Delhi,Surat,Vadodara,364.53,57.36,18.15,0.494,33.8,5,2,4.7,0.395,2.25,312.45,51.45,0,0,466.04,2026-05-11 12:46
TR00005,12622,Tamil Nadu Express,New Delhi,Chennai Central,Nagpur,Vijayawada,265.6,56.67,24.3,0.346,19.1,0,1,8.42,0.309,3.49,227.66,51.68,0,0,344.32,2026-05-14 05:44
TR00006,12295,Sanghamitra Express,Bengaluru,Patna Jn,Guntakal Jn,Vijayawada,236.49,97.84,33.84,0.007,30.0,7,3,15.73,0.261,25.55,202.7,83.83,1,0,189.75,2026-08-01 10:09
TR00001,12123,Mumbai - Pune Express,Mumbai CST,Pune Jn,Karjat,Lonavala,474.24,30.28,33.95,0.029,22.9,10,6,70.43,0.316,12.35,406.49,23.58,0,0,1040.13,2026-01-17 03:20
TR00002,11010,Deccan Express,Mumbai CST,Pune Jn,Mumbai CST,Dadar,286.11,62.01,13.26,0.309,23.9,9,1,13.12,0.184,7.9,245.24,64.86,0,0,307.9,2026-01-25 14:07
TR00003,12010,Shatabdi Express,Mumbai Central,Ahmedabad Jn,Vapi,Surat,152.69,50.84,20.47,0.004,36.1,16,6,12.57,0.222,28.09,130.88,51.28,0,0,202.95,2026-01-26 19:22
TR00004,12951,Mumbai Rajdhani,Mumbai Central,New Delhi,Surat,Vadodara,222.99,60.44,24.58,0.321,26.4,17,4,19.43,0.323,10.94,191.13,63.69,0,0,266.76,2026-08-21 21:26
TR00005,12622,Tamil Nadu Express,New Delhi,Chennai Central,New Delhi,Bhopal Jn,71.05,59.57,20.78,0.249,25.4,4,6,10.08,0.118,18.1,60.9,65.67,0,0,84.47,2026-06-23 05:24
TR00006,12295,Sanghamitra Express,Bengaluru,Patna Jn,Vijayawada,Gaya Jn,235.38,87.44,18.63,0.259,35.1,22,2,36.27,0.181,36.22,201.76,91.11,0,0,181.87,2026-05-09 01:01
TR00001,12123,Mumbai - Pune Express,Mumbai CST,Pune Jn,Karjat,Lonavala,301.41,76.64,38.53,0.365,26.2,19,6,7.56,0.093,4.86,258.35,82.59,1,0,283.52,2026-02-13 23:43
TR00002,11010,Deccan Express,Mumbai CST,Pune Jn,Mumbai CST,Dadar,125.02,57.73,17.62,0.031,26.2,18,2,7.46,0.203,9.91,107.16,51.1,0,1,187.57,2026-07-09 21:07
TR00003,12010,Shatabdi Express,Mumbai Central,Ahmedabad Jn,Mumbai Central,Borivali,240.86,49.41,24.1,0.181,18.3,13,3,15.26,0.299,9.46,206.45,34.21,0,0,333.4,2026-02-23 18:33
TR00004,12951,Mumbai Rajdhani,Mumbai Central,New Delhi,Kota Jn,New Delhi,126.95,58.79,8.32,0.331,25.6,5,0,14.56,0.177,9.06,108.82,68.5,0,0,151.1,2026-03-27 07:31
TR00005,12622,Tamil Nadu Express,New Delhi,Chennai Central,Nagpur,Vijayawada,206.95,39.16,26.15,0.216,19.0,23,1,13.19,0.35,4.23,177.39,23.74,1,0,389.13,2026-05-16 05:29
TR00006,12295,Sanghamitra Express,Bengaluru,Patna Jn,Gaya Jn,Patna Jn,209.99,88.9,25.31,0.143,40.7,1,6,12.81,0.259,9.44,179.99,89.44,0,1,208.18,2026-08-06 04:28
TR00001,12123,Mumbai - Pune Express,Mumbai CST,Pune Jn,Dadar,Kalyan,385.79,99.78,40.37,0.468,32.4,5,6,21.92,0.683,4.28,330.68,91.79,0,0,320.71,2026-03-19 10:20
TR00002,11010,Deccan Express,Mumbai CST,Pune Jn,Mumbai CST,Dadar,251.99,56.33,25.66,0.256,25.5,8,2,8.77,0.249,24.27,215.99,55.41,1,0,318.56,2026-02-20 13:18
TR00003,12010,Shatabdi Express,Mumbai Central,Ahmedabad Jn,Surat,Vadodara,420.63,54.53,7.93,0.209,28.2,20,4,13.21,0.035,3.15,360.54,51.92,0,0,491.22,2026-05-20 04:11
TR00004,12951,Mumbai Rajdhani,Mumbai Central,New Delhi,Surat,Vadodara,485.52,76.31,16.13,0.083,26.9,7,2,47.26,0.087,4.57,416.16,74.78,0,0,403.92,2026-06-06 13:43
TR00005,12622,Tamil Nadu Express,New Delhi,Chennai Central,New Delhi,Bhopal Jn,196.62,49.47,37.79,0.63,29.6,2,4,29.84,0.136,2.6,168.53,48.49,0,0,290.13,2026-04-16 06:50
TR00006,12295,Sanghamitra Express,Bengaluru,Patna Jn,Guntakal Jn,Vijayawada,210.22,110.64,14.89,0.316,19.1,2,3,6.55,0.059,1.46,180.19,121.65,0,0,127.08,2026-08-06 04:07
TR00001,12123,Mumbai - Pune Express,Mumbai CST,Pune Jn,Kalyan,Karjat,338.2,75.49,30.89,0.262,36.1,6,1,36.02,0.131,12.22,289.88,63.96,0,0,300.19,2026-04-27 11:00
TR00002,11010,Deccan Express,Mumbai CST,Pune Jn,Dadar,Kalyan,135.95,97.38,9.71,0.111,22.1,13,0,0.46,0.322,2.05,116.52,101.42,0,0,94.75,2026-06-04 14:34
TR00003,12010,Shatabdi Express,Mumbai Central,Ahmedabad Jn,Surat,Vadodara,497.32,39.84,2.72,0.138,28.6,22,4,5.2,0.195,1.43,426.28,49.69,0,0,803.1,2026-04-08 11:23
TR00004,12951,Mumbai Rajdhani,Mumbai Central,New Delhi,Mumbai Central,Surat,856.0,90.29,22.39,0.15,20.4,9,1,19.49,0.267,2.47,733.71,88.63,0,0,637.25,2026-02-11 19:37
TR00005,12622,Tamil Nadu Express,New Delhi,Chennai Central,Nagpur,Vijayawada,107.93,58.72,20.4,0.236,24.0,2,0,16.29,0.238,19.06,92.51,48.56,0,0,127.62,2026-03-10 04:07
TR00006,12295,Sanghamitra Express,Bengaluru,Patna Jn,Guntakal Jn,Vijayawada,374.87,20.0,31.16,0.041,23.4,21,0,35.73,0.153,7.34,321.32,20.0,0,1,1507.35,2026-01-11 22:07
TR00001,12123,Mumbai - Pune Express,Mumbai CST,Pune Jn,Kalyan,Karjat,306.82,98.25,20.06,0.262,30.8,7,4,7.4,0.265,1.47,262.99,104.4,0,0,223.41,2026-07-05 10:43
TR00002,11010,Deccan Express,Mumbai CST,Pune Jn,Kalyan,Lonavala,261.36,44.65,23.08,0.128,29.2,1,2,6.78,0.199,16.44,224.02,39.74,0,0,388.16,2026-07-19 07:28
TR00003,12010,Shatabdi Express,Mumbai Central,Ahmedabad Jn,Surat,Vadodara,323.31,82.43,17.34,0.139,40.3,9,4,17.94,0.267,9.84,277.12,89.8,0,0,270.83,2026-07-04 13:30
TR00004,12951,Mumbai Rajdhani,Mumbai Central,New Delhi,Kota Jn,New Delhi,297.4,86.11,31.37,0.144,33.7,10,3,13.76,0.507,15.58,254.92,91.96,0,0,255.26,2026-01-15 14:15
TR00005,12622,Tamil Nadu Express,New Delhi,Chennai Central,New Delhi,Bhopal Jn,169.33,106.17,19.2,0.201,25.5,18,2,24.63,0.128,9.95,145.14,117.53,0,0,110.73,2026-05-07 19:50
TR00006,12295,Sanghamitra Express,Bengaluru,Patna Jn,Vijayawada,Gaya Jn,300.18,72.93,0.0,0.16,20.7,16,2,2.39,0.08,4.2,257.29,76.38,0,0,262.9,2026-06-20 20:22
TR00001,12123,Mumbai - Pune Express,Mumbai CST,Pune Jn,Lonavala,Pune Jn,267.74,64.9,10.24,0.094,36.2,10,4,1.61,0.106,26.14,229.49,69.25,0,0,262.39,2026-05-24 14:22
TR00002,11010,Deccan Express,Mumbai CST,Pune Jn,Kalyan,Lonavala,512.2,98.65,16.25,0.101,30.8,10,4,37.85,0.08,10.55,439.03,102.57,0,0,330.43,2026-04-18 15:30
TR00003,12010,Shatabdi Express,Mumbai Central,Ahmedabad Jn,Borivali,Vapi,146.55,95.67,8.56,0.168,42.0,12,6,13.44,0.213,23.07,125.62,89.59,0,0,108.44,2026-06-29 13:48
TR00004,12951,Mumbai Rajdhani,Mumbai Central,New Delhi,Kota Jn,New Delhi,175.21,98.17,18.87,0.251,23.1,23,0,2.09,0.355,8.09,150.18,102.5,0,1,167.86,2026-01-25 01:47
TR00005,12622,Tamil Nadu Express,New Delhi,Chennai Central,Vijayawada,Chennai Central,183.96,79.74,9.42,0.228,34.2,0,3,30.14,0.03,1.96,157.68,76.96,0,0,151.17,2026-06-19 02:31
TR00006,12295,Sanghamitra Express,Bengaluru,Patna Jn,Guntakal Jn,Vijayawada,483.21,20.0,10.61,0.345,36.8,6,4,18.07,0.06,0.77,414.18,23.86,0,0,1564.68,2026-03-03 08:04
TR00001,12123,Mumbai - Pune Express,Mumbai CST,Pune Jn,Karjat,Lonavala,288.29,98.1,11.59,0.119,27.9,12,5,13.09,0.188,5.91,247.11,79.34,0,0,196.85,2026-02-11 15:16
TR00002,11010,Deccan Express,Mumbai CST,Pune Jn,Dadar,Kalyan,256.71,80.11,45.97,0.401,44.6,12,0,60.13,0.638,3.59,220.04,78.34,0,0,266.46,2026-02-07 16:26
TR00003,12010,Shatabdi Express,Mumbai Central,Ahmedabad Jn,Surat,Vadodara,431.47,69.31,16.25,0.131,39.8,0,5,9.72,0.302,5.93,369.83,67.26,0,0,421.31,2026-04-17 07:01
TR00004,12951,Mumbai Rajdhani,Mumbai Central,New Delhi,Mumbai Central,Surat,129.3,36.41,24.05,0.241,21.6,23,3,18.88,0.127,1.17,110.83,48.1,0,0,234.97,2026-07-13 02:54
TR00005,12622,Tamil Nadu Express,New Delhi,Chennai Central,Bhopal Jn,Nagpur,83.98,106.76,31.44,0.358,43.9,6,6,15.06,0.355,4.66,71.98,113.05,0,0,66.11,2026-05-02 07:06
TR00006,12295,Sanghamitra Express,Bengaluru,Patna Jn,Gaya Jn,Patna Jn,441.25,83.53,20.73,0.015,39.5,18,6,23.04,0.211,0.31,378.21,88.71,0,0,338.0,2026-02-20 23:38
TR00001,12123,Mumbai - Pune Express,Mumbai CST,Pune Jn,Dadar,Kalyan,218.0,44.67,31.17,0.074,31.6,12,4,12.1,0.411,27.84,186.85,45.06,0,1,442.69,2026-03-31 19:22
TR00002,11010,Deccan Express,Mumbai CST,Pune Jn,Kalyan,Lonavala,326.45,55.99,20.64,0.156,25.1,11,2,11.02,0.308,3.79,279.81,56.27,0,0,400.61,2026-07-29 17:40
TR00003,12010,Shatabdi Express,Mumbai Central,Ahmedabad Jn,Mumbai Central,Borivali,167.55,83.01,28.26,0.087,21.4,17,3,13.84,0.356,8.85,143.61,97.03,0,1,182.78,2026-05-12 20:02
TR00004,12951,Mumbai Rajdhani,Mumbai Central,New Delhi,Vadodara,Kota Jn,222.44,108.38,17.22,0.299,24.5,0,2,10.25,0.204,0.36,190.66,119.04,0,0,148.67,2026-04-19 02:28
TR00005,12622,Tamil Nadu Express,New Delhi,Chennai Central,Vijayawada,Chennai Central,369.36,108.34,2.33,0.364,15.5,15,2,9.38,0.16,7.21,316.6,112.07,0,0,226.72,2026-01-10 18:46
TR00006,12295,Sanghamitra Express,Bengaluru,Patna Jn,Gaya Jn,Patna Jn,115.51,77.72,10.18,0.079,26.3,8,2,12.84,0.156,23.11,99.01,82.89,0,0,108.44,2026-08-04 09:48
TR00001,12123,Mumbai - Pune Express,Mumbai CST,Pune Jn,Lonavala,Pune Jn,196.42,89.38,24.97,0.023,31.1,5,3,30.32,0.377,2.76,168.36,84.09,0,0,154.24,2026-06-22 07:34
TR00002,11010,Deccan Express,Mumbai CST,Pune Jn,Dadar,Kalyan,233.09,92.19,16.17,0.042,20.0,9,5,26.74,0.124,6.61,199.79,87.85,0,0,165.45,2026-05-16 11:45
TR00003,12010,Shatabdi Express,Mumbai Central,Ahmedabad Jn,Mumbai Central,Borivali,70.52,110.61,22.59,0.008,39.7,8,5,29.23,0.213,9.83,60.44,116.13,0,0,42.63,2026-08-12 08:42
TR00004,12951,Mumbai Rajdhani,Mumbai Central,New Delhi,Mumbai Central,Surat,356.95,63.98,16.25,0.224,39.9,18,0,14.03,0.083,12.64,305.95,56.0,0,0,365.27,2026-04-07 00:05
TR00005,12622,Tamil Nadu Express,New Delhi,Chennai Central,New Delhi,Bhopal Jn,494.28,99.83,14.92,0.468,24.5,6,4,10.93,0.168,16.58,423.67,94.16,0,0,343.32,2026-04-26 11:43
TR00006,12295,Sanghamitra Express,Bengaluru,Patna Jn,Bengaluru,Guntakal Jn,131.23,73.51,20.01,0.019,26.0,12,3,3.6,0.379,12.97,112.48,75.19,0,1,164.14,2026-08-27 14:44
TR00001,12123,Mumbai - Pune Express,Mumbai CST,Pune Jn,Kalyan,Karjat,240.76,90.48,41.85,0.232,42.3,20,5,44.64,0.119,6.66,206.37,94.79,1,0,203.75,2026-03-08 23:23
TR00002,11010,Deccan Express,Mumbai CST,Pune Jn,Dadar,Kalyan,332.28,96.26,22.77,0.489,22.9,3,2,10.59,0.227,15.84,284.81,94.84,0,1,315.86,2026-07-09 08:15
TR00003,12010,Shatabdi Express,Mumbai Central,Ahmedabad Jn,Vadodara,Ahmedabad Jn,324.65,101.09,12.85,0.468,22.4,9,6,7.39,0.328,1.33,278.27,99.68,0,0,240.08,2026-05-30 13:00
TR00004,12951,Mumbai Rajdhani,Mumbai Central,New Delhi,Mumbai Central,Surat,265.83,119.55,21.87,0.319,14.9,21,0,22.42,0.537,4.22,227.86,118.05,0,0,174.58,2026-08-02 23:54
TR00005,12622,Tamil Nadu Express,New Delhi,Chennai Central,Nagpur,Vijayawada,195.93,80.15,26.9,0.14,37.0,19,4,8.0,0.343,18.23,167.94,86.3,0,0,176.29,2026-05-17 21:56
TR00006,12295,Sanghamitra Express,Bengaluru,Patna Jn,Gaya Jn,Patna Jn,54.05,86.0,9.81,0.093,31.3,18,6,16.06,0.348,1.32,46.33,92.46,0,0,46.78,2026-01-04 18:46
TR00001,12123,Mumbai - Pune Express,Mumbai CST,Pune Jn,Mumbai CST,Dadar,188.59,106.77,17.72,0.07,29.1,12,6,4.14,0.594,3.51,161.65,103.07,0,0,131.65,2026-03-31 14:11
TR00002,11010,Deccan Express,Mumbai CST,Pune Jn,Lonavala,Pune Jn,275.68,89.07,5.65,0.133,33.9,18,4,14.17,0.192,11.13,236.3,90.9,0,0,207.96,2026-01-11 21:27
TR00003,12010,Shatabdi Express,Mumbai Central,Ahmedabad Jn,Borivali,Vapi,290.49,49.62,32.26,0.416,18.8,7,5,3.85,0.661,2.66,248.99,36.11,0,1,630.42,2026-05-15 17:30
TR00004,12951,Mumbai Rajdhani,Mumbai Central,New Delhi,Vadodara,Kota Jn,153.66,66.39,12.15,0.049,26.6,22,6,7.03,0.196,10.23,131.71,58.67,0,0,148.09,2026-06-03 00:28
TR00005,12622,Tamil Nadu Express,New Delhi,Chennai Central,New Delhi,Bhopal Jn,212.86,55.93,14.89,0.416,22.8,3,3,1.66,0.072,3.96,182.45,43.45,0,0,261.69,2026-05-19 07:21
TR00006,12295,Sanghamitra Express,Bengaluru,Patna Jn,Bengaluru,Guntakal Jn,134.83,55.17,23.38,0.197,36.2,3,5,22.05,0.36,6.3,115.57,41.03,0,0,175.6,2026-02-08 05:55
TR00001,12123,Mumbai - Pune Express,Mumbai CST,Pune Jn,Lonavala,Pune Jn,276.86,69.89,36.43,0.247,26.5,0,4,3.79,0.422,17.31,237.31,67.07,0,1,377.17,2026-07-13 06:17
TR00002,11010,Deccan Express,Mumbai CST,Pune Jn,Kalyan,Lonavala,251.22,61.95,15.99,0.357,27.2,11,1,12.78,0.162,12.06,215.33,64.03,0,0,275.01,2026-01-14 15:35
TR00003,12010,Shatabdi Express,Mumbai Central,Ahmedabad Jn,Mumbai Central,Borivali,241.4,65.39,17.62,0.147,29.9,23,5,17.79,0.321,9.88,206.91,56.23,0,0,264.36,2026-07-21 03:24
TR00004,12951,Mumbai Rajdhani,Mumbai Central,New Delhi,Mumbai Central,Surat,239.67,105.29,22.1,0.195,28.1,17,0,27.05,0.299,4.56,205.43,102.24,0,0,160.58,2026-03-26 19:40
TR00005,12622,Tamil Nadu Express,New Delhi,Chennai Central,Vijayawada,Chennai Central,165.57,74.56,25.13,0.453,32.5,20,0,43.7,0.168,17.88,141.92,71.11,0,0,162.09,2026-05-07 22:42
TR00006,12295,Sanghamitra Express,Bengaluru,Patna Jn,Gaya Jn,Patna Jn,143.42,34.2,18.01,0.063,32.0,8,4,7.9,0.263,10.19,122.93,25.11,0,0,280.89,2026-01-31 12:40
TR00001,12123,Mumbai - Pune Express,Mumbai CST,Pune Jn,Karjat,Lonavala,166.65,68.67,6.12,0.181,26.9,19,3,21.13,0.073,6.37,142.84,62.56,0,0,157.52,2026-03-25 21:37
TR00002,11010,Deccan Express,Mumbai CST,Pune Jn,Dadar,Kalyan,147.09,90.95,38.75,0.124,20.8,1,5,27.99,0.067,6.47,126.08,83.73,0,1,150.42,2026-04-07 03:30
TR00003,12010,Shatabdi Express,Mumbai Central,Ahmedabad Jn,Borivali,Vapi,194.11,67.19,22.39,0.318,32.8,22,4,4.48,0.334,11.01,166.38,81.51,0,0,205.16,2026-06-27 01:25
TR00004,12951,Mumbai Rajdhani,Mumbai Central,New Delhi,Vadodara,Kota Jn,157.01,68.32,8.28,0.238,31.9,1,5,10.21,0.076,0.42,134.58,68.62,0,0,149.98,2026-03-15 03:29
TR00005,12622,Tamil Nadu Express,New Delhi,Chennai Central,New Delhi,Bhopal Jn,303.85,82.21,26.72,0.18,30.2,15,2,47.09,0.195,16.55,260.44,96.4,0,0,252.27,2026-06-24 19:12
TR00006,12295,Sanghamitra Express,Bengaluru,Patna Jn,Bengaluru,Guntakal Jn,155.8,92.35,11.49,0.185,16.2,21,0,13.51,0.248,20.29,133.55,95.77,0,0,117.99,2026-04-01 22:57
TR00001,12123,Mumbai - Pune Express,Mumbai CST,Pune Jn,Dadar,Kalyan,409.11,89.58,31.21,0.102,27.8,19,1,14.56,0.498,9.31,350.67,79.89,0,1,435.13,2026-03-26 02:15
TR00002,11010,Deccan Express,Mumbai CST,Pune Jn,Mumbai CST,Dadar,32.63,125.35,31.23,0.241,29.1,14,4,15.07,0.597,13.46,27.97,119.56,0,0,34.02,2026-04-20 14:34
TR00003,12010,Shatabdi Express,Mumbai Central,Ahmedabad Jn,Vapi,Surat,327.55,63.02,8.75,0.098,34.5,1,6,5.05,0.31,5.22,280.76,56.66,0,0,353.55,2026-01-04 06:53
TR00004,12951,Mumbai Rajdhani,Mumbai Central,New Delhi,Surat,Vadodara,186.63,95.88,12.35,0.234,39.5,16,3,12.06,0.417,11.87,159.97,97.54,0,0,136.35,2026-01-06 18:16
TR00005,12622,Tamil Nadu Express,New Delhi,Chennai Central,Bhopal Jn,Nagpur,211.79,67.93,29.85,0.375,17.0,19,5,8.42,0.533,10.26,181.53,60.29,0,0,250.61,2026-08-03 23:10
TR00006,12295,Sanghamitra Express,Bengaluru,Patna Jn,Gaya Jn,Patna Jn,200.28,41.27,21.25,0.215,32.3,22,5,14.53,0.032,6.8,171.67,41.05,1,0,326.09,2026-04-04 03:26
TR00001,12123,Mumbai - Pune Express,Mumbai CST,Pune Jn,Mumbai CST,Dadar,129.35,95.84,11.6,0.147,25.2,6,5,22.58,0.31,3.82,110.87,85.25,0,0,99.71,2026-01-07 07:39
TR00002,11010,Deccan Express,Mumbai CST,Pune Jn,Lonavala,Pune Jn,51.68,65.34,23.51,0.233,28.3,21,0,8.14,0.306,4.72,44.3,57.73,0,0,68.48,2026-06-04 22:08
TR00003,12010,Shatabdi Express,Mumbai Central,Ahmedabad Jn,Mumbai Central,Borivali,296.31,81.05,8.99,0.05,18.9,5,0,1.2,0.33,12.48,253.98,68.73,0,0,239.3,2026-04-15 08:59
TR00004,12951,Mumbai Rajdhani,Mumbai Central,New Delhi,Kota Jn,New Delhi,209.15,80.0,19.94,0.11,32.1,5,4,33.8,0.165,5.06,179.27,94.93,0,0,177.83,2026-06-22 07:57
TR00005,12622,Tamil Nadu Express,New Delhi,Chennai Central,Vijayawada,Chennai Central,193.48,80.0,15.54,0.188,22.5,5,5,3.29,0.56,8.63,165.84,67.76,0,0,181.46,2026-08-18 08:01
TR00006,12295,Sanghamitra Express,Bengaluru,Patna Jn,Bengaluru,Guntakal Jn,162.02,106.86,22.55,0.159,27.7,16,0,25.83,0.146,2.51,138.88,93.2,0,1,133.41,2026-06-22 18:13
TR00001,12123,Mumbai - Pune Express,Mumbai CST,Pune Jn,Dadar,Kalyan,378.92,88.53,21.54,0.053,16.9,12,0,3.36,0.233,2.8,324.79,84.89,0,0,285.85,2026-07-16 16:45
TR00002,11010,Deccan Express,Mumbai CST,Pune Jn,Kalyan,Lonavala,629.0,62.84,17.68,0.265,39.3,7,5,18.97,0.067,6.09,539.14,74.28,0,1,807.12,2026-08-24 20:27
TR00003,12010,Shatabdi Express,Mumbai Central,Ahmedabad Jn,Borivali,Vapi,104.89,89.54,20.41,0.08,17.2,6,2,12.31,0.262,15.24,89.91,87.14,0,0,87.72,2026-03-12 07:27
TR00004,12951,Mumbai Rajdhani,Mumbai Central,New Delhi,Kota Jn,New Delhi,398.96,56.46,3.72,0.147,29.0,1,1,9.53,0.122,5.71,341.97,52.68,0,0,452.72,2026-03-11 08:32
TR00005,12622,Tamil Nadu Express,New Delhi,Chennai Central,Nagpur,Vijayawada,513.33,30.41,21.42,0.327,36.3,12,0,43.28,0.38,4.81,440.0,37.71,0,0,1204.16,2026-04-28 08:04
TR00006,12295,Sanghamitra Express,Bengaluru,Patna Jn,Guntakal Jn,Vijayawada,121.66,20.84,26.43,0.358,18.7,15,6,4.13,0.344,12.11,104.28,20.0,1,0,436.79,2026-07-19 22:16
TR00001,12123,Mumbai - Pune Express,Mumbai CST,Pune Jn,Mumbai CST,Dadar,308.35,62.2,16.83,0.259,29.0,8,3,8.56,0.112,9.62,264.3,72.66,0,0,329.26,2026-03-14 13:29
TR00002,11010,Deccan Express,Mumbai CST,Pune Jn,Mumbai CST,Dadar,182.51,67.01,19.2,0.102,23.1,22,5,15.96,0.185,4.01,156.44,71.85,0,0,182.01,2026-06-17 01:02
TR00003,12010,Shatabdi Express,Mumbai Central,Ahmedabad Jn,Surat,Vadodara,85.35,77.6,27.38,0.051,31.6,10,3,5.48,0.562,10.94,73.16,86.03,0,1,115.84,2026-05-29 11:55
TR00004,12951,Mumbai Rajdhani,Mumbai Central,New Delhi,Surat,Vadodara,266.53,84.82,11.6,0.124,27.2,11,3,19.29,0.237,2.68,228.46,74.24,0,0,209.47,2026-08-15 14:29
TR00005,12622,Tamil Nadu Express,New Delhi,Chennai Central,New Delhi,Bhopal Jn,292.77,23.28,31.34,0.28,23.4,20,6,17.32,0.252,13.65,250.94,31.71,0,1,1106.88,2026-05-16 14:26
TR00006,12295,Sanghamitra Express,Bengaluru,Patna Jn,Gaya Jn,Patna Jn,205.63,72.14,0.59,0.311,28.1,21,6,10.04,0.314,4.18,176.25,70.98,0,0,195.42,2026-07-15 00:15
TR00001,12123,Mumbai - Pune Express,Mumbai CST,Pune Jn,Kalyan,Karjat,493.67,95.51,21.07,0.103,30.3,15,1,1.03,0.209,8.79,423.15,83.97,1,0,357.29,2026-06-07 20:57
TR00002,11010,Deccan Express,Mumbai CST,Pune Jn,Kalyan,Lonavala,257.9,56.88,8.38,0.18,30.4,22,5,14.68,0.066,5.36,221.06,56.46,0,0,287.42,2026-04-15 02:47
TR00003,12010,Shatabdi Express,Mumbai Central,Ahmedabad Jn,Vapi,Surat,144.6,40.25,20.3,0.118,16.6,19,4,6.06,0.521,4.23,123.94,41.86,0,0,257.49,2026-02-20 23:17
TR00004,12951,Mumbai Rajdhani,Mumbai Central,New Delhi,Surat,Vadodara,518.33,109.84,22.4,0.068,20.5,8,6,21.02,0.394,30.13,444.28,101.95,0,0,326.21,2026-04-02 13:26
TR00005,12622,Tamil Nadu Express,New Delhi,Chennai Central,Nagpur,Vijayawada,332.35,52.59,39.92,0.223,32.1,1,0,9.99,0.519,14.61,284.87,39.48,0,1,612.87,2026-04-06 11:12
TR00006,12295,Sanghamitra Express,Bengaluru,Patna Jn,Bengaluru,Guntakal Jn,430.85,73.96,8.66,0.367,32.1,8,6,15.49,0.17,10.13,369.3,68.17,0,0,388.36,2026-05-27 14:28
TR00001,12123,Mumbai - Pune Express,Mumbai CST,Pune Jn,Mumbai CST,Dadar,255.58,61.16,34.88,0.366,34.2,17,5,24.8,0.253,10.99,219.07,61.82,0,1,381.96,2026-06-03 23:21
TR00002,11010,Deccan Express,Mumbai CST,Pune Jn,Mumbai CST,Dadar,387.44,92.54,15.32,0.036,29.5,13,4,17.22,0.355,3.11,332.09,83.07,0,0,282.32,2026-01-08 17:42
TR00003,12010,Shatabdi Express,Mumbai Central,Ahmedabad Jn,Surat,Vadodara,315.77,118.14,26.69,0.223,31.8,6,1,16.67,0.394,0.64,270.66,126.02,0,0,197.16,2026-04-27 09:17
TR00004,12951,Mumbai Rajdhani,Mumbai Central,New Delhi,Kota Jn,New Delhi,244.88,91.39,42.7,0.274,30.8,16,4,27.19,0.533,22.64,209.9,98.61,0,0,212.54,2026-01-23 19:32
TR00005,12622,Tamil Nadu Express,New Delhi,Chennai Central,Bhopal Jn,Nagpur,327.53,55.01,23.99,0.177,22.3,23,6,26.1,0.262,1.38,280.74,47.05,0,0,403.82,2026-01-05 05:43
TR00006,12295,Sanghamitra Express,Bengaluru,Patna Jn,Gaya Jn,Patna Jn,196.22,84.07,27.51,0.086,25.4,4,2,36.45,0.11,23.19,168.19,89.64,0,0,157.32,2026-01-01 06:37
TR00001,12123,Mumbai - Pune Express,Mumbai CST,Pune Jn,Dadar,Kalyan,193.02,89.89,16.77,0.223,23.9,5,2,24.05,0.081,14.73,165.45,79.79,0,0,147.68,2026-07-13 07:27
TR00002,11010,Deccan Express,Mumbai CST,Pune Jn,Dadar,Kalyan,222.65,130.0,22.1,0.14,30.0,9,2,3.4,0.102,6.67,190.84,130.0,0,0,117.04,2026-06-11 10:57
TR00003,12010,Shatabdi Express,Mumbai Central,Ahmedabad Jn,Vadodara,Ahmedabad Jn,177.31,73.25,15.3,0.169,24.4,20,4,2.56,0.559,3.02,151.98,73.58,0,0,175.8,2026-02-13 22:55
TR00004,12951,Mumbai Rajdhani,Mumbai Central,New Delhi,Kota Jn,New Delhi,75.28,103.55,9.22,0.084,30.5,8,0,10.05,0.345,6.29,64.52,92.65,0,0,62.8,2026-01-31 09:02
TR00005,12622,Tamil Nadu Express,New Delhi,Chennai Central,New Delhi,Bhopal Jn,252.73,97.28,28.22,0.32,25.4,8,5,15.68,0.296,6.11,216.62,106.53,0,0,189.14,2026-04-06 11:09
TR00006,12295,Sanghamitra Express,Bengaluru,Patna Jn,Vijayawada,Gaya Jn,211.15,63.27,15.47,0.287,32.1,0,1,15.64,0.303,7.87,180.99,52.71,0,0,233.38,2026-06-27 03:53
TR00001,12123,Mumbai - Pune Express,Mumbai CST,Pune Jn,Lonavala,Pune Jn,506.61,50.1,29.14,0.203,26.2,18,1,15.7,0.304,4.09,434.24,57.62,0,1,888.29,2026-02-16 08:48
TR00002,11010,Deccan Express,Mumbai CST,Pune Jn,Dadar,Kalyan,100.15,99.64,27.4,0.027,22.4,15,2,9.27,0.344,14.21,85.84,97.35,0,0,74.36,2026-04-08 16:14
TR00003,12010,Shatabdi Express,Mumbai Central,Ahmedabad Jn,Vadodara,Ahmedabad Jn,376.72,60.31,51.41,0.078,31.7,19,6,23.37,0.204,14.71,322.9,65.64,1,1,551.41,2026-07-20 04:11
TR00004,12951,Mumbai Rajdhani,Mumbai Central,New Delhi,Vadodara,Kota Jn,313.4,50.64,21.93,0.047,18.2,5,3,23.11,0.27,12.1,268.63,45.83,0,0,409.74,2026-03-05 11:49
TR00005,12622,Tamil Nadu Express,New Delhi,Chennai Central,Nagpur,Vijayawada,226.1,86.23,25.43,0.048,16.1,22,6,14.33,0.412,5.44,193.8,83.99,0,0,193.3,2026-05-14 01:13
TR00006,12295,Sanghamitra Express,Bengaluru,Patna Jn,Guntakal Jn,Vijayawada,115.53,101.38,12.55,0.205,32.1,10,0,6.49,0.027,22.35,99.02,108.97,0,0,82.55,2026-02-08 11:22
TR00001,12123,Mumbai - Pune Express,Mumbai CST,Pune Jn,Mumbai CST,Dadar,213.87,119.58,1.07,0.051,31.2,21,6,14.63,0.173,10.93,183.32,119.57,0,0,111.71,2026-03-02 22:51
TR00002,11010,Deccan Express,Mumbai CST,Pune Jn,Dadar,Kalyan,202.08,42.11,25.12,0.075,23.1,11,4,12.3,0.155,14.93,173.21,43.96,1,0,335.62,2026-04-04 16:35
TR00003,12010,Shatabdi Express,Mumbai Central,Ahmedabad Jn,Surat,Vadodara,59.5,80.87,0.0,0.088,28.2,15,2,4.35,0.345,3.07,51.0,86.95,0,0,46.72,2026-05-09 15:46
TR00004,12951,Mumbai Rajdhani,Mumbai Central,New Delhi,Kota Jn,New Delhi,522.96,21.37,16.93,0.035,33.0,23,0,10.48,0.147,5.18,448.25,22.78,0,1,1945.34,2026-07-13 07:25
TR00005,12622,Tamil Nadu Express,New Delhi,Chennai Central,Vijayawada,Chennai Central,80.74,33.3,26.69,0.124,26.0,1,4,49.21,0.055,12.28,69.2,37.12,0,0,159.84,2026-01-05 03:39
TR00006,12295,Sanghamitra Express,Bengaluru,Patna Jn,Guntakal Jn,Vijayawada,166.23,93.36,30.86,0.272,27.3,1,2,30.55,0.406,30.69,142.49,84.24,0,0,145.89,2026-07-16 03:25
TR00001,12123,Mumbai - Pune Express,Mumbai CST,Pune Jn,Dadar,Kalyan,170.64,66.43,39.59,0.401,30.9,21,4,2.07,0.444,3.23,146.26,62.46,1,0,221.61,2026-04-08 00:41
TR00002,11010,Deccan Express,Mumbai CST,Pune Jn,Dadar,Kalyan,75.97,99.34,48.41,0.034,18.6,11,6,25.93,0.387,3.12,65.12,99.87,1,1,99.6,2026-05-08 12:39
TR00003,12010,Shatabdi Express,Mumbai Central,Ahmedabad Jn,Vadodara,Ahmedabad Jn,339.97,45.15,22.63,0.267,26.7,0,4,26.29,0.218,4.11,291.41,61.09,0,0,515.05,2026-07-17 08:35
TR00004,12951,Mumbai Rajdhani,Mumbai Central,New Delhi,Surat,Vadodara,128.5,60.06,19.59,0.143,26.9,22,6,12.97,0.038,18.33,110.14,57.88,0,0,136.62,2026-07-19 00:16
TR00005,12622,Tamil Nadu Express,New Delhi,Chennai Central,Nagpur,Vijayawada,162.59,94.44,22.37,0.171,28.8,6,6,14.64,0.393,9.55,139.37,89.21,0,0,122.32,2026-03-09 08:02
TR00006,12295,Sanghamitra Express,Bengaluru,Patna Jn,Vijayawada,Gaya Jn,297.26,74.55,29.44,0.033,27.1,14,2,11.74,0.235,1.61,254.8,70.07,0,1,330.68,2026-06-15 19:30
TR00001,12123,Mumbai - Pune Express,Mumbai CST,Pune Jn,Lonavala,Pune Jn,138.2,65.08,1.99,0.124,32.5,23,3,16.19,0.142,3.98,118.46,57.27,0,0,134.12,2026-01-15 01:14
TR00002,11010,Deccan Express,Mumbai CST,Pune Jn,Lonavala,Pune Jn,71.18,103.24,26.73,0.103,38.4,6,1,17.14,0.473,10.19,61.01,99.24,0,1,74.36,2026-06-10 07:14
TR00003,12010,Shatabdi Express,Mumbai Central,Ahmedabad Jn,Surat,Vadodara,192.96,96.83,34.74,0.22,43.4,14,4,14.82,0.197,3.12,165.4,86.29,1,0,161.65,2026-02-03 16:41
TR00004,12951,Mumbai Rajdhani,Mumbai Central,New Delhi,Mumbai Central,Surat,277.63,103.36,16.24,0.178,28.8,19,0,19.27,0.206,10.05,237.97,101.38,0,0,178.87,2026-03-26 21:58
TR00005,12622,Tamil Nadu Express,New Delhi,Chennai Central,Nagpur,Vijayawada,267.37,57.74,14.31,0.165,33.2,2,1,10.21,0.192,9.54,229.17,60.95,0,0,314.15,2026-06-24 07:14
TR00006,12295,Sanghamitra Express,Bengaluru,Patna Jn,Bengaluru,Guntakal Jn,307.64,123.03,22.17,0.416,32.7,21,5,28.83,0.112,12.11,263.69,114.03,0,0,174.93,2026-07-12 23:54
TR00001,12123,Mumbai - Pune Express,Mumbai CST,Pune Jn,Mumbai CST,Dadar,91.71,61.29,34.71,0.075,32.3,7,5,8.54,0.229,12.03,78.61,64.74,1,0,131.86,2026-01-25 09:11
TR00002,11010,Deccan Express,Mumbai CST,Pune Jn,Lonavala,Pune Jn,119.76,83.19,22.91,0.334,24.8,10,1,5.57,0.453,13.32,102.65,84.73,0,0,115.33,2026-07-26 11:55
TR00003,12010,Shatabdi Express,Mumbai Central,Ahmedabad Jn,Vadodara,Ahmedabad Jn,247.21,59.78,54.37,0.105,47.7,19,6,33.47,0.645,17.05,211.9,55.82,1,0,338.96,2026-06-10 00:38
TR00004,12951,Mumbai Rajdhani,Mumbai Central,New Delhi,Surat,Vadodara,270.63,103.18,20.5,0.388,39.9,0,4,7.83,0.474,23.22,231.97,92.6,0,0,197.89,2026-06-24 03:17
TR00005,12622,Tamil Nadu Express,New Delhi,Chennai Central,New Delhi,Bhopal Jn,107.52,68.07,12.68,0.204,37.1,3,2,2.77,0.265,4.69,92.16,66.5,0,0,103.3,2026-05-12 04:43
TR00006,12295,Sanghamitra Express,Bengaluru,Patna Jn,Vijayawada,Gaya Jn,412.6,65.68,24.09,0.12,21.5,16,2,4.99,0.226,2.2,353.66,46.21,0,0,416.06,2026-02-20 22:56
TR00001,12123,Mumbai - Pune Express,Mumbai CST,Pune Jn,Karjat,Lonavala,270.98,93.56,16.06,0.067,35.0,21,6,0.99,0.287,5.97,232.27,94.96,1,0,204.35,2026-03-31 00:24
TR00002,11010,Deccan Express,Mumbai CST,Pune Jn,Dadar,Kalyan,271.45,89.53,18.4,0.573,24.9,21,3,22.6,0.083,2.91,232.67,89.17,0,0,206.42,2026-08-17 00:26
TR00003,12010,Shatabdi Express,Mumbai Central,Ahmedabad Jn,Vadodara,Ahmedabad Jn,132.62,41.04,2.49,0.074,29.0,20,4,9.51,0.013,6.04,113.68,22.39,0,0,203.78,2026-07-03 23:23
TR00004,12951,Mumbai Rajdhani,Mumbai Central,New Delhi,Vadodara,Kota Jn,346.6,57.61,18.1,0.128,29.4,23,6,0.54,0.501,3.12,297.09,59.44,0,0,431.77,2026-06-28 06:11
TR00005,12622,Tamil Nadu Express,New Delhi,Chennai Central,New Delhi,Bhopal Jn,206.76,76.75,17.67,0.152,28.7,15,0,15.91,0.139,14.5,177.23,80.3,0,0,185.92,2026-06-20 18:05
TR00006,12295,Sanghamitra Express,Bengaluru,Patna Jn,Vijayawada,Gaya Jn,179.34,59.3,0.5,0.152,26.1,9,5,3.1,0.203,2.77,153.72,62.22,0,0,200.64,2026-07-02 12:20
TR00001,12123,Mumbai - Pune Express,Mumbai CST,Pune Jn,Lonavala,Pune Jn,206.64,57.13,21.58,0.161,27.6,23,0,23.56,0.389,21.37,177.12,55.17,0,0,260.62,2026-05-15 03:20
TR00002,11010,Deccan Express,Mumbai CST,Pune Jn,Kalyan,Lonavala,103.36,116.23,25.74,0.105,36.7,4,4,12.34,0.526,15.43,88.59,105.34,0,0,76.32,2026-01-30 05:16
TR00003,12010,Shatabdi Express,Mumbai Central,Ahmedabad Jn,Vapi,Surat,192.54,62.46,17.82,0.064,31.4,9,0,1.01,0.526,18.35,165.04,57.7,0,0,219.69,2026-08-21 12:39
TR00004,12951,Mumbai Rajdhani,Mumbai Central,New Delhi,Surat,Vadodara,358.94,89.2,9.24,0.245,24.3,21,2,4.39,0.3,2.51,307.66,86.52,0,0,270.6,2026-06-11 01:30
TR00005,12622,Tamil Nadu Express,New Delhi,Chennai Central,Bhopal Jn,Nagpur,422.66,75.59,13.89,0.259,27.2,22,2,14.69,0.188,7.42,362.28,82.01,0,0,369.35,2026-06-27 04:09
TR00006,12295,Sanghamitra Express,Bengaluru,Patna Jn,Vijayawada,Gaya Jn,284.14,88.72,18.57,0.1,25.0,3,3,11.02,0.386,11.91,243.55,88.65,0,0,225.7,2026-08-04 06:45
TR00001,12123,Mumbai - Pune Express,Mumbai CST,Pune Jn,Karjat,Lonavala,207.74,67.47,16.91,0.04,21.4,19,6,20.57,0.079,15.62,178.07,70.99,0,0,198.92,2026-04-07 22:18
TR00002,11010,Deccan Express,Mumbai CST,Pune Jn,Dadar,Kalyan,142.08,47.29,12.24,0.532,35.2,13,1,3.73,0.135,11.18,121.78,44.76,0,0,206.91,2026-08-25 16:26
TR00003,12010,Shatabdi Express,Mumbai Central,Ahmedabad Jn,Vapi,Surat,253.96,72.16,15.23,0.082,25.9,10,2,4.01,0.43,3.17,217.68,75.51,0,0,246.85,2026-03-15 14:06
TR00004,12951,Mumbai Rajdhani,Mumbai Central,New Delhi,Surat,Vadodara,85.86,84.05,37.94,0.061,22.4,19,2,4.23,0.523,9.12,73.59,87.48,1,0,109.42,2026-02-02 20:49
TR00005,12622,Tamil Nadu Express,New Delhi,Chennai Central,Bhopal Jn,Nagpur,69.13,35.11,17.88,0.307,32.2,16,5,14.63,0.125,29.66,59.26,30.02,0,0,138.94,2026-08-02 18:18
TR00006,12295,Sanghamitra Express,Bengaluru,Patna Jn,Gaya Jn,Patna Jn,225.6,50.79,8.42,0.088,28.6,17,1,11.85,0.107,21.48,193.37,44.52,0,0,286.39,2026-05-24 21:46
TR00001,12123,Mumbai - Pune Express,Mumbai CST,Pune Jn,Mumbai CST,Dadar,130.29,74.61,1.17,0.087,31.8,22,4,4.08,0.153,8.4,111.68,65.24,0,1,140.99,2026-05-15 00:20
TR00002,11010,Deccan Express,Mumbai CST,Pune Jn,Mumbai CST,Dadar,197.55,52.96,20.5,0.396,37.4,13,5,10.26,0.166,18.93,169.33,46.98,0,0,255.98,2026-01-24 17:15
TR00003,12010,Shatabdi Express,Mumbai Central,Ahmedabad Jn,Vapi,Surat,71.84,57.55,33.47,0.357,30.7,6,3,20.05,0.328,8.48,61.57,54.4,0,1,124.89,2026-05-07 08:04
TR00004,12951,Mumbai Rajdhani,Mumbai Central,New Delhi,Surat,Vadodara,92.86,90.0,17.44,0.119,18.3,21,1,14.49,0.527,3.15,79.6,87.72,0,0,83.67,2026-08-09 22:23
TR00005,12622,Tamil Nadu Express,New Delhi,Chennai Central,Nagpur,Vijayawada,343.55,84.02,20.65,0.075,22.1,6,0,8.84,0.362,7.58,294.47,95.51,0,0,282.98,2026-05-25 10:42
TR00006,12295,Sanghamitra Express,Bengaluru,Patna Jn,Vijayawada,Gaya Jn,256.86,86.85,9.31,0.017,24.9,17,1,9.29,0.209,7.42,220.17,85.7,0,0,186.28,2026-06-15 20:06
TR00001,12123,Mumbai - Pune Express,Mumbai CST,Pune Jn,Dadar,Kalyan,261.41,97.36,6.09,0.054,32.1,16,2,3.76,0.159,5.23,224.07,87.51,0,0,171.96,2026-05-31 18:51
TR00002,11010,Deccan Express,Mumbai CST,Pune Jn,Lonavala,Pune Jn,286.31,65.67,15.36,0.182,29.1,13,2,21.58,0.333,1.11,245.41,67.95,0,0,303.9,2026-01-26 18:03
TR00003,12010,Shatabdi Express,Mumbai Central,Ahmedabad Jn,Surat,Vadodara,362.78,61.47,17.1,0.246,28.2,13,0,3.4,0.215,11.13,310.96,61.48,0,0,395.53,2026-02-04 19:35
TR00004,12951,Mumbai Rajdhani,Mumbai Central,New Delhi,Kota Jn,New Delhi,132.69,112.64,25.37,0.135,32.0,11,1,22.58,0.129,4.78,113.74,117.91,0,0,88.15,2026-04-17 12:28
TR00005,12622,Tamil Nadu Express,New Delhi,Chennai Central,Bhopal Jn,Nagpur,149.13,70.71,9.02,0.051,20.7,16,0,21.24,0.125,3.61,127.83,69.54,0,0,137.21,2026-05-24 18:17
TR00006,12295,Sanghamitra Express,Bengaluru,Patna Jn,Gaya Jn,Patna Jn,180.31,102.97,34.82,0.058,26.8,19,6,50.39,0.493,11.52,154.55,107.97,0,0,142.67,2026-04-15 21:22
TR00001,12123,Mumbai - Pune Express,Mumbai CST,Pune Jn,Lonavala,Pune Jn,337.68,92.99,21.86,0.123,18.1,15,1,9.45,0.384,0.82,289.44,83.94,0,0,257.29,2026-03-10 19:17
TR00002,11010,Deccan Express,Mumbai CST,Pune Jn,Kalyan,Lonavala,391.13,88.87,28.1,0.053,20.8,21,2,25.32,0.318,28.84,335.26,104.3,0,0,303.77,2026-08-13 02:03
TR00003,12010,Shatabdi Express,Mumbai Central,Ahmedabad Jn,Mumbai Central,Borivali,202.15,58.47,20.29,0.229,5.0,0,4,22.05,0.207,14.14,173.27,58.55,0,0,239.66,2026-04-28 03:59
TR00004,12951,Mumbai Rajdhani,Mumbai Central,New Delhi,Surat,Vadodara,145.98,20.0,17.54,0.407,44.9,17,0,21.65,0.222,4.28,125.13,21.76,0,0,497.6,2026-05-22 01:17
TR00005,12622,Tamil Nadu Express,New Delhi,Chennai Central,New Delhi,Bhopal Jn,397.33,20.0,34.71,0.121,32.0,17,2,17.71,0.188,2.83,340.57,26.09,1,0,1308.48,2026-04-30 14:48
TR00006,12295,Sanghamitra Express,Bengaluru,Patna Jn,Vijayawada,Gaya Jn,104.93,44.81,7.03,0.079,31.1,18,3,2.48,0.127,3.3,89.94,42.11,0,1,189.7,2026-08-11 21:09
TR00001,12123,Mumbai - Pune Express,Mumbai CST,Pune Jn,Karjat,Lonavala,388.29,58.92,2.38,0.065,24.1,4,4,2.29,0.051,0.61,332.82,45.05,0,0,402.64,2026-01-13 10:42
TR00002,11010,Deccan Express,Mumbai CST,Pune Jn,Dadar,Kalyan,284.78,77.42,22.74,0.199,31.8,7,5,20.5,0.213,8.9,244.1,54.13,0,0,248.94,2026-06-20 11:08
TR00003,12010,Shatabdi Express,Mumbai Central,Ahmedabad Jn,Vadodara,Ahmedabad Jn,206.29,127.62,28.23,0.224,31.8,22,4,45.02,0.065,3.34,176.82,117.87,0,0,113.38,2026-02-11 23:53
TR00004,12951,Mumbai Rajdhani,Mumbai Central,New Delhi,Vadodara,Kota Jn,299.5,95.02,26.98,0.023,18.5,18,4,11.57,0.211,1.32,256.71,89.5,0,1,272.4,2026-01-26 22:32
TR00005,12622,Tamil Nadu Express,New Delhi,Chennai Central,Nagpur,Vijayawada,158.58,119.27,28.07,0.29,36.0,5,5,9.5,0.418,1.14,135.93,113.62,1,0,122.71,2026-05-17 07:02
TR00006,12295,Sanghamitra Express,Bengaluru,Patna Jn,Bengaluru,Guntakal Jn,137.0,85.09,35.94,0.245,26.8,19,3,5.01,0.203,15.57,117.43,93.67,0,1,152.53,2026-08-22 21:32
TR00001,12123,Mumbai - Pune Express,Mumbai CST,Pune Jn,Karjat,Lonavala,276.6,51.56,24.78,0.123,23.1,8,3,7.83,0.411,0.93,237.09,57.49,0,0,377.11,2026-07-24 14:17
TR00002,11010,Deccan Express,Mumbai CST,Pune Jn,Dadar,Kalyan,172.32,75.24,8.3,0.148,35.6,14,0,4.35,0.299,5.75,147.7,70.18,0,0,156.11,2026-02-28 16:36
TR00003,12010,Shatabdi Express,Mumbai Central,Ahmedabad Jn,Mumbai Central,Borivali,186.82,24.74,21.3,0.164,25.1,7,5,29.38,0.269,6.68,160.13,32.49,0,0,510.02,2026-01-08 15:30
TR00004,12951,Mumbai Rajdhani,Mumbai Central,New Delhi,Surat,Vadodara,304.2,50.51,15.31,0.232,27.9,6,4,5.61,0.186,1.0,260.74,54.35,0,0,400.53,2026-07-07 12:40
TR00005,12622,Tamil Nadu Express,New Delhi,Chennai Central,Bhopal Jn,Nagpur,291.85,105.35,3.93,0.101,14.0,10,5,12.12,0.13,5.75,250.15,106.73,0,0,171.51,2026-03-18 12:51
TR00006,12295,Sanghamitra Express,Bengaluru,Patna Jn,Guntakal Jn,Vijayawada,118.17,116.52,13.42,0.317,35.8,8,2,11.9,0.217,6.19,101.29,106.98,0,0,68.06,2026-07-31 09:08
TR00001,12123,Mumbai - Pune Express,Mumbai CST,Pune Jn,Lonavala,Pune Jn,229.33,94.5,22.11,0.159,23.0,18,0,4.9,0.267,0.34,196.57,88.76,0,1,223.79,2026-03-30 21:43
TR00002,11010,Deccan Express,Mumbai CST,Pune Jn,Mumbai CST,Dadar,369.83,102.86,16.08,0.097,39.1,8,3,29.0,0.411,1.49,316.99,94.54,0,0,250.21,2026-01-11 12:10
TR00003,12010,Shatabdi Express,Mumbai Central,Ahmedabad Jn,Vadodara,Ahmedabad Jn,393.8,77.45,24.48,0.132,17.5,7,6,7.64,0.369,8.55,337.55,82.93,0,0,357.85,2026-06-01 12:57
TR00004,12951,Mumbai Rajdhani,Mumbai Central,New Delhi,Vadodara,Kota Jn,286.14,93.98,8.29,0.033,36.5,18,2,13.6,0.447,2.88,245.27,111.1,0,0,206.25,2026-02-06 21:26
TR00005,12622,Tamil Nadu Express,New Delhi,Chennai Central,Nagpur,Vijayawada,143.84,61.54,6.68,0.155,10.5,22,6,1.57,0.277,7.96,123.29,66.95,0,0,160.32,2026-04-05 00:40
TR00006,12295,Sanghamitra Express,Bengaluru,Patna Jn,Vijayawada,Gaya Jn,204.87,86.34,18.05,0.296,33.5,22,5,28.45,0.152,9.1,175.6,84.69,0,0,159.26,2026-03-16 00:39
TR00001,12123,Mumbai - Pune Express,Mumbai CST,Pune Jn,Karjat,Lonavala,127.0,114.68,14.34,0.043,26.4,16,2,16.28,0.104,7.4,108.86,121.5,0,0,81.0,2026-05-30 17:21
TR00002,11010,Deccan Express,Mumbai CST,Pune Jn,Dadar,Kalyan,294.92,84.55,15.97,0.064,17.9,4,0,7.5,0.116,6.77,252.79,78.47,0,0,229.45,2026-06-18 07:49
TR00003,12010,Shatabdi Express,Mumbai Central,Ahmedabad Jn,Borivali,Vapi,152.59,90.9,22.08,0.419,32.2,19,3,10.02,0.162,16.05,130.8,86.05,0,0,131.26,2026-01-27 21:11
TR00004,12951,Mumbai Rajdhani,Mumbai Central,New Delhi,Surat,Vadodara,113.19,76.17,11.04,0.136,29.9,5,1,23.92,0.198,3.99,97.02,69.65,0,0,101.7,2026-07-08 06:41
TR00005,12622,Tamil Nadu Express,New Delhi,Chennai Central,Vijayawada,Chennai Central,357.29,49.27,25.38,0.171,42.9,5,0,18.31,0.095,28.69,306.25,46.45,0,0,471.23,2026-05-04 12:51
TR00006,12295,Sanghamitra Express,Bengaluru,Patna Jn,Vijayawada,Gaya Jn,116.03,71.7,21.5,0.181,20.3,21,6,17.62,0.534,0.47,99.45,77.69,0,0,134.6,2026-02-13 23:14
TR00001,12123,Mumbai - Pune Express,Mumbai CST,Pune Jn,Lonavala,Pune Jn,194.79,97.7,6.25,0.063,24.2,3,6,9.89,0.234,9.06,166.97,98.52,0,0,136.24,2026-05-12 05:16
TR00002,11010,Deccan Express,Mumbai CST,Pune Jn,Lonavala,Pune Jn,160.62,59.64,10.67,0.098,22.9,16,0,3.19,0.259,4.61,137.67,54.24,0,0,188.84,2026-05-14 19:08
TR00003,12010,Shatabdi Express,Mumbai Central,Ahmedabad Jn,Mumbai Central,Borivali,242.33,100.84,7.24,0.079,13.8,17,3,20.7,0.124,6.66,207.71,110.34,0,0,153.73,2026-01-31 19:33
TR00004,12951,Mumbai Rajdhani,Mumbai Central,New Delhi,Surat,Vadodara,119.58,79.19,31.98,0.136,28.6,22,6,11.41,0.395,1.92,102.5,85.62,1,0,127.9,2026-03-05 00:07
TR00005,12622,Tamil Nadu Express,New Delhi,Chennai Central,Bhopal Jn,Nagpur,192.92,41.84,22.61,0.032,24.0,18,6,12.66,0.172,19.57,165.36,37.12,0,1,380.13,2026-01-04 00:20
TR00006,12295,Sanghamitra Express,Bengaluru,Patna Jn,Gaya Jn,Patna Jn,253.92,93.77,20.34,0.032,25.7,5,0,7.15,0.316,10.55,217.65,90.43,0,0,185.42,2026-08-09 08:05
TR00001,12123,Mumbai - Pune Express,Mumbai CST,Pune Jn,Lonavala,Pune Jn,345.0,63.89,19.71,0.056,23.8,0,6,30.72,0.154,2.53,295.72,60.51,0,0,344.34,2026-05-16 05:44
TR00002,11010,Deccan Express,Mumbai CST,Pune Jn,Dadar,Kalyan,56.22,74.25,24.28,0.283,18.8,13,2,5.79,0.552,3.8,48.19,72.25,0,0,71.19,2026-08-02 14:11
TR00003,12010,Shatabdi Express,Mumbai Central,Ahmedabad Jn,Borivali,Vapi,151.42,70.2,18.26,0.017,27.7,4,5,13.04,0.26,16.02,129.79,76.1,0,1,177.78,2026-02-26 06:57
TR00004,12951,Mumbai Rajdhani,Mumbai Central,New Delhi,Vadodara,Kota Jn,214.64,20.0,37.79,0.174,35.3,14,5,2.82,0.691,6.23,183.98,20.0,0,1,1092.74,2026-06-15 08:12
TR00005,12622,Tamil Nadu Express,New Delhi,Chennai Central,Nagpur,Vijayawada,273.16,61.64,19.39,0.153,24.2,0,2,20.03,0.126,0.45,234.13,72.51,0,0,289.22,2026-08-19 04:49
TR00006,12295,Sanghamitra Express,Bengaluru,Patna Jn,Vijayawada,Gaya Jn,131.16,101.76,8.6,0.066,24.4,23,2,9.74,0.389,5.66,112.42,102.37,0,0,81.98,2026-01-23 00:21
TR00001,12123,Mumbai - Pune Express,Mumbai CST,Pune Jn,Mumbai CST,Dadar,198.45,71.41,14.06,0.205,27.7,23,0,21.38,0.161,10.57,170.1,58.02,0,0,192.88,2026-07-05 02:12
TR00002,11010,Deccan Express,Mumbai CST,Pune Jn,Dadar,Kalyan,211.14,72.23,9.45,0.021,25.0,7,3,8.96,0.165,5.48,180.98,58.3,0,0,188.13,2026-01-27 10:08
TR00003,12010,Shatabdi Express,Mumbai Central,Ahmedabad Jn,Mumbai Central,Borivali,202.56,115.99,15.79,0.08,34.2,16,3,36.39,0.116,7.53,173.62,101.49,0,0,117.64,2026-04-04 17:57
TR00004,12951,Mumbai Rajdhani,Mumbai Central,New Delhi,Vadodara,Kota Jn,331.79,130.0,23.09,0.229,18.3,5,2,14.36,0.167,4.54,284.4,130.0,0,0,181.69,2026-05-24 08:01
TR00005,12622,Tamil Nadu Express,New Delhi,Chennai Central,Bhopal Jn,Nagpur,327.94,100.08,32.63,0.333,25.5,5,6,23.35,0.426,7.45,281.09,92.03,0,0,246.13,2026-03-19 09:06
TR00006,12295,Sanghamitra Express,Bengaluru,Patna Jn,Gaya Jn,Patna Jn,209.26,58.94,28.57,0.21,29.8,8,1,12.91,0.237,25.91,179.37,59.3,0,1,313.6,2026-02-19 13:13
TR00001,12123,Mumbai - Pune Express,Mumbai CST,Pune Jn,Lonavala,Pune Jn,146.28,106.7,9.64,0.101,27.9,18,6,7.44,0.122,1.23,125.39,107.55,0,0,86.65,2026-04-07 19:26
TR00002,11010,Deccan Express,Mumbai CST,Pune Jn,Mumbai CST,Dadar,441.81,64.46,19.08,0.239,10.4,14,3,8.39,0.267,13.96,378.7,48.56,0,0,465.66,2026-08-09 21:45
TR00003,12010,Shatabdi Express,Mumbai Central,Ahmedabad Jn,Borivali,Vapi,187.56,59.93,33.64,0.131,27.4,1,2,4.52,0.523,17.2,160.76,55.37,0,1,312.95,2026-03-21 06:12
TR00004,12951,Mumbai Rajdhani,Mumbai Central,New Delhi,Surat,Vadodara,171.07,69.13,29.54,0.229,27.5,9,1,30.74,0.307,0.88,146.64,66.01,0,0,181.19,2026-06-11 12:01
TR00005,12622,Tamil Nadu Express,New Delhi,Chennai Central,Vijayawada,Chennai Central,114.21,119.65,24.44,0.009,35.6,19,3,39.31,0.417,7.17,97.9,124.18,0,0,70.09,2026-04-29 20:10
TR00006,12295,Sanghamitra Express,Bengaluru,Patna Jn,Guntakal Jn,Vijayawada,270.03,91.33,36.47,0.065,31.2,4,2,23.7,0.552,18.76,231.45,87.6,0,0,231.01,2026-07-24 07:51
TR00001,12123,Mumbai - Pune Express,Mumbai CST,Pune Jn,Karjat,Lonavala,124.45,89.0,6.77,0.156,11.0,0,3,19.27,0.266,15.98,106.67,73.34,0,0,94.64,2026-06-10 01:34
TR00002,11010,Deccan Express,Mumbai CST,Pune Jn,Dadar,Kalyan,348.23,80.42,6.48,0.017,32.6,19,6,8.18,0.324,3.5,298.48,79.48,0,0,294.07,2026-08-14 23:54
TR00003,12010,Shatabdi Express,Mumbai Central,Ahmedabad Jn,Vapi,Surat,165.93,99.28,15.27,0.025,29.0,6,5,18.04,0.302,5.9,142.22,87.52,0,0,114.41,2026-05-10 07:54
TR00004,12951,Mumbai Rajdhani,Mumbai Central,New Delhi,Kota Jn,New Delhi,57.55,86.22,12.55,0.151,21.8,21,6,11.15,0.094,4.25,49.33,82.58,0,1,55.16,2026-08-13 21:55
TR00005,12622,Tamil Nadu Express,New Delhi,Chennai Central,New Delhi,Bhopal Jn,207.56,48.76,23.91,0.313,36.5,6,4,17.48,0.464,35.25,177.91,51.62,0,1,417.05,2026-06-23 12:57
TR00006,12295,Sanghamitra Express,Bengaluru,Patna Jn,Vijayawada,Gaya Jn,147.38,58.8,10.32,0.142,21.2,1,0,12.99,0.136,16.44,126.33,53.48,0,0,163.54,2026-07-14 03:43
TR00001,12123,Mumbai - Pune Express,Mumbai CST,Pune Jn,Dadar,Kalyan,335.79,58.69,31.01,0.274,28.6,6,0,20.9,0.683,1.94,287.82,61.04,0,0,450.72,2026-05-24 13:30
TR00002,11010,Deccan Express,Mumbai CST,Pune Jn,Lonavala,Pune Jn,203.38,84.0,3.02,0.087,27.7,10,5,2.43,0.111,9.36,174.33,83.66,0,1,196.71,2026-07-29 13:16
TR00003,12010,Shatabdi Express,Mumbai Central,Ahmedabad Jn,Borivali,Vapi,269.7,63.31,27.05,0.416,21.4,18,4,10.28,0.08,27.38,231.17,66.02,0,0,293.22,2026-02-27 22:53
TR00004,12951,Mumbai Rajdhani,Mumbai Central,New Delhi,Surat,Vadodara,92.78,81.95,16.15,0.284,30.7,17,1,14.2,0.161,11.65,79.52,74.23,0,0,86.9,2026-05-22 18:26
TR00005,12622,Tamil Nadu Express,New Delhi,Chennai Central,Nagpur,Vijayawada,72.44,66.53,32.14,0.364,26.4,22,2,21.89,0.628,14.31,62.09,55.34,0,0,96.25,2026-06-11 23:36
TR00006,12295,Sanghamitra Express,Bengaluru,Patna Jn,Gaya Jn,Patna Jn,152.55,85.54,21.87,0.167,43.9,20,4,20.07,0.254,21.72,130.76,82.65,0,0,132.02,2026-06-05 22:12
TR00001,12123,Mumbai - Pune Express,Mumbai CST,Pune Jn,Mumbai CST,Dadar,469.37,75.87,18.78,0.14,31.1,15,0,7.86,0.328,15.17,402.32,64.92,0,0,426.43,2026-06-15 22:06
TR00002,11010,Deccan Express,Mumbai CST,Pune Jn,Mumbai CST,Dadar,129.92,28.73,16.39,0.156,40.0,12,4,13.69,0.348,24.56,111.36,32.43,0,0,317.63,2026-03-14 17:17
TR00003,12010,Shatabdi Express,Mumbai Central,Ahmedabad Jn,Vapi,Surat,132.12,82.5,42.51,0.171,32.4,23,1,13.92,0.202,13.07,113.24,85.13,1,0,139.87,2026-06-09 01:19
TR00004,12951,Mumbai Rajdhani,Mumbai Central,New Delhi,Mumbai Central,Surat,210.52,100.52,13.29,0.009,31.6,4,0,22.39,0.033,6.2,180.44,93.75,0,0,135.36,2026-05-31 06:15
TR00005,12622,Tamil Nadu Express,New Delhi,Chennai Central,Bhopal Jn,Nagpur,301.31,52.56,15.9,0.407,20.2,15,6,6.57,0.433,5.62,258.27,49.89,0,0,417.49,2026-05-02 21:57
TR00006,12295,Sanghamitra Express,Bengaluru,Patna Jn,Vijayawada,Gaya Jn,271.73,85.83,22.72,0.017,28.1,23,0,24.54,0.048,0.84,232.91,83.56,0,0,203.25,2026-03-18 02:23
TR00001,12123,Mumbai - Pune Express,Mumbai CST,Pune Jn,Lonavala,Pune Jn,206.46,87.16,16.14,0.017,46.3,3,6,18.57,0.383,13.3,176.97,98.33,0,0,158.39,2026-01-30 05:38
TR00002,11010,Deccan Express,Mumbai CST,Pune Jn,Mumbai CST,Dadar,490.3,107.11,2.74,0.155,31.1,13,5,7.92,0.134,2.87,420.26,95.39,0,0,294.06,2026-07-05 17:54
TR00003,12010,Shatabdi Express,Mumbai Central,Ahmedabad Jn,Vadodara,Ahmedabad Jn,166.77,88.51,12.09,0.41,38.1,10,5,5.42,0.304,9.74,142.95,79.64,0,0,144.7,2026-04-08 12:24
TR00004,12951,Mumbai Rajdhani,Mumbai Central,New Delhi,Kota Jn,New Delhi,349.7,79.62,9.73,0.152,26.2,14,2,4.37,0.084,10.95,299.75,62.36,0,0,287.72,2026-07-02 18:47
TR00005,12622,Tamil Nadu Express,New Delhi,Chennai Central,New Delhi,Bhopal Jn,221.8,87.7,27.64,0.252,31.8,13,3,13.02,0.422,12.03,190.11,94.15,0,0,195.33,2026-01-19 16:15
TR00006,12295,Sanghamitra Express,Bengaluru,Patna Jn,Bengaluru,Guntakal Jn,86.74,88.78,13.67,0.184,27.7,2,2,10.6,0.262,18.38,74.35,83.66,0,0,76.66,2026-04-14 03:16
TR00001,12123,Mumbai - Pune Express,Mumbai CST,Pune Jn,Karjat,Lonavala,367.87,69.39,18.01,0.123,35.1,22,4,18.16,0.059,6.91,315.32,76.52,0,0,336.36,2026-03-11 03:36
TR00002,11010,Deccan Express,Mumbai CST,Pune Jn,Dadar,Kalyan,317.2,88.51,8.97,0.151,31.6,5,2,12.2,0.399,3.23,271.89,89.15,0,0,249.89,2026-01-13 09:09
TR00003,12010,Shatabdi Express,Mumbai Central,Ahmedabad Jn,Borivali,Vapi,617.88,98.07,12.75,0.101,24.5,0,5,15.08,0.404,5.8,529.61,94.19,0,0,432.26,2026-02-04 07:12
TR00004,12951,Mumbai Rajdhani,Mumbai Central,New Delhi,Kota Jn,New Delhi,379.52,74.93,22.29,0.328,34.0,21,5,10.8,0.396,11.87,325.31,77.6,0,0,362.99,2026-06-20 03:02
TR00005,12622,Tamil Nadu Express,New Delhi,Chennai Central,Vijayawada,Chennai Central,368.46,92.51,21.4,0.243,14.7,4,3,14.6,0.21,7.61,315.82,89.86,0,0,271.78,2026-01-22 08:31
TR00006,12295,Sanghamitra Express,Bengaluru,Patna Jn,Bengaluru,Guntakal Jn,172.49,46.53,29.19,0.172,30.1,2,4,6.79,0.563,19.01,147.85,57.76,0,0,284.58,2026-03-09 06:44
TR00001,12123,Mumbai - Pune Express,Mumbai CST,Pune Jn,Dadar,Kalyan,251.72,22.83,19.22,0.212,30.4,1,6,10.0,0.455,0.14,215.76,20.45,0,0,786.71,2026-05-27 14:06
TR00002,11010,Deccan Express,Mumbai CST,Pune Jn,Dadar,Kalyan,225.01,76.22,20.4,0.186,30.0,21,0,36.33,0.048,2.92,192.87,79.86,0,0,190.17,2026-07-11 00:10
TR00003,12010,Shatabdi Express,Mumbai Central,Ahmedabad Jn,Vapi,Surat,275.12,68.51,14.52,0.133,32.5,1,2,21.6,0.291,2.58,235.82,65.58,0,0,277.65,2026-04-26 05:37
TR00004,12951,Mumbai Rajdhani,Mumbai Central,New Delhi,Kota Jn,New Delhi,400.03,54.74,25.23,0.33,28.7,10,3,6.87,0.268,10.2,342.88,66.89,0,1,660.02,2026-08-13 21:00
TR00005,12622,Tamil Nadu Express,New Delhi,Chennai Central,Vijayawada,Chennai Central,192.14,81.45,14.24,0.014,21.5,6,4,31.26,0.29,4.28,164.69,81.61,0,0,156.93,2026-08-20 08:36
TR00006,12295,Sanghamitra Express,Bengaluru,Patna Jn,Guntakal Jn,Vijayawada,189.5,74.78,5.78,0.011,18.0,19,0,9.21,0.036,6.48,162.43,78.33,0,1,195.29,2026-05-03 22:15
TR00001,12123,Mumbai - Pune Express,Mumbai CST,Pune Jn,Mumbai CST,Dadar,179.37,58.58,6.61,0.022,21.2,6,2,4.73,0.13,3.6,153.75,83.37,0,0,202.36,2026-05-04 09:22
TR00002,11010,Deccan Express,Mumbai CST,Pune Jn,Dadar,Kalyan,80.51,46.52,20.77,0.159,36.0,14,4,12.65,0.393,1.21,69.01,52.69,0,0,131.08,2026-03-11 16:11
TR00003,12010,Shatabdi Express,Mumbai Central,Ahmedabad Jn,Vadodara,Ahmedabad Jn,141.45,113.53,18.81,0.1,30.3,3,5,6.78,0.235,3.64,121.25,98.36,0,0,83.14,2026-07-31 04:23
TR00004,12951,Mumbai Rajdhani,Mumbai Central,New Delhi,Surat,Vadodara,116.6,123.93,23.32,0.265,31.1,21,6,28.74,0.189,30.16,99.95,123.87,0,0,76.16,2026-05-31 22:16
TR00005,12622,Tamil Nadu Express,New Delhi,Chennai Central,Nagpur,Vijayawada,527.38,72.35,0.0,0.095,28.2,15,1,9.82,0.348,4.99,452.04,68.97,0,0,486.52,2026-02-24 23:06
TR00006,12295,Sanghamitra Express,Bengaluru,Patna Jn,Vijayawada,Gaya Jn,243.23,56.02,20.93,0.093,17.1,3,1,17.17,0.23,0.15,208.48,50.88,0,1,363.82,2026-01-06 09:03
TR00001,12123,Mumbai - Pune Express,Mumbai CST,Pune Jn,Kalyan,Karjat,219.99,63.87,37.61,0.177,26.5,19,1,21.74,0.073,1.25,188.57,58.86,1,1,306.31,2026-05-22 00:06
TR00002,11010,Deccan Express,Mumbai CST,Pune Jn,Dadar,Kalyan,345.81,76.22,18.67,0.23,34.8,3,5,7.08,0.288,11.73,296.41,82.02,0,0,322.3,2026-04-25 08:22
TR00003,12010,Shatabdi Express,Mumbai Central,Ahmedabad Jn,Surat,Vadodara,123.91,108.56,31.29,0.127,18.7,17,5,19.56,0.275,2.08,106.2,110.41,0,0,88.0,2026-07-17 18:28
TR00004,12951,Mumbai Rajdhani,Mumbai Central,New Delhi,Kota Jn,New Delhi,115.59,104.91,19.57,0.214,22.6,19,2,12.81,0.303,12.95,99.08,92.44,0,0,88.0,2026-01-11 20:28
TR00005,12622,Tamil Nadu Express,New Delhi,Chennai Central,New Delhi,Bhopal Jn,284.16,96.17,24.21,0.221,30.0,6,1,13.69,0.313,19.64,243.57,92.47,0,0,210.81,2026-05-22 09:30
TR00006,12295,Sanghamitra Express,Bengaluru,Patna Jn,Gaya Jn,Patna Jn,375.9,100.23,16.89,0.049,24.2,10,2,9.36,0.437,6.57,322.2,101.59,0,0,261.28,2026-03-10 14:21
TR00001,12123,Mumbai - Pune Express,Mumbai CST,Pune Jn,Mumbai CST,Dadar,265.17,83.15,28.07,0.439,28.7,13,1,9.78,0.552,2.6,227.29,78.74,0,0,256.77,2026-02-16 17:16
TR00002,11010,Deccan Express,Mumbai CST,Pune Jn,Lonavala,Pune Jn,236.16,87.38,8.08,0.128,19.8,21,6,4.98,0.354,2.41,202.43,85.72,0,0,190.63,2026-05-07 00:10
TR00003,12010,Shatabdi Express,Mumbai Central,Ahmedabad Jn,Surat,Vadodara,163.19,42.72,17.07,0.352,32.3,12,5,11.0,0.049,0.89,139.87,27.92,0,0,254.7,2026-02-01 16:14
TR00004,12951,Mumbai Rajdhani,Mumbai Central,New Delhi,Vadodara,Kota Jn,202.39,108.65,19.85,0.535,19.7,1,5,21.71,0.126,7.66,173.48,115.38,0,0,133.12,2026-07-10 03:13
TR00005,12622,Tamil Nadu Express,New Delhi,Chennai Central,Nagpur,Vijayawada,158.55,50.13,20.12,0.31,37.2,17,1,10.08,0.089,1.54,135.9,48.91,0,0,207.81,2026-08-19 20:27
TR00006,12295,Sanghamitra Express,Bengaluru,Patna Jn,Guntakal Jn,Vijayawada,105.27,95.46,19.26,0.125,26.7,3,4,47.15,0.138,6.9,90.23,95.31,0,0,76.53,2026-08-13 04:16
TR00001,12123,Mumbai - Pune Express,Mumbai CST,Pune Jn,Kalyan,Karjat,420.56,89.27,29.7,0.283,22.6,23,5,25.68,0.275,13.64,360.48,92.15,0,0,329.48,2026-04-17 04:29
TR00002,11010,Deccan Express,Mumbai CST,Pune Jn,Dadar,Kalyan,111.83,72.53,32.76,0.251,20.0,7,3,10.91,0.441,2.06,95.85,64.98,0,0,130.97,2026-03-29 09:10
TR00003,12010,Shatabdi Express,Mumbai Central,Ahmedabad Jn,Surat,Vadodara,102.25,48.53,26.88,0.034,34.9,1,5,11.15,0.661,22.79,87.64,38.98,0,0,167.83,2026-01-31 03:47
TR00004,12951,Mumbai Rajdhani,Mumbai Central,New Delhi,Mumbai Central,Surat,220.14,65.86,27.48,0.127,36.0,20,0,16.77,0.356,9.29,188.69,62.58,0,1,307.26,2026-07-08 01:07
TR00005,12622,Tamil Nadu Express,New Delhi,Chennai Central,Bhopal Jn,Nagpur,230.19,68.22,21.49,0.287,27.8,19,2,8.08,0.366,0.81,197.31,82.59,0,0,240.25,2026-03-18 23:00
TR00006,12295,Sanghamitra Express,Bengaluru,Patna Jn,Vijayawada,Gaya Jn,183.02,74.64,17.88,0.179,24.8,23,5,4.93,0.098,11.2,156.88,85.19,0,0,165.74,2026-04-20 01:45
TR00001,12123,Mumbai - Pune Express,Mumbai CST,Pune Jn,Lonavala,Pune Jn,285.51,100.72,20.66,0.166,28.4,9,2,8.68,0.506,6.66,244.72,100.68,0,0,213.34,2026-01-18 12:33
TR00002,11010,Deccan Express,Mumbai CST,Pune Jn,Lonavala,Pune Jn,187.41,25.46,29.61,0.143,24.1,5,0,4.68,0.648,14.63,160.63,38.24,0,0,554.97,2026-05-15 14:14
TR00003,12010,Shatabdi Express,Mumbai Central,Ahmedabad Jn,Vapi,Surat,217.41,66.79,43.29,0.105,23.0,6,1,13.39,0.483,21.1,186.35,69.3,1,0,260.41,2026-08-22 10:20
TR00004,12951,Mumbai Rajdhani,Mumbai Central,New Delhi,Vadodara,Kota Jn,469.54,91.32,13.06,0.133,29.2,10,1,16.95,0.205,7.01,402.46,88.42,0,0,340.66,2026-06-13 15:40
TR00005,12622,Tamil Nadu Express,New Delhi,Chennai Central,Vijayawada,Chennai Central,160.28,102.29,27.04,0.496,21.4,17,6,16.94,0.393,3.31,137.38,100.35,0,0,123.07,2026-05-12 19:03
TR00006,12295,Sanghamitra Express,Bengaluru,Patna Jn,Guntakal Jn,Vijayawada,422.36,83.69,20.73,0.143,28.4,6,3,38.78,0.197,12.86,362.03,79.89,0,0,342.92,2026-05-29 11:42
TR00001,12123,Mumbai - Pune Express,Mumbai CST,Pune Jn,Lonavala,Pune Jn,378.98,62.98,6.69,0.054,27.5,20,3,6.39,0.262,6.77,324.84,63.63,0,0,389.42,2026-04-24 02:29
TR00002,11010,Deccan Express,Mumbai CST,Pune Jn,Mumbai CST,Dadar,225.09,100.63,40.5,0.251,26.0,21,0,16.47,0.438,12.06,192.93,110.55,0,1,229.62,2026-03-31 00:49
TR00003,12010,Shatabdi Express,Mumbai Central,Ahmedabad Jn,Vadodara,Ahmedabad Jn,327.56,49.84,15.44,0.143,37.2,8,0,10.88,0.379,9.02,280.76,50.23,0,0,449.96,2026-04-02 15:29
TR00004,12951,Mumbai Rajdhani,Mumbai Central,New Delhi,Surat,Vadodara,161.75,56.27,15.38,0.264,38.9,15,4,3.86,0.256,4.31,138.65,50.39,0,0,202.67,2026-03-27 18:22
TR00005,12622,Tamil Nadu Express,New Delhi,Chennai Central,Nagpur,Vijayawada,166.05,22.38,0.0,0.037,23.7,14,5,16.64,0.32,9.69,142.33,20.0,0,0,488.31,2026-06-18 22:08
TR00006,12295,Sanghamitra Express,Bengaluru,Patna Jn,Bengaluru,Guntakal Jn,454.04,81.8,24.36,0.227,36.1,0,2,15.34,0.241,10.77,389.18,79.69,0,0,383.23,2026-06-18 06:23
TR00001,12123,Mumbai - Pune Express,Mumbai CST,Pune Jn,Mumbai CST,Dadar,349.63,49.19,19.55,0.399,31.4,10,1,2.56,0.19,3.33,299.68,49.55,0,0,487.99,2026-03-31 18:07
TR00002,11010,Deccan Express,Mumbai CST,Pune Jn,Kalyan,Lonavala,198.22,96.63,12.69,0.289,26.9,16,0,14.57,0.458,5.88,169.9,92.37,0,0,150.52,2026-02-09 18:30
TR00003,12010,Shatabdi Express,Mumbai Central,Ahmedabad Jn,Surat,Vadodara,213.0,112.67,20.58,0.101,30.6,13,2,24.83,0.267,7.3,182.57,112.5,0,0,132.22,2026-02-23 15:12
TR00004,12951,Mumbai Rajdhani,Mumbai Central,New Delhi,Mumbai Central,Surat,191.85,94.21,23.03,0.165,31.7,3,0,25.31,0.449,1.75,164.44,89.96,0,1,194.93,2026-05-13 06:14
TR00005,12622,Tamil Nadu Express,New Delhi,Chennai Central,Nagpur,Vijayawada,173.85,103.08,7.69,0.433,21.5,19,5,0.74,0.267,0.8,149.01,90.2,0,1,156.45,2026-04-30 21:36
TR00006,12295,Sanghamitra Express,Bengaluru,Patna Jn,Vijayawada,Gaya Jn,302.51,76.88,22.52,0.221,25.2,11,3,16.19,0.277,6.72,259.29,83.41,0,0,268.85,2026-01-22 15:28
TR00001,12123,Mumbai - Pune Express,Mumbai CST,Pune Jn,Lonavala,Pune Jn,143.87,48.5,27.22,0.136,23.8,12,5,8.45,0.486,6.14,123.32,50.31,0,0,223.2,2026-08-24 15:43
TR00002,11010,Deccan Express,Mumbai CST,Pune Jn,Kalyan,Lonavala,135.45,74.97,6.32,0.274,19.7,17,2,19.03,0.125,1.81,116.1,65.08,0,0,122.51,2026-04-04 19:02
TR00003,12010,Shatabdi Express,Mumbai Central,Ahmedabad Jn,Mumbai Central,Borivali,279.62,114.62,22.92,0.065,26.6,16,5,7.42,0.418,5.26,239.68,101.94,0,0,175.93,2026-07-12 18:55
TR00004,12951,Mumbai Rajdhani,Mumbai Central,New Delhi,Kota Jn,New Delhi,609.2,82.42,28.84,0.138,26.4,1,6,20.04,0.61,3.98,522.17,72.42,0,0,552.12,2026-01-26 10:12
TR00005,12622,Tamil Nadu Express,New Delhi,Chennai Central,Vijayawada,Chennai Central,409.63,79.26,15.14,0.321,20.7,6,1,7.98,0.228,9.65,351.11,71.61,0,0,355.36,2026-06-24 11:55
TR00006,12295,Sanghamitra Express,Bengaluru,Patna Jn,Guntakal Jn,Vijayawada,164.31,106.82,18.17,0.307,31.7,15,0,8.7,0.125,6.61,140.84,117.33,0,0,105.73,2026-02-03 16:45
TR00001,12123,Mumbai - Pune Express,Mumbai CST,Pune Jn,Lonavala,Pune Jn,178.12,84.03,0.07,0.28,23.6,18,3,10.63,0.263,16.21,152.67,88.6,0,0,139.28,2026-02-14 20:19
TR00002,11010,Deccan Express,Mumbai CST,Pune Jn,Dadar,Kalyan,253.73,109.07,16.75,0.22,25.5,7,3,18.27,0.333,10.63,217.48,117.39,0,0,162.99,2026-06-08 09:42
TR00003,12010,Shatabdi Express,Mumbai Central,Ahmedabad Jn,Surat,Vadodara,317.83,58.47,28.47,0.136,20.7,9,6,29.2,0.315,9.25,272.42,59.47,0,0,375.84,2026-07-26 15:15
TR00004,12951,Mumbai Rajdhani,Mumbai Central,New Delhi,Surat,Vadodara,325.24,78.3,19.8,0.054,29.9,20,5,42.49,0.146,3.22,278.78,76.97,0,0,271.64,2026-01-02 00:31
TR00005,12622,Tamil Nadu Express,New Delhi,Chennai Central,New Delhi,Bhopal Jn,430.05,96.27,13.94,0.075,32.0,18,1,9.71,0.079,30.87,368.62,85.7,0,0,280.95,2026-08-10 22:40
TR00006,12295,Sanghamitra Express,Bengaluru,Patna Jn,Bengaluru,Guntakal Jn,28.22,71.13,18.66,0.248,29.5,10,2,16.96,0.208,5.07,24.19,77.26,0,0,38.65,2026-07-22 10:38
TR00001,12123,Mumbai - Pune Express,Mumbai CST,Pune Jn,Kalyan,Karjat,279.91,64.44,18.78,0.099,33.9,22,3,25.09,0.198,8.65,239.92,70.84,0,0,288.22,2026-07-24 02:48
TR00002,11010,Deccan Express,Mumbai CST,Pune Jn,Dadar,Kalyan,369.24,55.47,17.81,0.061,18.1,7,6,16.01,0.3,6.06,316.49,60.46,0,0,444.9,2026-03-03 14:24
TR00003,12010,Shatabdi Express,Mumbai Central,Ahmedabad Jn,Borivali,Vapi,220.06,50.57,20.48,0.1,32.3,6,0,6.93,0.398,17.61,188.62,51.67,0,0,300.92,2026-02-05 11:00
TR00004,12951,Mumbai Rajdhani,Mumbai Central,New Delhi,Surat,Vadodara,84.42,56.79,12.59,0.193,20.7,2,4,0.89,0.275,1.51,72.36,59.87,0,0,101.36,2026-03-13 03:41
TR00005,12622,Tamil Nadu Express,New Delhi,Chennai Central,Nagpur,Vijayawada,250.55,67.39,23.27,0.047,23.2,0,5,16.43,0.431,13.0,214.76,74.87,0,0,267.64,2026-05-13 04:27
TR00006,12295,Sanghamitra Express,Bengaluru,Patna Jn,Gaya Jn,Patna Jn,192.05,72.45,21.46,0.121,23.7,8,6,8.74,0.348,9.72,164.61,69.63,0,0,190.09,2026-04-07 11:10
TR00001,12123,Mumbai - Pune Express,Mumbai CST,Pune Jn,Kalyan,Karjat,268.37,119.29,20.04,0.164,33.5,14,0,8.68,0.528,4.15,230.03,111.86,0,0,165.76,2026-07-06 16:45
TR00002,11010,Deccan Express,Mumbai CST,Pune Jn,Lonavala,Pune Jn,340.4,54.47,40.61,0.099,21.1,12,4,15.59,0.339,15.86,291.77,60.54,1,0,448.73,2026-04-17 19:28
TR00003,12010,Shatabdi Express,Mumbai Central,Ahmedabad Jn,Vadodara,Ahmedabad Jn,191.93,59.92,3.01,0.053,22.7,3,0,0.97,0.296,7.3,164.51,59.57,0,0,219.04,2026-07-10 06:39
TR00004,12951,Mumbai Rajdhani,Mumbai Central,New Delhi,Mumbai Central,Surat,249.55,68.94,17.14,0.195,20.6,11,2,18.11,0.198,5.37,213.9,69.2,0,0,243.89,2026-06-22 15:03
TR00005,12622,Tamil Nadu Express,New Delhi,Chennai Central,Bhopal Jn,Nagpur,352.93,93.27,37.18,0.13,36.0,21,6,57.47,0.357,5.4,302.51,101.38,0,0,269.8,2026-07-03 01:29
TR00006,12295,Sanghamitra Express,Bengaluru,Patna Jn,Vijayawada,Gaya Jn,326.27,113.99,25.9,0.143,38.1,6,6,10.84,0.306,0.8,279.66,123.28,0,1,258.19,2026-01-18 10:18
TR00001,12123,Mumbai - Pune Express,Mumbai CST,Pune Jn,Dadar,Kalyan,127.28,103.89,32.0,0.147,20.3,8,4,38.35,0.356,2.21,109.1,103.15,0,0,101.29,2026-02-12 09:41
TR00002,11010,Deccan Express,Mumbai CST,Pune Jn,Lonavala,Pune Jn,240.05,65.07,14.74,0.454,30.0,5,1,6.42,0.213,17.49,205.75,78.08,0,0,258.43,2026-02-21 09:18
TR00003,12010,Shatabdi Express,Mumbai Central,Ahmedabad Jn,Borivali,Vapi,388.51,88.09,45.43,0.237,31.2,10,1,34.37,0.638,5.68,333.01,92.28,0,0,350.76,2026-06-28 15:50
TR00004,12951,Mumbai Rajdhani,Mumbai Central,New Delhi,Surat,Vadodara,65.32,48.91,27.18,0.289,25.2,11,6,37.63,0.286,20.86,55.99,44.24,0,0,109.91,2026-04-17 12:49
TR00005,12622,Tamil Nadu Express,New Delhi,Chennai Central,New Delhi,Bhopal Jn,315.0,69.39,0.72,0.04,28.6,9,1,21.97,0.097,12.62,270.0,72.66,0,0,282.53,2026-03-05 13:42
TR00006,12295,Sanghamitra Express,Bengaluru,Patna Jn,Bengaluru,Guntakal Jn,257.91,104.15,18.29,0.392,25.4,17,5,4.98,0.244,3.82,221.07,104.4,0,0,178.98,2026-05-03 19:58
TR00001,12123,Mumbai - Pune Express,Mumbai CST,Pune Jn,Mumbai CST,Dadar,308.27,67.11,19.36,0.386,19.0,18,5,9.07,0.13,0.74,264.24,68.59,0,0,314.24,2026-08-07 23:14
TR00002,11010,Deccan Express,Mumbai CST,Pune Jn,Dadar,Kalyan,204.66,72.0,15.5,0.306,18.0,13,0,3.67,0.353,1.36,175.42,76.96,0,0,202.41,2026-07-06 16:22
TR00003,12010,Shatabdi Express,Mumbai Central,Ahmedabad Jn,Vadodara,Ahmedabad Jn,49.63,73.26,48.65,0.478,23.7,3,6,31.25,0.336,5.96,42.54,60.46,1,0,88.5,2026-08-03 04:28
TR00004,12951,Mumbai Rajdhani,Mumbai Central,New Delhi,Vadodara,Kota Jn,152.95,52.17,8.46,0.047,37.0,0,6,17.49,0.071,11.51,131.1,50.91,0,0,188.1,2026-06-10 03:08
TR00005,12622,Tamil Nadu Express,New Delhi,Chennai Central,Nagpur,Vijayawada,312.77,72.63,19.49,0.154,29.0,4,5,20.17,0.386,10.85,268.09,65.11,0,0,295.75,2026-05-05 08:55
TR00006,12295,Sanghamitra Express,Bengaluru,Patna Jn,Gaya Jn,Patna Jn,244.62,48.45,9.84,0.185,32.9,13,3,2.56,0.182,3.62,209.68,35.93,0,0,330.93,2026-02-23 18:30
TR00001,12123,Mumbai - Pune Express,Mumbai CST,Pune Jn,Kalyan,Karjat,154.94,83.51,7.06,0.156,37.1,20,0,6.29,0.138,1.32,132.81,79.26,0,0,114.44,2026-05-16 21:54
TR00002,11010,Deccan Express,Mumbai CST,Pune Jn,Dadar,Kalyan,182.79,61.41,24.83,0.127,32.5,13,2,10.42,0.398,5.34,156.68,47.98,0,0,214.5,2026-04-10 16:34
TR00003,12010,Shatabdi Express,Mumbai Central,Ahmedabad Jn,Surat,Vadodara,115.92,56.01,20.61,0.122,22.1,7,6,4.48,0.129,1.73,99.36,64.48,1,0,156.74,2026-08-11 09:36
TR00004,12951,Mumbai Rajdhani,Mumbai Central,New Delhi,Vadodara,Kota Jn,171.42,93.7,8.58,0.079,22.3,7,6,1.21,0.169,15.07,146.93,103.44,0,0,122.51,2026-05-17 09:02
TR00005,12622,Tamil Nadu Express,New Delhi,Chennai Central,Bhopal Jn,Nagpur,150.12,98.72,14.52,0.298,24.5,13,4,33.07,0.15,12.92,128.68,98.02,0,0,109.94,2026-03-13 14:49
TR00006,12295,Sanghamitra Express,Bengaluru,Patna Jn,Guntakal Jn,Vijayawada,336.28,42.23,14.0,0.087,24.4,22,6,27.66,0.183,1.53,288.24,50.92,0,0,513.15,2026-05-22 06:33
TR00001,12123,Mumbai - Pune Express,Mumbai CST,Pune Jn,Karjat,Lonavala,127.57,85.84,28.75,0.269,22.4,10,3,25.27,0.436,13.22,109.34,92.26,0,0,120.38,2026-06-19 12:00
TR00002,11010,Deccan Express,Mumbai CST,Pune Jn,Kalyan,Lonavala,330.19,84.22,33.99,0.629,31.1,22,4,10.61,0.062,1.67,283.02,86.4,0,1,357.72,2026-01-29 03:57
TR00003,12010,Shatabdi Express,Mumbai Central,Ahmedabad Jn,Vadodara,Ahmedabad Jn,174.46,74.79,18.09,0.066,19.3,2,3,15.57,0.222,13.08,149.54,78.44,0,0,155.87,2026-05-19 04:35
TR00004,12951,Mumbai Rajdhani,Mumbai Central,New Delhi,Surat,Vadodara,414.79,98.14,0.57,0.05,32.6,22,2,1.88,0.212,0.21,355.53,94.61,0,0,265.32,2026-07-13 02:25
TR00005,12622,Tamil Nadu Express,New Delhi,Chennai Central,New Delhi,Bhopal Jn,366.66,79.3,29.74,0.494,28.4,3,0,10.97,0.37,2.89,314.28,84.23,0,0,342.98,2026-08-19 08:42
TR00006,12295,Sanghamitra Express,Bengaluru,Patna Jn,Vijayawada,Gaya Jn,218.51,43.43,28.01,0.143,28.7,7,1,22.13,0.428,4.55,187.29,47.44,0,0,362.64,2026-05-11 13:02
TR00001,12123,Mumbai - Pune Express,Mumbai CST,Pune Jn,Kalyan,Karjat,210.99,123.16,42.66,0.186,28.8,9,6,11.23,0.57,2.4,180.85,124.95,0,0,144.42,2026-08-09 11:24
TR00002,11010,Deccan Express,Mumbai CST,Pune Jn,Mumbai CST,Dadar,36.59,96.01,15.2,0.541,26.4,11,4,11.8,0.268,1.75,31.37,97.19,0,0,32.24,2026-02-14 11:32
TR00003,12010,Shatabdi Express,Mumbai Central,Ahmedabad Jn,Vapi,Surat,278.68,81.85,12.9,0.201,14.7,5,0,19.08,0.267,0.84,238.87,79.94,0,0,234.08,2026-02-08 08:54
TR00004,12951,Mumbai Rajdhani,Mumbai Central,New Delhi,Mumbai Central,Surat,284.76,20.0,14.99,0.263,16.6,20,3,17.01,0.101,5.24,244.08,24.66,0,0,921.61,2026-08-13 11:21
TR00005,12622,Tamil Nadu Express,New Delhi,Chennai Central,Nagpur,Vijayawada,368.35,78.8,37.14,0.427,19.0,12,1,16.42,0.49,4.06,315.73,63.85,1,0,375.0,2026-08-25 18:14
TR00006,12295,Sanghamitra Express,Bengaluru,Patna Jn,Vijayawada,Gaya Jn,235.0,43.94,30.29,0.33,16.4,12,5,20.05,0.322,8.11,201.43,50.67,0,0,382.5,2026-07-12 18:22
TR00001,12123,Mumbai - Pune Express,Mumbai CST,Pune Jn,Dadar,Kalyan,192.25,76.82,19.47,0.435,34.0,21,5,4.69,0.256,9.01,164.79,86.28,0,0,179.89,2026-01-07 23:59
TR00002,11010,Deccan Express,Mumbai CST,Pune Jn,Dadar,Kalyan,151.99,90.89,35.41,0.07,21.2,7,4,15.42,0.019,9.01,130.27,89.24,1,0,128.98,2026-08-12 09:08
TR00003,12010,Shatabdi Express,Mumbai Central,Ahmedabad Jn,Surat,Vadodara,579.59,91.4,17.04,0.033,37.8,10,6,7.57,0.326,8.01,496.79,124.08,0,1,553.55,2026-08-18 19:13
TR00004,12951,Mumbai Rajdhani,Mumbai Central,New Delhi,Mumbai Central,Surat,207.57,66.67,26.23,0.056,25.0,1,2,28.07,0.253,14.93,177.92,59.45,0,0,213.57,2026-06-10 04:33
TR00005,12622,Tamil Nadu Express,New Delhi,Chennai Central,Bhopal Jn,Nagpur,155.36,59.57,6.91,0.122,28.0,3,6,7.39,0.146,1.48,133.16,67.3,0,0,176.42,2026-02-23 05:56
TR00006,12295,Sanghamitra Express,Bengaluru,Patna Jn,Bengaluru,Guntakal Jn,176.05,97.59,14.68,0.037,17.2,1,1,11.38,0.218,4.27,150.9,101.6,0,0,121.22,2026-02-20 03:01
TR00001,12123,Mumbai - Pune Express,Mumbai CST,Pune Jn,Karjat,Lonavala,357.84,68.28,52.08,0.224,27.4,8,1,12.63,0.641,0.81,306.72,75.36,1,0,425.76,2026-06-24 15:05
TR00002,11010,Deccan Express,Mumbai CST,Pune Jn,Lonavala,Pune Jn,150.08,54.61,17.14,0.026,26.0,16,5,6.31,0.325,2.43,128.64,64.33,0,0,184.83,2026-02-09 19:04
TR00003,12010,Shatabdi Express,Mumbai Central,Ahmedabad Jn,Borivali,Vapi,322.01,106.99,17.21,0.005,27.5,20,2,22.43,0.283,6.91,276.01,101.12,0,0,200.04,2026-07-04 23:20
TR00004,12951,Mumbai Rajdhani,Mumbai Central,New Delhi,Mumbai Central,Surat,118.09,101.02,19.91,0.046,22.7,7,1,23.64,0.418,0.9,101.22,114.19,0,0,90.6,2026-02-09 08:30
TR00005,12622,Tamil Nadu Express,New Delhi,Chennai Central,Vijayawada,Chennai Central,336.99,60.81,3.85,0.023,35.4,4,4,1.34,0.29,4.89,288.85,67.05,0,0,358.44,2026-05-09 09:58
TR00006,12295,Sanghamitra Express,Bengaluru,Patna Jn,Guntakal Jn,Vijayawada,206.85,96.21,17.83,0.286,30.9,7,1,7.77,0.117,27.33,177.3,94.52,0,0,149.95,2026-04-06 09:29
TR00001,12123,Mumbai - Pune Express,Mumbai CST,Pune Jn,Kalyan,Karjat,86.48,113.03,8.5,0.14,31.1,10,2,7.37,0.305,3.13,74.13,111.39,0,0,56.54,2026-07-04 10:56
TR00002,11010,Deccan Express,Mumbai CST,Pune Jn,Mumbai CST,Dadar,84.47,84.4,21.61,0.225,14.4,12,3,21.41,0.39,1.25,72.4,87.37,0,0,77.35,2026-04-02 13:17
TR00003,12010,Shatabdi Express,Mumbai Central,Ahmedabad Jn,Mumbai Central,Borivali,165.31,69.08,18.75,0.22,35.0,11,6,15.33,0.128,1.72,141.7,75.61,0,0,158.49,2026-04-07 13:38
TR00004,12951,Mumbai Rajdhani,Mumbai Central,New Delhi,Surat,Vadodara,213.81,75.42,22.81,0.196,40.9,16,2,5.1,0.126,14.53,183.27,59.79,0,0,195.63,2026-04-29 19:15
TR00005,12622,Tamil Nadu Express,New Delhi,Chennai Central,Bhopal Jn,Nagpur,105.91,87.53,8.07,0.077,39.5,0,1,15.58,0.074,13.46,90.78,70.69,0,0,80.68,2026-06-09 01:20
TR00006,12295,Sanghamitra Express,Bengaluru,Patna Jn,Gaya Jn,Patna Jn,310.56,69.4,12.88,0.214,28.4,6,0,13.0,0.466,1.74,266.2,70.11,0,0,320.86,2026-04-05 11:20
TR00001,12123,Mumbai - Pune Express,Mumbai CST,Pune Jn,Lonavala,Pune Jn,154.97,104.95,12.52,0.36,36.3,23,1,7.45,0.367,3.08,132.83,103.55,0,0,113.61,2026-07-08 00:53
TR00002,11010,Deccan Express,Mumbai CST,Pune Jn,Kalyan,Lonavala,200.54,39.47,20.51,0.094,27.7,2,0,5.87,0.783,16.23,171.89,53.9,0,0,399.15,2026-08-24 08:39
TR00003,12010,Shatabdi Express,Mumbai Central,Ahmedabad Jn,Surat,Vadodara,142.69,47.12,19.81,0.102,33.7,5,1,4.64,0.202,1.22,122.31,44.49,0,0,201.79,2026-07-25 08:21
TR00004,12951,Mumbai Rajdhani,Mumbai Central,New Delhi,Mumbai Central,Surat,472.62,95.17,18.72,0.37,30.2,22,3,10.69,0.256,8.94,405.1,85.15,0,0,347.92,2026-06-16 03:47
TR00005,12622,Tamil Nadu Express,New Delhi,Chennai Central,New Delhi,Bhopal Jn,386.98,72.47,14.28,0.196,29.3,18,6,8.33,0.22,20.09,331.7,67.46,0,0,358.99,2026-03-30 23:58
TR00006,12295,Sanghamitra Express,Bengaluru,Patna Jn,Gaya Jn,Patna Jn,283.01,81.5,44.74,0.777,28.8,9,6,4.66,0.349,9.48,242.58,74.75,1,0,297.76,2026-08-13 13:57
TR00001,12123,Mumbai - Pune Express,Mumbai CST,Pune Jn,Kalyan,Karjat,235.25,67.32,26.01,0.479,23.9,2,5,17.81,0.404,10.35,201.64,65.06,0,0,265.9,2026-01-30 06:25
TR00002,11010,Deccan Express,Mumbai CST,Pune Jn,Kalyan,Lonavala,172.53,80.09,16.16,0.089,22.0,5,6,8.98,0.357,11.06,147.89,84.25,0,0,151.55,2026-08-11 07:31
TR00003,12010,Shatabdi Express,Mumbai Central,Ahmedabad Jn,Mumbai Central,Borivali,591.45,44.76,4.88,0.09,29.4,8,2,6.98,0.058,5.65,506.96,39.5,0,0,816.11,2026-02-11 21:36
TR00004,12951,Mumbai Rajdhani,Mumbai Central,New Delhi,Vadodara,Kota Jn,264.61,84.97,9.26,0.08,24.8,3,5,8.39,0.291,10.11,226.81,81.24,0,0,208.74,2026-05-09 06:28
TR00005,12622,Tamil Nadu Express,New Delhi,Chennai Central,Vijayawada,Chennai Central,258.89,62.83,44.79,0.134,31.2,16,6,6.16,0.532,16.87,221.91,62.68,1,0,327.07,2026-01-11 21:27
TR00006,12295,Sanghamitra Express,Bengaluru,Patna Jn,Vijayawada,Gaya Jn,373.48,110.2,4.59,0.151,20.1,2,1,3.36,0.082,1.38,320.13,114.71,0,0,216.35,2026-01-13 05:36
TR00001,12123,Mumbai - Pune Express,Mumbai CST,Pune Jn,Lonavala,Pune Jn,174.36,82.75,57.04,0.05,22.2,5,0,25.33,0.624,6.18,149.45,80.88,1,1,237.79,2026-03-21 08:57
TR00002,11010,Deccan Express,Mumbai CST,Pune Jn,Kalyan,Lonavala,107.55,58.29,17.69,0.224,25.8,23,1,6.25,0.776,3.7,92.19,62.69,0,0,153.89,2026-02-11 01:33
TR00003,12010,Shatabdi Express,Mumbai Central,Ahmedabad Jn,Surat,Vadodara,223.51,64.02,13.58,0.19,31.4,3,6,8.29,0.373,2.75,191.58,57.95,0,0,248.74,2026-01-02 07:08
TR00004,12951,Mumbai Rajdhani,Mumbai Central,New Delhi,Kota Jn,New Delhi,92.81,58.13,5.7,0.108,22.1,10,1,16.33,0.055,2.66,79.55,45.97,0,0,100.79,2026-05-13 11:40
TR00005,12622,Tamil Nadu Express,New Delhi,Chennai Central,Bhopal Jn,Nagpur,137.05,119.94,4.52,0.496,26.8,14,5,3.26,0.158,2.88,117.47,121.48,0,0,76.42,2026-03-12 15:16
TR00006,12295,Sanghamitra Express,Bengaluru,Patna Jn,Bengaluru,Guntakal Jn,589.45,78.66,39.49,0.345,31.0,14,4,62.06,0.393,3.37,505.24,68.57,0,0,546.4,2026-03-25 23:06
TR00001,12123,Mumbai - Pune Express,Mumbai CST,Pune Jn,Kalyan,Karjat,128.6,67.29,17.07,0.102,35.5,11,4,5.89,0.487,9.77,110.23,71.46,0,0,135.54,2026-02-28 13:15
TR00002,11010,Deccan Express,Mumbai CST,Pune Jn,Kalyan,Lonavala,360.06,71.02,8.13,0.097,17.4,4,6,2.04,0.139,3.5,308.62,61.62,0,0,331.54,2026-06-11 09:31
TR00003,12010,Shatabdi Express,Mumbai Central,Ahmedabad Jn,Mumbai Central,Borivali,402.24,70.79,29.99,0.269,35.9,4,4,20.42,0.17,20.93,344.78,70.95,0,1,483.54,2026-07-09 12:03
TR00004,12951,Mumbai Rajdhani,Mumbai Central,New Delhi,Mumbai Central,Surat,149.39,77.41,41.43,0.265,34.2,14,6,7.46,0.695,8.54,128.05,94.02,1,0,187.95,2026-06-16 17:07
TR00005,12622,Tamil Nadu Express,New Delhi,Chennai Central,New Delhi,Bhopal Jn,151.93,55.71,38.66,0.299,15.4,0,4,25.54,0.571,2.81,130.22,59.08,0,0,220.53,2026-05-29 03:40
TR00006,12295,Sanghamitra Express,Bengaluru,Patna Jn,Gaya Jn,Patna Jn,188.92,45.71,39.03,0.245,23.5,8,1,17.21,0.395,21.89,161.93,65.53,1,0,322.92,2026-01-22 13:22
TR00001,12123,Mumbai - Pune Express,Mumbai CST,Pune Jn,Dadar,Kalyan,137.7,75.06,29.48,0.084,42.2,16,2,14.42,0.397,2.72,118.03,73.16,0,0,146.0,2026-05-01 18:26
TR00002,11010,Deccan Express,Mumbai CST,Pune Jn,Dadar,Kalyan,385.79,65.51,8.6,0.058,30.4,11,6,23.14,0.405,0.67,330.67,55.44,0,0,396.01,2026-01-31 17:36
TR00003,12010,Shatabdi Express,Mumbai Central,Ahmedabad Jn,Vadodara,Ahmedabad Jn,294.5,55.95,11.87,0.046,25.7,7,2,3.88,0.192,8.14,252.43,50.7,0,0,343.58,2026-02-24 12:43
TR00004,12951,Mumbai Rajdhani,Mumbai Central,New Delhi,Mumbai Central,Surat,135.99,50.72,31.79,0.432,23.9,7,0,30.35,0.3,0.93,116.56,56.33,0,1,257.81,2026-06-19 11:17
TR00005,12622,Tamil Nadu Express,New Delhi,Chennai Central,Vijayawada,Chennai Central,188.71,23.46,17.53,0.311,29.1,12,4,4.5,0.191,12.34,161.76,20.0,0,0,541.5,2026-02-15 21:01
TR00006,12295,Sanghamitra Express,Bengaluru,Patna Jn,Gaya Jn,Patna Jn,194.05,56.78,22.78,0.139,20.8,17,2,13.04,0.144,3.04,166.33,47.93,0,0,232.24,2026-02-16 20:52
TR00001,12123,Mumbai - Pune Express,Mumbai CST,Pune Jn,Karjat,Lonavala,297.26,71.21,29.03,0.049,26.4,18,5,3.33,0.432,6.08,254.8,59.67,0,0,290.72,2026-08-23 22:50
TR00002,11010,Deccan Express,Mumbai CST,Pune Jn,Kalyan,Lonavala,217.73,87.97,0.0,0.165,33.3,14,2,7.12,0.097,2.28,186.63,93.07,0,0,150.9,2026-07-22 16:30
TR00003,12010,Shatabdi Express,Mumbai Central,Ahmedabad Jn,Vadodara,Ahmedabad Jn,154.88,52.9,14.18,0.079,19.7,2,1,5.44,0.32,7.0,132.75,64.28,0,0,198.04,2026-03-25 05:18
TR00004,12951,Mumbai Rajdhani,Mumbai Central,New Delhi,Mumbai Central,Surat,415.35,65.52,12.07,0.146,31.6,10,3,27.78,0.11,11.72,356.02,73.39,0,0,401.66,2026-04-19 16:41
TR00005,12622,Tamil Nadu Express,New Delhi,Chennai Central,New Delhi,Bhopal Jn,59.2,106.47,27.44,0.348,25.9,16,5,20.76,0.378,22.62,50.74,113.65,0,0,56.0,2026-02-02 16:56
TR00006,12295,Sanghamitra Express,Bengaluru,Patna Jn,Gaya Jn,Patna Jn,435.14,55.94,20.17,0.315,26.2,15,3,10.91,0.257,2.44,372.97,64.74,0,0,532.29,2026-05-03 23:52
TR00001,12123,Mumbai - Pune Express,Mumbai CST,Pune Jn,Karjat,Lonavala,189.17,58.12,21.4,0.057,36.4,0,0,18.33,0.162,3.5,162.15,60.9,0,1,264.67,2026-01-01 04:24
TR00002,11010,Deccan Express,Mumbai CST,Pune Jn,Kalyan,Lonavala,303.75,46.75,26.37,0.079,18.9,13,5,15.45,0.771,3.53,260.36,57.67,0,0,501.29,2026-08-28 21:21
TR00003,12010,Shatabdi Express,Mumbai Central,Ahmedabad Jn,Mumbai Central,Borivali,102.32,80.18,35.9,0.475,24.4,13,1,17.06,0.603,1.05,87.71,73.37,0,0,113.88,2026-02-09 14:53
TR00004,12951,Mumbai Rajdhani,Mumbai Central,New Delhi,Surat,Vadodara,200.29,67.67,35.91,0.365,35.8,0,4,27.11,0.394,11.24,171.68,66.25,0,0,228.36,2026-03-11 03:48
TR00005,12622,Tamil Nadu Express,New Delhi,Chennai Central,Nagpur,Vijayawada,124.42,58.12,11.33,0.073,22.7,9,5,25.02,0.162,20.69,106.64,52.51,0,0,140.49,2026-06-28 11:20
TR00006,12295,Sanghamitra Express,Bengaluru,Patna Jn,Bengaluru,Guntakal Jn,139.28,65.83,23.96,0.233,27.9,15,5,9.85,0.148,1.87,119.38,55.55,0,0,154.62,2026-06-23 17:34
TR00001,12123,Mumbai - Pune Express,Mumbai CST,Pune Jn,Mumbai CST,Dadar,87.43,100.01,15.37,0.283,29.7,6,2,9.54,0.329,4.29,74.94,98.06,0,0,60.72,2026-05-28 07:00
TR00002,11010,Deccan Express,Mumbai CST,Pune Jn,Mumbai CST,Dadar,280.27,90.24,25.07,0.269,30.8,12,2,2.05,0.517,3.48,240.23,76.58,1,0,245.92,2026-06-27 16:05
TR00003,12010,Shatabdi Express,Mumbai Central,Ahmedabad Jn,Borivali,Vapi,138.61,37.57,31.9,0.005,32.7,3,1,8.12,0.391,3.67,118.81,44.31,1,0,274.13,2026-05-28 07:34
TR00004,12951,Mumbai Rajdhani,Mumbai Central,New Delhi,Kota Jn,New Delhi,407.99,77.85,21.75,0.067,25.3,21,6,22.55,0.079,1.66,349.7,78.33,0,0,331.37,2026-07-06 02:31
TR00005,12622,Tamil Nadu Express,New Delhi,Chennai Central,New Delhi,Bhopal Jn,138.52,113.36,26.66,0.276,27.7,8,4,7.88,0.26,3.95,118.73,107.57,0,0,103.53,2026-06-24 09:43
TR00006,12295,Sanghamitra Express,Bengaluru,Patna Jn,Vijayawada,Gaya Jn,239.1,31.61,27.56,0.37,37.2,16,1,29.7,0.505,1.34,204.94,38.16,0,0,571.31,2026-04-06 01:31
TR00001,12123,Mumbai - Pune Express,Mumbai CST,Pune Jn,Lonavala,Pune Jn,192.69,27.48,10.54,0.465,29.7,12,5,7.9,0.075,15.41,165.16,39.45,0,0,472.18,2026-02-02 19:52
TR00002,11010,Deccan Express,Mumbai CST,Pune Jn,Dadar,Kalyan,112.09,58.55,8.16,0.022,26.8,13,3,24.31,0.202,0.22,96.08,57.85,0,0,133.83,2026-02-11 15:13
TR00003,12010,Shatabdi Express,Mumbai Central,Ahmedabad Jn,Borivali,Vapi,160.45,86.66,6.05,0.022,31.3,6,1,9.94,0.318,5.8,137.52,96.4,0,0,122.23,2026-02-13 08:02
TR00004,12951,Mumbai Rajdhani,Mumbai Central,New Delhi,Mumbai Central,Surat,489.87,57.12,24.91,0.446,12.8,12,2,16.73,0.155,10.13,419.89,53.02,0,0,590.38,2026-08-21 21:50
TR00005,12622,Tamil Nadu Express,New Delhi,Chennai Central,Bhopal Jn,Nagpur,273.35,42.41,15.3,0.08,27.3,22,6,31.43,0.455,6.73,234.3,49.06,0,0,446.21,2026-04-09 05:26
TR00006,12295,Sanghamitra Express,Bengaluru,Patna Jn,Guntakal Jn,Vijayawada,205.29,72.81,52.99,0.299,39.7,10,2,96.69,0.247,9.47,175.97,62.23,0,0,213.48,2026-03-18 13:33
TR00001,12123,Mumbai - Pune Express,Mumbai CST,Pune Jn,Lonavala,Pune Jn,492.94,41.32,27.95,0.036,27.6,14,0,15.97,0.283,13.02,422.52,42.5,1,0,796.81,2026-08-13 03:16
TR00002,11010,Deccan Express,Mumbai CST,Pune Jn,Kalyan,Lonavala,208.71,71.51,24.02,0.411,42.6,20,2,26.24,0.448,7.19,178.89,72.69,0,0,225.27,2026-07-24 23:45
TR00003,12010,Shatabdi Express,Mumbai Central,Ahmedabad Jn,Mumbai Central,Borivali,72.93,74.08,11.07,0.145,18.4,22,3,4.46,0.18,4.75,62.51,70.23,0,0,69.84,2026-07-19 23:09
TR00004,12951,Mumbai Rajdhani,Mumbai Central,New Delhi,Kota Jn,New Delhi,124.71,63.71,10.87,0.104,15.7,6,3,10.69,0.453,0.5,106.9,68.33,0,0,141.73,2026-06-08 08:21
TR00005,12622,Tamil Nadu Express,New Delhi,Chennai Central,Vijayawada,Chennai Central,226.94,68.58,25.69,0.28,35.3,14,2,2.96,0.36,8.24,194.52,75.55,0,0,232.0,2026-05-02 17:51
TR00006,12295,Sanghamitra Express,Bengaluru,Patna Jn,Bengaluru,Guntakal Jn,319.05,64.01,24.05,0.043,30.8,0,4,18.15,0.389,7.44,273.47,58.99,0,1,437.88,2026-07-22 07:17
TR00001,12123,Mumbai - Pune Express,Mumbai CST,Pune Jn,Kalyan,Karjat,553.98,67.79,21.59,0.108,22.9,3,5,17.23,0.294,4.52,474.84,73.01,0,0,547.42,2026-01-16 12:07
TR00002,11010,Deccan Express,Mumbai CST,Pune Jn,Lonavala,Pune Jn,103.54,81.19,20.1,0.081,24.4,8,1,6.06,0.164,38.15,88.75,77.91,0,0,85.78,2026-06-06 09:25
TR00003,12010,Shatabdi Express,Mumbai Central,Ahmedabad Jn,Vapi,Surat,97.99,96.72,34.31,0.436,26.2,15,6,17.35,0.129,7.22,83.99,105.04,1,0,97.36,2026-05-05 16:37
TR00004,12951,Mumbai Rajdhani,Mumbai Central,New Delhi,Surat,Vadodara,231.47,83.28,11.72,0.133,37.9,0,2,15.36,0.177,3.9,198.41,87.74,0,0,182.61,2026-02-10 03:02
TR00005,12622,Tamil Nadu Express,New Delhi,Chennai Central,New Delhi,Bhopal Jn,146.32,20.0,21.26,0.101,42.2,12,4,25.61,0.079,3.95,125.42,20.0,0,1,585.19,2026-03-15 21:45
TR00006,12295,Sanghamitra Express,Bengaluru,Patna Jn,Vijayawada,Gaya Jn,32.97,70.14,8.96,0.087,28.7,8,4,5.2,0.148,8.69,28.26,68.98,0,0,29.77,2026-04-25 08:29
TR00001,12123,Mumbai - Pune Express,Mumbai CST,Pune Jn,Dadar,Kalyan,248.37,59.8,25.05,0.357,30.2,18,0,13.14,0.417,11.81,212.89,58.13,0,0,307.47,2026-05-26 23:07
TR00002,11010,Deccan Express,Mumbai CST,Pune Jn,Mumbai CST,Dadar,137.49,99.19,11.72,0.188,41.9,15,5,1.43,0.065,5.55,117.85,95.82,0,0,90.83,2026-05-14 16:30
TR00003,12010,Shatabdi Express,Mumbai Central,Ahmedabad Jn,Surat,Vadodara,88.08,53.62,5.78,0.056,39.0,14,4,5.75,0.277,4.33,75.49,61.15,0,0,114.9,2026-01-24 15:54
TR00004,12951,Mumbai Rajdhani,Mumbai Central,New Delhi,Vadodara,Kota Jn,176.81,113.56,12.4,0.142,30.2,9,3,5.45,0.199,8.73,151.55,121.32,0,0,107.49,2026-05-10 10:47
TR00005,12622,Tamil Nadu Express,New Delhi,Chennai Central,Vijayawada,Chennai Central,209.12,71.6,29.07,0.07,26.1,3,6,13.73,0.587,3.42,179.25,71.81,0,0,219.29,2026-05-15 06:39
TR00006,12295,Sanghamitra Express,Bengaluru,Patna Jn,Gaya Jn,Patna Jn,131.9,72.05,16.53,0.533,27.1,18,4,6.83,0.165,2.6,113.06,50.73,0,0,136.24,2026-07-09 20:16
TR00001,12123,Mumbai - Pune Express,Mumbai CST,Pune Jn,Lonavala,Pune Jn,104.61,44.8,26.15,0.189,39.1,6,0,34.18,0.289,9.76,89.67,51.73,0,1,208.04,2026-03-25 09:28
TR00002,11010,Deccan Express,Mumbai CST,Pune Jn,Mumbai CST,Dadar,198.07,102.24,38.7,0.027,31.2,0,4,28.47,0.39,2.2,169.77,98.3,0,1,188.71,2026-05-01 03:08
TR00003,12010,Shatabdi Express,Mumbai Central,Ahmedabad Jn,Vapi,Surat,178.56,47.26,19.5,0.284,22.4,5,1,26.49,0.258,1.35,153.05,39.73,0,0,261.03,2026-03-19 09:21
TR00004,12951,Mumbai Rajdhani,Mumbai Central,New Delhi,Kota Jn,New Delhi,312.93,74.92,25.87,0.013,33.3,3,4,34.91,0.165,5.01,268.22,87.23,0,0,275.09,2026-08-14 07:35
TR00005,12622,Tamil Nadu Express,New Delhi,Chennai Central,New Delhi,Bhopal Jn,157.63,58.23,15.53,0.087,35.2,22,4,8.27,0.422,10.71,135.11,46.31,0,0,192.98,2026-05-26 01:12
TR00006,12295,Sanghamitra Express,Bengaluru,Patna Jn,Bengaluru,Guntakal Jn,212.6,45.64,38.21,0.184,34.3,10,4,10.89,0.285,7.83,182.23,32.26,0,1,416.21,2026-02-12 16:56
TR00001,12123,Mumbai - Pune Express,Mumbai CST,Pune Jn,Mumbai CST,Dadar,139.43,51.89,38.49,0.256,37.2,22,0,22.52,0.456,32.64,119.51,51.52,0,0,210.06,2026-06-04 01:30
TR00002,11010,Deccan Express,Mumbai CST,Pune Jn,Kalyan,Lonavala,125.7,55.74,21.03,0.074,31.6,10,0,18.48,0.301,9.82,107.74,67.63,0,0,159.39,2026-06-18 12:39
TR00003,12010,Shatabdi Express,Mumbai Central,Ahmedabad Jn,Mumbai Central,Borivali,161.18,89.75,8.09,0.111,23.1,6,2,21.98,0.395,0.83,138.15,86.69,0,0,124.38,2026-06-05 08:04
TR00004,12951,Mumbai Rajdhani,Mumbai Central,New Delhi,Vadodara,Kota Jn,120.6,75.43,11.52,0.073,32.8,12,0,10.01,0.223,3.0,103.37,75.6,0,0,107.85,2026-05-22 13:47
TR00005,12622,Tamil Nadu Express,New Delhi,Chennai Central,Bhopal Jn,Nagpur,558.09,103.2,14.65,0.095,25.7,2,4,19.38,0.269,11.53,478.37,100.98,0,0,360.21,2026-05-31 08:00
TR00006,12295,Sanghamitra Express,Bengaluru,Patna Jn,Gaya Jn,Patna Jn,86.21,84.24,30.35,0.222,29.3,21,5,9.45,0.272,8.79,73.89,75.74,0,0,85.05,2026-04-13 22:25
TR00001,12123,Mumbai - Pune Express,Mumbai CST,Pune Jn,Kalyan,Karjat,112.99,91.8,24.56,0.354,23.8,19,1,8.83,0.24,8.44,96.85,85.78,0,0,96.4,2026-05-13 20:36
TR00002,11010,Deccan Express,Mumbai CST,Pune Jn,Mumbai CST,Dadar,55.72,108.17,15.03,0.026,27.0,10,5,11.56,0.157,17.08,47.76,100.72,0,0,49.21,2026-02-13 10:49
TR00003,12010,Shatabdi Express,Mumbai Central,Ahmedabad Jn,Vadodara,Ahmedabad Jn,164.15,81.35,29.62,0.108,31.1,5,6,47.34,0.505,6.42,140.7,89.2,0,0,158.67,2026-07-02 07:38
TR00004,12951,Mumbai Rajdhani,Mumbai Central,New Delhi,Surat,Vadodara,103.24,70.19,21.03,0.307,32.6,3,6,2.04,0.303,6.08,88.49,69.05,0,0,103.16,2026-02-26 04:43
TR00005,12622,Tamil Nadu Express,New Delhi,Chennai Central,New Delhi,Bhopal Jn,268.23,92.62,29.52,0.412,31.4,17,3,4.14,0.463,7.29,229.91,93.91,0,0,229.36,2026-06-05 20:49
TR00006,12295,Sanghamitra Express,Bengaluru,Patna Jn,Guntakal Jn,Vijayawada,355.91,20.0,13.5,0.234,28.5,9,2,4.67,0.458,15.47,305.06,20.0,0,0,1266.26,2026-08-12 06:06
TR00001,12123,Mumbai - Pune Express,Mumbai CST,Pune Jn,Kalyan,Karjat,277.08,88.32,32.5,0.606,29.2,23,6,13.97,0.327,22.56,237.5,90.32,0,0,244.02,2026-06-25 03:04
TR00002,11010,Deccan Express,Mumbai CST,Pune Jn,Mumbai CST,Dadar,104.12,114.31,25.53,0.148,32.8,23,4,47.13,0.307,7.32,89.24,112.86,0,0,76.56,2026-06-15 00:16
TR00003,12010,Shatabdi Express,Mumbai Central,Ahmedabad Jn,Borivali,Vapi,279.28,61.3,12.8,0.178,31.4,0,4,3.1,0.098,6.0,239.38,61.08,0,0,291.63,2026-06-29 04:51
TR00004,12951,Mumbai Rajdhani,Mumbai Central,New Delhi,Kota Jn,New Delhi,325.36,60.45,25.84,0.346,16.7,12,3,6.52,0.432,0.69,278.88,56.97,0,0,397.54,2026-01-17 18:37
TR00005,12622,Tamil Nadu Express,New Delhi,Chennai Central,Bhopal Jn,Nagpur,402.16,83.62,31.12,0.031,34.5,13,5,3.3,0.545,7.4,344.71,90.9,0,1,457.2,2026-05-11 20:37
TR00006,12295,Sanghamitra Express,Bengaluru,Patna Jn,Guntakal Jn,Vijayawada,155.9,61.65,25.96,0.235,21.9,4,5,20.1,0.084,8.22,133.63,71.85,0,1,219.51,2026-05-28 07:39
TR00001,12123,Mumbai - Pune Express,Mumbai CST,Pune Jn,Lonavala,Pune Jn,372.2,77.33,31.48,0.539,32.7,14,6,4.33,0.241,28.08,319.03,76.32,0,0,353.13,2026-05-05 19:53
TR00002,11010,Deccan Express,Mumbai CST,Pune Jn,Dadar,Kalyan,158.97,105.13,23.53,0.021,27.9,12,6,10.59,0.348,7.35,136.26,106.93,0,1,138.99,2026-06-27 14:18
TR00003,12010,Shatabdi Express,Mumbai Central,Ahmedabad Jn,Borivali,Vapi,315.62,90.27,22.2,0.257,35.3,1,3,16.25,0.201,13.49,270.53,85.4,0,0,241.29,2026-04-14 05:01
TR00004,12951,Mumbai Rajdhani,Mumbai Central,New Delhi,Vadodara,Kota Jn,198.04,115.15,6.25,0.172,22.5,5,6,4.97,0.276,8.16,169.75,117.66,0,0,120.74,2026-05-03 07:00
TR00005,12622,Tamil Nadu Express,New Delhi,Chennai Central,Bhopal Jn,Nagpur,172.38,83.55,28.45,0.422,20.1,9,3,9.48,0.13,4.38,147.75,84.05,1,0,156.11,2026-01-05 11:36
TR00006,12295,Sanghamitra Express,Bengaluru,Patna Jn,Vijayawada,Gaya Jn,349.6,56.12,31.91,0.13,17.8,13,2,25.99,0.495,4.02,299.65,53.76,0,0,450.21,2026-06-01 20:30
TR00001,12123,Mumbai - Pune Express,Mumbai CST,Pune Jn,Lonavala,Pune Jn,119.31,62.24,17.81,0.036,38.0,18,3,7.63,0.159,2.63,102.26,65.46,1,0,140.0,2026-02-15 20:20
TR00002,11010,Deccan Express,Mumbai CST,Pune Jn,Kalyan,Lonavala,341.67,46.86,28.41,0.192,35.2,6,2,23.43,0.128,4.4,292.86,56.93,1,0,491.15,2026-01-29 14:11
TR00003,12010,Shatabdi Express,Mumbai Central,Ahmedabad Jn,Mumbai Central,Borivali,164.86,49.65,19.01,0.181,15.6,22,5,4.57,0.397,5.54,141.31,50.02,0,1,304.57,2026-01-23 03:04
TR00004,12951,Mumbai Rajdhani,Mumbai Central,New Delhi,Vadodara,Kota Jn,208.47,68.7,22.5,0.291,30.5,20,4,19.21,0.309,16.51,178.69,70.06,0,0,220.52,2026-04-22 23:40
TR00005,12622,Tamil Nadu Express,New Delhi,Chennai Central,New Delhi,Bhopal Jn,163.55,57.95,21.95,0.103,23.6,11,4,2.51,0.137,6.19,140.18,59.4,0,1,238.55,2026-03-21 14:58
TR00006,12295,Sanghamitra Express,Bengaluru,Patna Jn,Guntakal Jn,Vijayawada,58.71,130.0,18.21,0.084,22.6,11,2,10.79,0.415,3.09,50.32,130.0,0,0,36.96,2026-03-02 11:36
TR00001,12123,Mumbai - Pune Express,Mumbai CST,Pune Jn,Karjat,Lonavala,366.24,69.32,54.84,0.476,40.0,7,0,19.82,0.71,2.29,313.92,54.6,1,0,458.38,2026-02-13 14:38
TR00002,11010,Deccan Express,Mumbai CST,Pune Jn,Lonavala,Pune Jn,181.27,72.33,0.83,0.156,42.9,22,2,8.51,0.44,1.67,155.38,80.72,0,0,177.22,2026-08-01 00:57
TR00003,12010,Shatabdi Express,Mumbai Central,Ahmedabad Jn,Vadodara,Ahmedabad Jn,111.08,62.78,21.58,0.324,18.4,6,0,13.79,0.338,7.06,95.21,57.74,0,0,132.45,2026-01-20 08:12
TR00004,12951,Mumbai Rajdhani,Mumbai Central,New Delhi,Surat,Vadodara,388.94,83.11,21.12,0.061,47.6,9,0,19.26,0.104,10.32,333.38,85.89,0,0,303.2,2026-02-28 14:03
TR00005,12622,Tamil Nadu Express,New Delhi,Chennai Central,Vijayawada,Chennai Central,168.04,82.55,40.66,0.271,22.2,20,3,7.18,0.354,9.14,144.03,81.75,1,1,217.67,2026-02-03 23:37
TR00006,12295,Sanghamitra Express,Bengaluru,Patna Jn,Vijayawada,Gaya Jn,276.0,78.27,16.62,0.219,24.7,9,1,6.44,0.22,7.34,236.57,68.69,0,0,238.22,2026-02-07 12:58
TR00001,12123,Mumbai - Pune Express,Mumbai CST,Pune Jn,Lonavala,Pune Jn,316.77,67.2,22.0,0.089,18.3,7,5,7.73,0.376,9.62,271.52,49.81,1,0,337.83,2026-06-14 12:37
TR00002,11010,Deccan Express,Mumbai CST,Pune Jn,Mumbai CST,Dadar,156.53,62.61,5.76,0.125,25.4,14,6,9.21,0.39,1.66,134.17,55.86,0,0,174.47,2026-04-28 16:54
TR00003,12010,Shatabdi Express,Mumbai Central,Ahmedabad Jn,Vapi,Surat,178.09,68.55,24.53,0.149,21.7,9,5,11.26,0.287,12.73,152.65,61.72,0,0,183.91,2026-05-08 12:03
TR00004,12951,Mumbai Rajdhani,Mumbai Central,New Delhi,Surat,Vadodara,266.99,116.72,40.23,0.512,27.5,18,1,5.54,0.299,21.52,228.85,119.6,1,0,192.26,2026-05-10 21:12
TR00005,12622,Tamil Nadu Express,New Delhi,Chennai Central,Bhopal Jn,Nagpur,284.28,54.26,18.41,0.224,22.1,3,0,19.97,0.325,7.92,243.66,53.68,0,0,359.61,2026-02-08 08:59
TR00006,12295,Sanghamitra Express,Bengaluru,Patna Jn,Bengaluru,Guntakal Jn,405.11,69.49,8.09,0.094,29.0,20,2,26.06,0.426,2.77,347.23,61.8,0,0,399.33,2026-07-01 02:39
TR00001,12123,Mumbai - Pune Express,Mumbai CST,Pune Jn,Kalyan,Karjat,97.7,25.71,11.48,0.216,23.3,9,0,12.59,0.109,0.68,83.74,26.43,0,0,252.98,2026-06-10 13:12
TR00002,11010,Deccan Express,Mumbai CST,Pune Jn,Lonavala,Pune Jn,257.12,118.46,25.05,0.074,27.0,11,6,18.96,0.225,7.36,220.38,103.43,0,0,154.59,2026-04-23 13:34
TR00003,12010,Shatabdi Express,Mumbai Central,Ahmedabad Jn,Vadodara,Ahmedabad Jn,296.4,107.24,26.6,0.133,29.1,17,5,7.68,0.551,4.78,254.05,118.72,0,0,207.94,2026-02-21 20:27
TR00004,12951,Mumbai Rajdhani,Mumbai Central,New Delhi,Kota Jn,New Delhi,272.48,60.1,35.2,0.168,36.8,21,2,16.45,0.228,11.62,233.55,45.79,1,0,326.33,2026-03-19 02:26
TR00005,12622,Tamil Nadu Express,New Delhi,Chennai Central,Nagpur,Vijayawada,103.84,44.28,19.5,0.252,25.6,4,3,19.83,0.109,12.89,89.0,32.0,0,0,162.45,2026-05-24 06:42
TR00006,12295,Sanghamitra Express,Bengaluru,Patna Jn,Guntakal Jn,Vijayawada,206.18,79.61,21.56,0.277,24.5,7,0,19.04,0.317,1.41,176.73,86.29,0,0,183.54,2026-06-03 10:03
TR00001,12123,Mumbai - Pune Express,Mumbai CST,Pune Jn,Karjat,Lonavala,174.95,43.18,18.68,0.089,19.7,12,3,13.33,0.323,0.87,149.95,42.26,0,0,273.45,2026-03-14 16:33
TR00002,11010,Deccan Express,Mumbai CST,Pune Jn,Dadar,Kalyan,249.12,72.7,29.92,0.422,27.8,18,0,3.93,0.248,11.05,213.53,45.44,0,1,322.3,2026-01-01 23:22
TR00003,12010,Shatabdi Express,Mumbai Central,Ahmedabad Jn,Vapi,Surat,347.07,114.85,5.31,0.181,12.4,1,0,5.32,0.166,2.13,297.49,117.09,0,0,197.25,2026-06-16 04:17
TR00004,12951,Mumbai Rajdhani,Mumbai Central,New Delhi,Surat,Vadodara,124.93,58.02,25.21,0.351,32.1,11,4,17.79,0.416,6.04,107.08,65.48,0,1,216.08,2026-06-27 14:36
TR00005,12622,Tamil Nadu Express,New Delhi,Chennai Central,Nagpur,Vijayawada,326.23,83.69,12.66,0.29,32.0,8,5,5.71,0.187,5.89,279.62,93.4,0,0,260.01,2026-06-23 12:20
TR00006,12295,Sanghamitra Express,Bengaluru,Patna Jn,Bengaluru,Guntakal Jn,121.5,52.23,39.54,0.041,7.6,19,0,23.98,0.421,4.39,104.14,60.98,0,1,227.7,2026-02-18 22:47
TR00001,12123,Mumbai - Pune Express,Mumbai CST,Pune Jn,Mumbai CST,Dadar,168.93,118.3,27.89,0.137,22.4,15,6,8.68,0.196,39.82,144.8,123.78,0,0,111.54,2026-02-09 16:51
TR00002,11010,Deccan Express,Mumbai CST,Pune Jn,Dadar,Kalyan,221.91,52.61,20.98,0.239,32.1,2,4,12.41,0.373,12.0,190.21,62.01,0,0,310.36,2026-01-18 07:10
TR00003,12010,Shatabdi Express,Mumbai Central,Ahmedabad Jn,Vadodara,Ahmedabad Jn,307.7,67.46,6.22,0.039,35.3,4,4,13.88,0.039,6.36,263.74,62.96,0,0,281.82,2026-05-31 08:41
TR00004,12951,Mumbai Rajdhani,Mumbai Central,New Delhi,Mumbai Central,Surat,333.42,22.67,11.82,0.194,28.0,19,0,3.16,0.092,10.13,285.79,20.0,0,0,940.47,2026-08-10 10:40
TR00005,12622,Tamil Nadu Express,New Delhi,Chennai Central,Bhopal Jn,Nagpur,236.92,64.89,23.9,0.032,22.5,22,4,15.78,0.558,1.52,203.07,60.99,0,0,264.3,2026-05-18 02:24
TR00006,12295,Sanghamitra Express,Bengaluru,Patna Jn,Gaya Jn,Patna Jn,71.41,81.92,15.41,0.053,27.9,22,2,7.24,0.092,8.27,61.21,74.13,0,0,56.54,2026-06-25 22:56
TR00001,12123,Mumbai - Pune Express,Mumbai CST,Pune Jn,Karjat,Lonavala,102.01,97.84,15.59,0.115,33.8,12,3,50.27,0.018,6.24,87.44,96.47,0,0,64.47,2026-02-26 13:04
TR00002,11010,Deccan Express,Mumbai CST,Pune Jn,Dadar,Kalyan,135.24,88.47,31.02,0.157,19.7,0,5,46.67,0.248,1.28,115.92,86.27,0,1,142.63,2026-05-07 02:22
TR00003,12010,Shatabdi Express,Mumbai Central,Ahmedabad Jn,Vapi,Surat,148.98,88.19,11.47,0.074,33.5,5,1,23.51,0.122,6.57,127.69,103.33,0,0,108.99,2026-08-12 06:48
TR00004,12951,Mumbai Rajdhani,Mumbai Central,New Delhi,Vadodara,Kota Jn,264.4,74.42,11.67,0.154,30.5,11,4,22.54,0.176,4.38,226.63,77.88,0,0,229.66,2026-04-04 14:49
TR00005,12622,Tamil Nadu Express,New Delhi,Chennai Central,Vijayawada,Chennai Central,204.51,70.15,36.46,0.296,31.2,13,3,25.98,0.282,15.99,175.29,69.09,0,0,222.56,2026-06-11 16:42
TR00006,12295,Sanghamitra Express,Bengaluru,Patna Jn,Guntakal Jn,Vijayawada,242.77,101.49,37.28,0.197,21.6,12,6,7.26,0.448,5.06,208.09,91.64,1,0,193.08,2026-03-15 15:13
TR00001,12123,Mumbai - Pune Express,Mumbai CST,Pune Jn,Lonavala,Pune Jn,101.43,43.11,2.94,0.03,32.1,4,0,6.58,0.095,3.48,86.94,48.02,0,0,147.33,2026-03-02 06:27
TR00002,11010,Deccan Express,Mumbai CST,Pune Jn,Kalyan,Lonavala,171.26,65.93,25.84,0.322,17.5,5,4,39.88,0.132,1.19,146.8,70.81,0,0,180.13,2026-04-28 08:00
TR00003,12010,Shatabdi Express,Mumbai Central,Ahmedabad Jn,Vadodara,Ahmedabad Jn,495.12,99.57,27.01,0.047,20.3,3,4,16.49,0.369,3.28,424.39,102.72,0,1,439.38,2026-08-08 10:19
TR00004,12951,Mumbai Rajdhani,Mumbai Central,New Delhi,Mumbai Central,Surat,204.58,43.58,46.5,0.124,21.2,10,2,6.21,0.663,4.97,175.36,40.35,1,0,379.22,2026-05-18 16:19
TR00005,12622,Tamil Nadu Express,New Delhi,Chennai Central,New Delhi,Bhopal Jn,264.41,85.71,19.75,0.21,24.3,22,3,6.18,0.078,15.78,226.63,84.32,0,0,202.75,2026-01-30 01:22
TR00006,12295,Sanghamitra Express,Bengaluru,Patna Jn,Bengaluru,Guntakal Jn,191.6,97.32,18.42,0.267,21.3,23,0,17.05,0.284,3.31,164.23,100.83,0,0,136.62,2026-08-19 01:16
TR00001,12123,Mumbai - Pune Express,Mumbai CST,Pune Jn,Mumbai CST,Dadar,140.78,84.61,28.75,0.509,13.5,11,5,1.97,0.681,4.17,120.67,83.06,0,1,199.84,2026-01-11 14:19
TR00002,11010,Deccan Express,Mumbai CST,Pune Jn,Kalyan,Lonavala,269.26,67.5,44.42,0.097,17.1,2,4,12.97,0.288,20.59,230.79,74.52,1,1,367.72,2026-02-07 08:07
TR00003,12010,Shatabdi Express,Mumbai Central,Ahmedabad Jn,Vapi,Surat,211.2,83.37,15.42,0.23,28.2,22,3,24.19,0.24,1.99,181.03,80.01,0,0,178.2,2026-05-01 00:58
TR00004,12951,Mumbai Rajdhani,Mumbai Central,New Delhi,Vadodara,Kota Jn,233.13,71.03,18.42,0.596,20.4,8,4,5.42,0.27,7.83,199.83,70.52,0,0,243.47,2026-01-27 12:03
TR00005,12622,Tamil Nadu Express,New Delhi,Chennai Central,Bhopal Jn,Nagpur,225.92,84.33,30.44,0.357,35.0,23,4,32.88,0.237,8.39,193.65,85.44,0,0,194.13,2026-04-19 02:14
TR00006,12295,Sanghamitra Express,Bengaluru,Patna Jn,Vijayawada,Gaya Jn,229.36,91.43,29.72,0.336,18.6,20,5,20.71,0.465,4.88,196.59,81.22,0,0,193.71,2026-03-12 23:13
TR00001,12123,Mumbai - Pune Express,Mumbai CST,Pune Jn,Karjat,Lonavala,246.61,92.42,6.41,0.106,24.8,19,1,4.06,0.198,4.05,211.38,91.8,0,0,173.09,2026-05-16 21:53
TR00002,11010,Deccan Express,Mumbai CST,Pune Jn,Lonavala,Pune Jn,246.58,38.74,41.16,0.331,18.5,9,3,13.46,0.403,3.57,211.36,39.61,1,0,482.92,2026-02-09 17:02
TR00003,12010,Shatabdi Express,Mumbai Central,Ahmedabad Jn,Vapi,Surat,191.1,74.02,20.65,0.184,32.1,3,1,19.13,0.205,0.4,163.8,77.42,0,0,175.09,2026-08-02 05:55
TR00004,12951,Mumbai Rajdhani,Mumbai Central,New Delhi,Surat,Vadodara,284.25,83.0,15.91,0.132,36.6,21,4,2.52,0.682,7.13,243.64,80.7,0,0,262.49,2026-04-02 01:22
TR00005,12622,Tamil Nadu Express,New Delhi,Chennai Central,Nagpur,Vijayawada,191.49,52.19,19.65,0.012,31.2,12,5,17.57,0.338,4.75,164.13,47.35,0,0,256.72,2026-05-25 16:16
TR00006,12295,Sanghamitra Express,Bengaluru,Patna Jn,Guntakal Jn,Vijayawada,106.94,34.57,18.71,0.544,24.7,6,5,17.02,0.363,2.22,91.67,36.25,0,0,238.48,2026-02-26 09:58
TR00001,12123,Mumbai - Pune Express,Mumbai CST,Pune Jn,Karjat,Lonavala,279.11,77.93,10.62,0.104,21.3,8,6,15.39,0.315,1.9,239.23,76.24,0,0,251.22,2026-02-23 12:11
TR00002,11010,Deccan Express,Mumbai CST,Pune Jn,Kalyan,Lonavala,140.79,64.94,33.9,0.115,24.8,0,1,6.81,0.391,15.79,120.68,67.34,1,0,173.82,2026-01-02 02:53
TR00003,12010,Shatabdi Express,Mumbai Central,Ahmedabad Jn,Mumbai Central,Borivali,475.65,69.2,15.85,0.148,28.8,12,2,5.98,0.334,16.12,407.7,65.26,0,0,464.66,2026-08-19 19:44
TR00004,12951,Mumbai Rajdhani,Mumbai Central,New Delhi,Mumbai Central,Surat,307.04,78.29,39.83,0.127,24.2,6,1,5.26,0.489,16.69,263.18,76.78,1,0,310.29,2026-02-20 11:10
TR00005,12622,Tamil Nadu Express,New Delhi,Chennai Central,Vijayawada,Chennai Central,167.82,69.12,14.44,0.116,27.3,16,3,9.56,0.249,5.09,143.85,78.7,0,0,163.27,2026-06-21 18:43
TR00006,12295,Sanghamitra Express,Bengaluru,Patna Jn,Vijayawada,Gaya Jn,56.89,89.33,12.44,0.189,36.1,22,0,10.06,0.158,2.37,48.77,91.47,0,0,47.15,2026-04-02 22:47
TR00001,12123,Mumbai - Pune Express,Mumbai CST,Pune Jn,Kalyan,Karjat,309.58,74.0,1.99,0.229,23.7,15,0,4.46,0.236,3.68,265.36,68.82,0,0,281.26,2026-05-17 19:41
TR00002,11010,Deccan Express,Mumbai CST,Pune Jn,Dadar,Kalyan,215.46,70.43,17.77,0.074,30.5,5,6,22.05,0.129,9.29,184.68,66.98,0,0,209.91,2026-03-12 08:29
TR00003,12010,Shatabdi Express,Mumbai Central,Ahmedabad Jn,Surat,Vadodara,109.13,88.66,16.48,0.328,25.3,0,4,2.94,0.293,11.09,93.54,96.12,0,0,88.91,2026-04-13 01:28
TR00004,12951,Mumbai Rajdhani,Mumbai Central,New Delhi,Kota Jn,New Delhi,174.91,71.42,17.88,0.437,20.2,6,0,29.58,0.229,13.08,149.92,66.85,0,0,175.24,2026-03-03 08:55
TR00005,12622,Tamil Nadu Express,New Delhi,Chennai Central,Bhopal Jn,Nagpur,670.65,52.61,16.01,0.046,40.3,15,3,23.33,0.395,3.63,574.85,59.72,0,0,865.94,2026-07-20 05:25
TR00006,12295,Sanghamitra Express,Bengaluru,Patna Jn,Bengaluru,Guntakal Jn,478.44,95.23,26.17,0.159,27.8,18,5,50.72,0.338,8.54,410.09,107.31,0,0,351.23,2026-03-20 23:51
TR00001,12123,Mumbai - Pune Express,Mumbai CST,Pune Jn,Kalyan,Karjat,402.28,44.24,19.35,0.487,29.3,9,6,11.55,0.317,2.3,344.81,34.65,0,0,653.42,2026-06-04 19:53
TR00002,11010,Deccan Express,Mumbai CST,Pune Jn,Lonavala,Pune Jn,190.8,40.47,13.7,0.15,24.9,11,0,21.64,0.208,3.07,163.54,32.63,0,0,311.26,2026-07-10 16:11
TR00003,12010,Shatabdi Express,Mumbai Central,Ahmedabad Jn,Borivali,Vapi,98.3,57.39,40.0,0.207,34.1,22,2,48.85,0.451,25.77,84.25,61.52,0,0,137.38,2026-05-03 00:17
TR00004,12951,Mumbai Rajdhani,Mumbai Central,New Delhi,Vadodara,Kota Jn,119.83,85.72,14.98,0.177,25.2,2,1,16.37,0.231,3.28,102.71,86.65,0,0,100.32,2026-05-24 03:40
TR00005,12622,Tamil Nadu Express,New Delhi,Chennai Central,Bhopal Jn,Nagpur,217.4,70.09,25.79,0.221,13.7,6,0,12.38,0.203,7.99,186.34,45.83,0,0,218.46,2026-07-19 09:38
TR00006,12295,Sanghamitra Express,Bengaluru,Patna Jn,Guntakal Jn,Vijayawada,226.66,72.16,26.73,0.042,17.5,21,2,15.34,0.43,2.04,194.28,68.04,1,0,239.74,2026-05-05 00:59
TR00001,12123,Mumbai - Pune Express,Mumbai CST,Pune Jn,Lonavala,Pune Jn,221.24,44.65,17.99,0.132,39.0,9,1,14.03,0.332,5.01,189.64,44.45,0,0,344.81,2026-02-10 14:44
TR00002,11010,Deccan Express,Mumbai CST,Pune Jn,Mumbai CST,Dadar,83.1,48.81,15.94,0.176,43.4,19,5,7.71,0.186,8.33,71.23,48.97,0,0,114.75,2026-05-24 20:54
TR00003,12010,Shatabdi Express,Mumbai Central,Ahmedabad Jn,Vapi,Surat,217.48,69.63,19.45,0.028,30.3,20,4,5.17,0.28,2.97,186.41,74.4,0,0,213.59,2026-04-28 23:33
TR00004,12951,Mumbai Rajdhani,Mumbai Central,New Delhi,Kota Jn,New Delhi,304.82,125.13,0.0,0.157,34.3,12,5,9.64,0.118,2.14,261.27,130.0,0,0,148.57,2026-03-19 14:28
TR00005,12622,Tamil Nadu Express,New Delhi,Chennai Central,New Delhi,Bhopal Jn,304.46,57.87,28.7,0.255,26.4,13,4,17.38,0.414,10.94,260.97,61.6,0,0,384.31,2026-08-13 19:24
TR00006,12295,Sanghamitra Express,Bengaluru,Patna Jn,Gaya Jn,Patna Jn,343.24,102.79,21.42,0.061,16.7,10,6,14.32,0.543,2.65,294.21,105.36,0,0,246.98,2026-08-18 14:06
TR00001,12123,Mumbai - Pune Express,Mumbai CST,Pune Jn,Karjat,Lonavala,231.52,96.51,19.8,0.086,32.7,21,4,8.21,0.444,12.5,198.45,89.08,0,0,169.66,2026-05-06 23:49
TR00002,11010,Deccan Express,Mumbai CST,Pune Jn,Kalyan,Lonavala,133.99,91.81,13.91,0.077,34.8,18,1,13.88,0.317,13.96,114.85,89.19,0,0,101.65,2026-03-12 19:41
TR00003,12010,Shatabdi Express,Mumbai Central,Ahmedabad Jn,Surat,Vadodara,242.29,80.19,21.8,0.074,12.9,4,0,40.49,0.032,4.69,207.68,93.08,0,0,190.57,2026-04-30 07:10
TR00004,12951,Mumbai Rajdhani,Mumbai Central,New Delhi,Mumbai Central,Surat,282.55,59.09,20.12,0.056,20.9,14,6,7.38,0.486,4.61,242.18,54.96,0,0,338.38,2026-07-31 19:38
TR00005,12622,Tamil Nadu Express,New Delhi,Chennai Central,New Delhi,Bhopal Jn,224.19,112.17,12.68,0.204,26.3,12,5,20.11,0.076,13.13,192.16,115.99,0,0,131.26,2026-02-25 14:11
TR00006,12295,Sanghamitra Express,Bengaluru,Patna Jn,Bengaluru,Guntakal Jn,198.42,89.25,37.49,0.351,29.5,10,0,50.53,0.4,3.41,170.08,107.03,0,1,226.51,2026-06-25 13:46
TR00001,12123,Mumbai - Pune Express,Mumbai CST,Pune Jn,Dadar,Kalyan,175.81,104.96,14.38,0.408,30.2,21,6,9.04,0.209,12.36,150.7,104.74,0,0,119.21,2026-04-30 22:59
TR00002,11010,Deccan Express,Mumbai CST,Pune Jn,Lonavala,Pune Jn,264.63,62.22,23.93,0.04,34.1,19,1,34.17,0.613,10.45,226.82,56.95,0,0,314.32,2026-05-24 00:14
TR00003,12010,Shatabdi Express,Mumbai Central,Ahmedabad Jn,Surat,Vadodara,102.89,83.24,11.71,0.263,14.7,11,3,6.94,0.231,4.74,88.19,90.22,0,0,89.74,2026-07-26 12:29
TR00004,12951,Mumbai Rajdhani,Mumbai Central,New Delhi,Mumbai Central,Surat,106.65,84.08,9.36,0.142,23.0,3,5,5.98,0.381,6.73,91.41,80.12,0,0,94.61,2026-03-15 04:34
TR00005,12622,Tamil Nadu Express,New Delhi,Chennai Central,Bhopal Jn,Nagpur,199.6,69.22,12.59,0.269,33.6,0,2,19.24,0.124,3.0,171.08,86.79,0,0,197.56,2026-04-04 03:17
TR00006,12295,Sanghamitra Express,Bengaluru,Patna Jn,Gaya Jn,Patna Jn,192.93,72.04,56.17,0.055,16.7,22,6,17.65,0.593,3.45,165.37,69.26,1,1,291.06,2026-06-12 02:51
TR00001,12123,Mumbai - Pune Express,Mumbai CST,Pune Jn,Kalyan,Karjat,194.65,72.27,14.37,0.138,16.3,0,2,5.18,0.249,5.17,166.84,72.56,0,0,185.78,2026-07-14 03:05
TR00002,11010,Deccan Express,Mumbai CST,Pune Jn,Dadar,Kalyan,111.12,60.42,15.88,0.126,25.1,8,2,31.67,0.343,4.52,95.25,47.89,0,0,137.55,2026-06-14 10:17
TR00003,12010,Shatabdi Express,Mumbai Central,Ahmedabad Jn,Vadodara,Ahmedabad Jn,200.45,74.95,13.0,0.079,27.2,15,1,17.7,0.343,2.03,171.81,74.61,0,0,182.67,2026-05-28 18:02
TR00004,12951,Mumbai Rajdhani,Mumbai Central,New Delhi,Surat,Vadodara,189.78,76.84,14.58,0.217,21.5,11,0,10.55,0.571,16.19,162.67,72.79,0,0,191.05,2026-04-02 14:11
TR00005,12622,Tamil Nadu Express,New Delhi,Chennai Central,Bhopal Jn,Nagpur,195.86,101.24,10.97,0.097,22.1,0,2,7.57,0.263,21.92,167.88,99.08,0,0,130.18,2026-03-08 02:10
TR00006,12295,Sanghamitra Express,Bengaluru,Patna Jn,Gaya Jn,Patna Jn,276.87,73.0,26.22,0.17,27.1,15,5,4.45,0.189,3.96,237.32,80.99,0,1,324.95,2026-02-25 20:24
TR00001,12123,Mumbai - Pune Express,Mumbai CST,Pune Jn,Kalyan,Karjat,289.16,74.83,12.37,0.153,20.1,2,5,17.01,0.163,3.64,247.86,87.04,0,0,254.98,2026-07-05 06:14
TR00002,11010,Deccan Express,Mumbai CST,Pune Jn,Kalyan,Lonavala,410.5,66.26,22.15,0.014,20.3,12,0,41.71,0.236,4.95,351.86,59.66,0,0,407.56,2026-07-13 18:47
TR00003,12010,Shatabdi Express,Mumbai Central,Ahmedabad Jn,Mumbai Central,Borivali,352.89,81.06,16.76,0.32,28.4,16,0,19.04,0.165,11.51,302.48,75.91,0,0,298.22,2026-02-11 20:58
TR00004,12951,Mumbai Rajdhani,Mumbai Central,New Delhi,Vadodara,Kota Jn,366.3,26.36,21.13,0.055,34.7,12,6,11.54,0.22,17.46,313.98,30.2,0,0,899.34,2026-04-25 02:59
TR00005,12622,Tamil Nadu Express,New Delhi,Chennai Central,Nagpur,Vijayawada,268.95,59.42,13.49,0.28,24.2,21,6,11.04,0.217,5.44,230.53,63.61,0,0,307.35,2026-01-04 02:07
TR00006,12295,Sanghamitra Express,Bengaluru,Patna Jn,Bengaluru,Guntakal Jn,342.55,58.34,26.31,0.561,28.8,12,3,7.05,0.361,13.74,293.61,56.69,0,0,433.79,2026-04-11 19:13
TR00001,12123,Mumbai - Pune Express,Mumbai CST,Pune Jn,Dadar,Kalyan,273.42,74.13,22.41,0.357,21.2,10,5,10.93,0.284,8.16,234.36,81.02,0,1,335.88,2026-02-07 15:35
TR00002,11010,Deccan Express,Mumbai CST,Pune Jn,Mumbai CST,Dadar,249.1,105.02,14.26,0.305,17.5,16,3,6.78,0.191,3.76,213.52,111.11,0,0,163.57,2026-03-25 18:43
TR00003,12010,Shatabdi Express,Mumbai Central,Ahmedabad Jn,Vapi,Surat,321.36,113.86,7.6,0.173,30.5,11,5,5.28,0.071,4.12,275.45,119.46,0,0,179.45,2026-08-13 13:59
TR00004,12951,Mumbai Rajdhani,Mumbai Central,New Delhi,Kota Jn,New Delhi,215.5,55.84,11.89,0.034,26.4,2,5,48.13,0.018,4.88,184.72,57.22,0,0,237.41,2026-08-24 05:57
TR00005,12622,Tamil Nadu Express,New Delhi,Chennai Central,Bhopal Jn,Nagpur,78.78,64.75,8.6,0.047,9.8,4,6,3.75,0.371,1.89,67.53,73.14,0,0,87.35,2026-06-27 05:27
TR00006,12295,Sanghamitra Express,Bengaluru,Patna Jn,Bengaluru,Guntakal Jn,240.98,57.69,18.31,0.247,31.5,23,4,5.16,0.155,19.7,206.56,47.94,0,0,274.8,2026-04-19 03:34
TR00001,12123,Mumbai - Pune Express,Mumbai CST,Pune Jn,Karjat,Lonavala,168.25,61.83,51.64,0.12,33.2,1,5,22.93,0.235,12.64,144.22,58.24,1,0,205.97,2026-01-26 04:25
TR00002,11010,Deccan Express,Mumbai CST,Pune Jn,Lonavala,Pune Jn,314.02,78.39,7.74,0.256,48.0,19,6,4.37,0.098,8.19,269.16,88.67,0,0,259.9,2026-03-30 23:19
TR00003,12010,Shatabdi Express,Mumbai Central,Ahmedabad Jn,Surat,Vadodara,351.03,85.39,15.49,0.144,23.4,8,6,8.34,0.107,5.99,300.88,98.73,0,0,268.34,2026-03-28 12:28
TR00004,12951,Mumbai Rajdhani,Mumbai Central,New Delhi,Mumbai Central,Surat,301.02,77.61,25.28,0.296,30.1,11,0,13.51,0.047,6.27,258.02,70.57,0,1,322.99,2026-08-02 16:22
TR00005,12622,Tamil Nadu Express,New Delhi,Chennai Central,Vijayawada,Chennai Central,215.08,78.87,32.58,0.354,19.1,23,3,6.24,0.192,3.55,184.35,88.55,0,0,200.29,2026-05-25 02:20
TR00006,12295,Sanghamitra Express,Bengaluru,Patna Jn,Guntakal Jn,Vijayawada,253.81,39.26,17.24,0.17,18.5,11,3,23.91,0.013,6.5,217.55,34.5,0,0,409.12,2026-02-07 17:49
TR00001,12123,Mumbai - Pune Express,Mumbai CST,Pune Jn,Lonavala,Pune Jn,415.25,67.6,21.05,0.101,36.6,5,3,19.84,0.482,19.16,355.93,71.97,0,0,433.36,2026-04-12 12:13
TR00002,11010,Deccan Express,Mumbai CST,Pune Jn,Kalyan,Lonavala,194.01,65.81,12.88,0.168,17.4,15,6,11.33,0.182,0.83,166.29,71.92,0,0,194.9,2026-01-05 18:14
TR00003,12010,Shatabdi Express,Mumbai Central,Ahmedabad Jn,Borivali,Vapi,394.08,82.52,22.98,0.467,20.1,13,6,6.98,0.467,9.59,337.78,70.67,0,0,357.65,2026-08-01 18:57
TR00004,12951,Mumbai Rajdhani,Mumbai Central,New Delhi,Surat,Vadodara,383.78,59.22,21.87,0.105,34.8,16,4,6.09,0.366,2.41,328.95,56.0,0,0,447.37,2026-06-21 23:27
TR00005,12622,Tamil Nadu Express,New Delhi,Chennai Central,New Delhi,Bhopal Jn,227.73,79.71,9.76,0.011,32.3,6,4,13.38,0.12,3.38,195.2,75.32,0,0,180.52,2026-05-15 09:00
TR00006,12295,Sanghamitra Express,Bengaluru,Patna Jn,Gaya Jn,Patna Jn,235.55,92.6,19.76,0.22,27.7,0,6,14.45,0.233,7.62,201.9,98.89,0,0,181.39,2026-06-04 03:01
TR00001,12123,Mumbai - Pune Express,Mumbai CST,Pune Jn,Kalyan,Karjat,189.31,22.57,14.34,0.405,33.8,0,3,2.36,0.63,3.46,162.26,29.74,0,0,651.27,2026-04-08 10:51
TR00002,11010,Deccan Express,Mumbai CST,Pune Jn,Mumbai CST,Dadar,254.77,78.34,21.77,0.189,27.4,3,1,9.26,0.324,20.53,218.37,70.84,0,0,230.7,2026-02-24 06:50
TR00003,12010,Shatabdi Express,Mumbai Central,Ahmedabad Jn,Vapi,Surat,137.32,69.32,11.58,0.044,26.2,22,5,2.72,0.209,5.28,117.71,63.16,1,0,140.37,2026-07-14 00:20
TR00004,12951,Mumbai Rajdhani,Mumbai Central,New Delhi,Kota Jn,New Delhi,221.48,62.62,29.36,0.167,29.7,14,5,7.37,0.216,5.36,189.84,52.67,1,0,251.83,2026-03-02 18:11
TR00005,12622,Tamil Nadu Express,New Delhi,Chennai Central,Nagpur,Vijayawada,111.17,58.17,26.53,0.466,26.0,0,6,19.98,0.254,15.88,95.29,50.11,0,0,147.07,2026-02-02 02:27
TR00006,12295,Sanghamitra Express,Bengaluru,Patna Jn,Gaya Jn,Patna Jn,234.1,75.31,39.82,0.111,33.2,15,4,15.21,0.676,12.07,200.66,65.5,0,1,317.56,2026-04-26 20:17
TR00001,12123,Mumbai - Pune Express,Mumbai CST,Pune Jn,Karjat,Lonavala,47.51,59.01,13.05,0.057,24.0,18,5,8.37,0.364,0.65,40.72,50.89,0,0,63.24,2026-05-04 19:03
TR00002,11010,Deccan Express,Mumbai CST,Pune Jn,Mumbai CST,Dadar,144.75,67.66,26.88,0.147,26.1,1,2,17.3,0.416,10.55,124.07,49.04,0,0,158.79,2026-01-24 03:38
TR00003,12010,Shatabdi Express,Mumbai Central,Ahmedabad Jn,Surat,Vadodara,164.31,102.48,44.67,0.264,29.8,14,1,26.93,0.707,11.56,140.83,119.54,0,0,144.56,2026-06-16 16:24
TR00004,12951,Mumbai Rajdhani,Mumbai Central,New Delhi,Surat,Vadodara,113.63,75.54,2.15,0.116,22.5,22,1,12.85,0.227,12.58,97.4,76.86,0,0,100.25,2026-08-14 23:40
TR00005,12622,Tamil Nadu Express,New Delhi,Chennai Central,New Delhi,Bhopal Jn,339.0,57.84,32.58,0.159,30.4,2,0,16.1,0.524,25.64,290.57,54.79,0,0,428.1,2026-04-23 09:08
TR00006,12295,Sanghamitra Express,Bengaluru,Patna Jn,Guntakal Jn,Vijayawada,287.36,99.31,29.03,0.12,39.1,17,5,3.59,0.449,21.06,246.31,103.35,0,1,275.98,2026-03-31 21:35
TR00001,12123,Mumbai - Pune Express,Mumbai CST,Pune Jn,Lonavala,Pune Jn,469.85,57.82,16.77,0.132,24.3,13,6,4.88,0.359,22.94,402.73,37.03,0,0,559.75,2026-05-16 22:19
TR00002,11010,Deccan Express,Mumbai CST,Pune Jn,Dadar,Kalyan,226.88,81.88,16.14,0.106,29.5,15,3,14.76,0.136,6.2,194.47,82.57,0,0,181.96,2026-04-15 18:01
TR00003,12010,Shatabdi Express,Mumbai Central,Ahmedabad Jn,Mumbai Central,Borivali,257.56,126.11,11.85,0.12,33.5,18,5,5.06,0.063,6.04,220.76,122.27,0,1,163.04,2026-01-09 20:43
TR00004,12951,Mumbai Rajdhani,Mumbai Central,New Delhi,Surat,Vadodara,576.43,90.95,22.95,0.39,38.1,17,4,16.58,0.113,8.67,494.08,69.11,0,0,421.8,2026-06-07 00:01
TR00005,12622,Tamil Nadu Express,New Delhi,Chennai Central,New Delhi,Bhopal Jn,444.51,51.99,30.55,0.498,35.2,6,5,10.63,0.607,15.08,381.01,50.24,0,0,682.87,2026-07-24 17:22
TR00006,12295,Sanghamitra Express,Bengaluru,Patna Jn,Vijayawada,Gaya Jn,258.56,87.12,15.01,0.104,27.1,1,3,7.82,0.252,6.73,221.62,87.83,0,0,200.66,2026-02-21 04:20
TR00001,12123,Mumbai - Pune Express,Mumbai CST,Pune Jn,Dadar,Kalyan,100.02,93.54,19.82,0.257,24.1,22,6,16.79,0.482,5.49,85.73,81.15,0,0,93.43,2026-07-03 23:33
TR00002,11010,Deccan Express,Mumbai CST,Pune Jn,Dadar,Kalyan,346.57,90.69,16.75,0.129,30.1,16,2,20.2,0.166,14.41,297.06,91.33,0,0,246.97,2026-08-07 20:06
TR00003,12010,Shatabdi Express,Mumbai Central,Ahmedabad Jn,Vadodara,Ahmedabad Jn,197.54,90.78,29.41,0.149,26.1,2,1,10.78,0.457,6.22,169.32,88.51,0,0,165.48,2026-03-02 04:45
TR00004,12951,Mumbai Rajdhani,Mumbai Central,New Delhi,Surat,Vadodara,308.65,88.73,21.98,0.293,26.5,7,0,19.35,0.356,5.85,264.56,88.86,0,1,326.37,2026-01-08 12:26
TR00005,12622,Tamil Nadu Express,New Delhi,Chennai Central,Bhopal Jn,Nagpur,159.68,59.89,5.9,0.228,40.2,0,2,2.89,0.1,0.93,136.87,67.52,0,0,171.4,2026-01-06 02:51
TR00006,12295,Sanghamitra Express,Bengaluru,Patna Jn,Gaya Jn,Patna Jn,143.14,86.91,19.68,0.029,26.1,10,1,18.66,0.147,20.27,122.69,82.56,1,0,130.14,2026-06-01 12:10
TR00001,12123,Mumbai - Pune Express,Mumbai CST,Pune Jn,Dadar,Kalyan,187.39,40.08,5.84,0.192,31.0,16,2,7.96,0.268,9.68,160.62,43.58,0,0,309.19,2026-03-06 21:09
TR00002,11010,Deccan Express,Mumbai CST,Pune Jn,Mumbai CST,Dadar,215.75,120.16,38.46,0.085,14.7,13,6,30.03,0.514,5.97,184.92,114.17,0,0,148.48,2026-01-13 15:28
TR00003,12010,Shatabdi Express,Mumbai Central,Ahmedabad Jn,Mumbai Central,Borivali,174.16,65.67,14.47,0.292,15.0,9,1,5.39,0.369,6.72,149.28,58.04,0,0,196.12,2026-03-16 12:16
TR00004,12951,Mumbai Rajdhani,Mumbai Central,New Delhi,Vadodara,Kota Jn,151.39,82.18,25.43,0.285,25.5,9,6,5.14,0.792,14.28,129.76,60.3,0,0,151.63,2026-03-06 11:31
TR00005,12622,Tamil Nadu Express,New Delhi,Chennai Central,Vijayawada,Chennai Central,173.85,81.69,33.67,0.331,39.7,5,6,33.86,0.308,8.37,149.02,78.8,0,0,160.85,2026-02-19 07:40
TR00006,12295,Sanghamitra Express,Bengaluru,Patna Jn,Bengaluru,Guntakal Jn,535.61,85.16,4.18,0.117,26.3,14,0,3.13,0.003,2.01,459.1,85.35,0,0,384.06,2026-07-29 20:24
TR00001,12123,Mumbai - Pune Express,Mumbai CST,Pune Jn,Karjat,Lonavala,153.63,95.39,21.1,0.075,21.6,21,6,29.23,0.324,23.89,131.68,102.79,0,0,120.33,2026-03-25 23:00
TR00002,11010,Deccan Express,Mumbai CST,Pune Jn,Lonavala,Pune Jn,327.44,52.84,22.41,0.48,28.0,22,2,17.44,0.343,5.4,280.66,62.64,0,0,454.01,2026-04-12 05:34
TR00003,12010,Shatabdi Express,Mumbai Central,Ahmedabad Jn,Mumbai Central,Borivali,73.98,62.65,11.18,0.126,29.3,23,3,11.91,0.382,11.09,63.41,70.89,0,0,88.33,2026-07-15 00:28
TR00004,12951,Mumbai Rajdhani,Mumbai Central,New Delhi,Vadodara,Kota Jn,251.99,59.44,16.17,0.091,36.7,20,0,16.98,0.32,4.64,215.99,72.54,0,0,285.9,2026-07-19 00:45
TR00005,12622,Tamil Nadu Express,New Delhi,Chennai Central,Bhopal Jn,Nagpur,220.14,89.7,12.47,0.45,29.2,16,3,4.99,0.208,17.21,188.69,85.82,0,0,177.71,2026-03-06 18:57
TR00006,12295,Sanghamitra Express,Bengaluru,Patna Jn,Bengaluru,Guntakal Jn,216.47,40.6,24.51,0.163,23.2,7,6,28.16,0.353,2.72,185.55,48.75,0,0,374.17,2026-08-24 13:14
TR00001,12123,Mumbai - Pune Express,Mumbai CST,Pune Jn,Dadar,Kalyan,310.09,61.73,1.59,0.223,20.7,10,3,12.86,0.035,10.2,265.79,69.57,0,0,315.89,2026-06-16 15:15
TR00002,11010,Deccan Express,Mumbai CST,Pune Jn,Dadar,Kalyan,395.81,52.11,22.27,0.04,26.6,0,6,9.16,0.465,1.93,339.27,39.43,0,0,530.23,2026-07-01 08:50
TR00003,12010,Shatabdi Express,Mumbai Central,Ahmedabad Jn,Mumbai Central,Borivali,219.69,108.67,11.26,0.168,19.9,18,2,21.49,0.395,21.14,188.31,121.69,0,0,146.03,2026-02-13 20:26
TR00004,12951,Mumbai Rajdhani,Mumbai Central,New Delhi,Vadodara,Kota Jn,56.48,47.77,15.11,0.176,30.9,18,2,31.6,0.197,12.49,48.41,45.98,0,0,93.13,2026-07-01 19:33
TR00005,12622,Tamil Nadu Express,New Delhi,Chennai Central,Vijayawada,Chennai Central,84.32,83.99,22.14,0.084,21.7,19,2,24.72,0.35,2.36,72.27,88.36,0,0,78.86,2026-05-22 20:18
TR00006,12295,Sanghamitra Express,Bengaluru,Patna Jn,Guntakal Jn,Vijayawada,212.02,36.16,39.32,0.413,30.2,21,0,23.65,0.635,4.61,181.73,20.48,0,0,465.68,2026-02-12 04:45
TR00001,12123,Mumbai - Pune Express,Mumbai CST,Pune Jn,Lonavala,Pune Jn,229.77,56.21,6.95,0.017,24.9,2,4,11.26,0.3,5.8,196.95,60.5,0,0,273.15,2026-08-17 06:33
TR00002,11010,Deccan Express,Mumbai CST,Pune Jn,Lonavala,Pune Jn,581.86,107.41,21.73,0.159,24.0,23,4,1.7,0.567,18.23,498.74,103.11,0,0,402.06,2026-03-08 05:42
TR00003,12010,Shatabdi Express,Mumbai Central,Ahmedabad Jn,Vapi,Surat,208.21,106.82,18.89,0.307,23.3,2,6,19.81,0.024,2.78,178.46,119.01,0,0,128.19,2026-01-02 04:08
TR00004,12951,Mumbai Rajdhani,Mumbai Central,New Delhi,Vadodara,Kota Jn,267.52,93.88,16.65,0.109,27.4,9,2,12.02,0.181,9.12,229.31,76.64,0,0,186.11,2026-03-05 12:06
TR00005,12622,Tamil Nadu Express,New Delhi,Chennai Central,New Delhi,Bhopal Jn,240.03,61.2,14.69,0.176,20.6,22,0,14.2,0.176,9.1,205.74,61.45,0,0,263.68,2026-08-19 02:23
TR00006,12295,Sanghamitra Express,Bengaluru,Patna Jn,Gaya Jn,Patna Jn,196.09,130.0,25.16,0.221,23.3,23,2,20.57,0.172,1.27,168.07,130.0,0,0,112.95,2026-03-21 00:52
TR00001,12123,Mumbai - Pune Express,Mumbai CST,Pune Jn,Karjat,Lonavala,156.64,86.05,30.38,0.334,30.3,0,6,32.03,0.358,1.23,134.26,80.24,0,0,139.06,2026-03-05 02:19
TR00002,11010,Deccan Express,Mumbai CST,Pune Jn,Mumbai CST,Dadar,271.15,83.7,36.77,0.186,31.2,9,6,17.61,0.495,9.98,232.41,78.99,0,0,243.92,2026-03-28 13:03
TR00003,12010,Shatabdi Express,Mumbai Central,Ahmedabad Jn,Vapi,Surat,445.98,61.47,20.47,0.141,38.6,16,2,19.83,0.178,6.75,382.27,45.13,1,0,499.29,2026-02-15 00:19
TR00004,12951,Mumbai Rajdhani,Mumbai Central,New Delhi,Mumbai Central,Surat,405.62,68.08,19.74,0.098,19.8,2,1,17.81,0.271,8.13,347.68,72.23,0,0,397.6,2026-06-02 08:37
TR00005,12622,Tamil Nadu Express,New Delhi,Chennai Central,New Delhi,Bhopal Jn,216.39,42.04,20.79,0.174,25.9,1,4,12.01,0.462,8.35,185.48,39.33,0,0,361.93,2026-04-24 07:01
TR00006,12295,Sanghamitra Express,Bengaluru,Patna Jn,Guntakal Jn,Vijayawada,454.33,87.35,19.43,0.129,25.1,13,0,14.14,0.286,2.51,389.43,89.15,0,0,351.04,2026-04-08 18:51
TR00001,12123,Mumbai - Pune Express,Mumbai CST,Pune Jn,Lonavala,Pune Jn,273.28,118.5,23.02,0.465,14.8,7,5,9.85,0.21,3.12,234.24,112.57,0,0,161.32,2026-03-04 09:41
TR00002,11010,Deccan Express,Mumbai CST,Pune Jn,Kalyan,Lonavala,69.52,89.48,17.44,0.355,27.1,4,6,11.06,0.043,1.87,59.59,87.25,1,0,68.69,2026-01-15 05:08
TR00003,12010,Shatabdi Express,Mumbai Central,Ahmedabad Jn,Borivali,Vapi,262.7,91.51,12.13,0.126,22.7,5,3,4.03,0.264,27.49,225.17,101.39,0,0,187.47,2026-05-12 08:07
TR00004,12951,Mumbai Rajdhani,Mumbai Central,New Delhi,Vadodara,Kota Jn,129.78,50.97,47.56,0.135,22.5,0,4,28.44,0.443,42.4,111.24,48.18,1,0,214.62,2026-05-03 03:34
TR00005,12622,Tamil Nadu Express,New Delhi,Chennai Central,Bhopal Jn,Nagpur,273.51,96.44,28.98,0.216,28.8,4,5,7.5,0.345,10.34,234.44,96.48,0,1,263.42,2026-02-16 08:23
TR00006,12295,Sanghamitra Express,Bengaluru,Patna Jn,Gaya Jn,Patna Jn,493.32,80.97,25.46,0.13,25.0,19,1,27.9,0.252,12.3,422.84,69.11,0,0,404.75,2026-08-12 01:44
TR00001,12123,Mumbai - Pune Express,Mumbai CST,Pune Jn,Lonavala,Pune Jn,226.04,55.29,29.98,0.141,31.3,9,0,2.27,0.143,19.25,193.75,51.97,0,1,349.96,2026-01-14 14:49
TR00002,11010,Deccan Express,Mumbai CST,Pune Jn,Kalyan,Lonavala,122.61,92.05,13.29,0.224,22.5,6,4,4.76,0.209,8.54,105.1,90.14,0,0,91.37,2026-04-05 07:31
TR00003,12010,Shatabdi Express,Mumbai Central,Ahmedabad Jn,Vadodara,Ahmedabad Jn,456.13,74.74,23.67,0.29,13.9,16,3,4.61,0.304,40.9,390.97,65.19,0,0,426.3,2026-05-31 23:06
TR00004,12951,Mumbai Rajdhani,Mumbai Central,New Delhi,Kota Jn,New Delhi,496.65,56.68,14.09,0.105,21.9,2,0,8.51,0.385,3.21,425.7,64.85,0,0,599.64,2026-04-09 11:59
TR00005,12622,Tamil Nadu Express,New Delhi,Chennai Central,Vijayawada,Chennai Central,183.25,89.29,30.62,0.497,21.4,12,2,39.17,0.38,14.16,157.07,96.39,0,0,170.54,2026-01-19 14:50
TR00006,12295,Sanghamitra Express,Bengaluru,Patna Jn,Gaya Jn,Patna Jn,359.72,62.96,3.8,0.033,27.0,13,2,7.35,0.335,2.09,308.33,50.64,0,0,373.81,2026-07-27 19:13
TR00001,12123,Mumbai - Pune Express,Mumbai CST,Pune Jn,Mumbai CST,Dadar,561.91,79.18,10.69,0.1,27.6,17,6,14.62,0.131,3.06,481.63,80.54,0,0,455.59,2026-03-16 00:35
TR00002,11010,Deccan Express,Mumbai CST,Pune Jn,Mumbai CST,Dadar,378.74,87.9,15.5,0.043,22.7,18,0,13.36,0.538,1.71,324.64,98.69,0,0,303.64,2026-05-01 23:03
TR00003,12010,Shatabdi Express,Mumbai Central,Ahmedabad Jn,Surat,Vadodara,165.51,77.01,8.5,0.061,26.2,6,4,9.56,0.176,9.39,141.86,85.67,0,0,133.24,2026-02-07 08:13
TR00004,12951,Mumbai Rajdhani,Mumbai Central,New Delhi,Kota Jn,New Delhi,333.57,53.44,29.17,0.066,31.6,6,5,8.96,0.476,28.29,285.92,56.94,0,1,579.1,2026-03-15 15:39
TR00005,12622,Tamil Nadu Express,New Delhi,Chennai Central,New Delhi,Bhopal Jn,189.04,83.02,27.75,0.327,30.6,21,4,23.51,0.385,1.71,162.03,84.4,0,0,172.69,2026-06-10 23:52
TR00006,12295,Sanghamitra Express,Bengaluru,Patna Jn,Vijayawada,Gaya Jn,179.11,23.0,25.32,0.445,30.5,11,6,6.62,0.725,0.6,153.53,20.0,0,0,632.56,2026-04-03 21:32
TR00001,12123,Mumbai - Pune Express,Mumbai CST,Pune Jn,Lonavala,Pune Jn,189.71,59.47,20.55,0.137,30.0,3,0,11.29,0.363,7.98,162.6,66.24,0,0,224.25,2026-07-25 06:44
TR00002,11010,Deccan Express,Mumbai CST,Pune Jn,Lonavala,Pune Jn,136.14,24.59,11.16,0.018,30.8,19,5,7.68,0.038,13.7,116.69,24.09,0,0,334.46,2026-02-17 00:34
TR00003,12010,Shatabdi Express,Mumbai Central,Ahmedabad Jn,Borivali,Vapi,137.58,80.23,23.03,0.228,22.1,14,6,12.9,0.602,0.87,117.93,87.0,0,0,138.45,2026-06-30 16:18
TR00004,12951,Mumbai Rajdhani,Mumbai Central,New Delhi,Mumbai Central,Surat,162.06,60.04,31.38,0.321,30.7,3,3,30.3,0.29,4.98,138.91,69.8,0,0,197.31,2026-04-04 06:17
TR00005,12622,Tamil Nadu Express,New Delhi,Chennai Central,New Delhi,Bhopal Jn,348.47,31.53,13.03,0.114,20.4,22,2,16.06,0.485,1.16,298.69,33.15,0,0,781.71,2026-07-11 11:01
TR00006,12295,Sanghamitra Express,Bengaluru,Patna Jn,Gaya Jn,Patna Jn,208.13,60.97,12.32,0.461,20.3,22,0,13.34,0.137,3.17,178.4,58.1,0,0,230.26,2026-03-28 01:50
TR00001,12123,Mumbai - Pune Express,Mumbai CST,Pune Jn,Mumbai CST,Dadar,155.07,96.24,30.99,0.056,27.8,12,2,20.36,0.13,18.12,132.92,86.09,0,1,148.34,2026-04-05 14:28
TR00002,11010,Deccan Express,Mumbai CST,Pune Jn,Mumbai CST,Dadar,382.38,81.68,30.76,0.029,41.4,0,1,28.24,0.378,2.48,327.76,86.02,0,0,325.9,2026-08-24 05:25
TR00003,12010,Shatabdi Express,Mumbai Central,Ahmedabad Jn,Surat,Vadodara,220.89,108.04,7.52,0.152,8.0,10,6,3.07,0.17,20.75,189.34,109.77,0,0,133.94,2026-02-12 12:13
TR00004,12951,Mumbai Rajdhani,Mumbai Central,New Delhi,Mumbai Central,Surat,273.24,130.0,21.15,0.334,36.1,11,6,19.92,0.422,4.65,234.2,119.72,0,0,161.08,2026-07-30 13:41
TR00005,12622,Tamil Nadu Express,New Delhi,Chennai Central,New Delhi,Bhopal Jn,199.48,107.79,14.42,0.081,24.3,3,6,14.98,0.282,7.99,170.98,110.69,0,0,127.6,2026-04-14 05:07
TR00006,12295,Sanghamitra Express,Bengaluru,Patna Jn,Vijayawada,Gaya Jn,214.69,54.44,24.28,0.146,25.1,1,2,24.38,0.456,11.82,184.02,48.64,0,0,288.91,2026-02-01 05:48
TR00001,12123,Mumbai - Pune Express,Mumbai CST,Pune Jn,Karjat,Lonavala,145.87,28.22,25.33,0.186,28.4,4,6,16.81,0.406,1.36,125.03,46.67,0,0,370.99,2026-04-01 10:10
TR00002,11010,Deccan Express,Mumbai CST,Pune Jn,Lonavala,Pune Jn,400.72,67.06,35.25,0.341,27.6,4,6,18.53,0.423,2.51,343.48,69.77,0,0,447.31,2026-08-23 11:27
TR00003,12010,Shatabdi Express,Mumbai Central,Ahmedabad Jn,Surat,Vadodara,148.73,58.09,24.27,0.134,23.4,4,3,15.73,0.435,19.87,127.49,45.38,0,0,188.1,2026-01-11 07:08
TR00004,12951,Mumbai Rajdhani,Mumbai Central,New Delhi,Kota Jn,New Delhi,493.3,58.22,21.4,0.056,37.2,19,5,35.24,0.345,6.9,422.83,53.18,0,0,567.58,2026-06-20 04:27
TR00005,12622,Tamil Nadu Express,New Delhi,Chennai Central,Nagpur,Vijayawada,465.11,80.46,15.16,0.133,26.9,1,4,22.26,0.15,22.89,398.67,77.98,0,0,371.05,2026-05-14 07:11
TR00006,12295,Sanghamitra Express,Bengaluru,Patna Jn,Guntakal Jn,Vijayawada,153.07,102.72,24.95,0.017,33.7,16,2,14.5,0.639,1.44,131.2,96.86,1,0,135.14,2026-06-25 18:15
TR00001,12123,Mumbai - Pune Express,Mumbai CST,Pune Jn,Mumbai CST,Dadar,382.14,85.97,44.18,0.087,37.0,15,1,14.4,0.265,2.25,327.55,78.25,1,1,404.08,2026-02-21 21:44
TR00002,11010,Deccan Express,Mumbai CST,Pune Jn,Dadar,Kalyan,371.01,24.71,15.81,0.345,31.6,0,5,6.44,0.103,10.88,318.01,20.0,0,0,978.42,2026-07-25 16:18
TR00003,12010,Shatabdi Express,Mumbai Central,Ahmedabad Jn,Vapi,Surat,224.32,80.04,42.46,0.22,24.0,16,2,7.78,0.327,11.19,192.27,81.23,1,1,281.36,2026-05-26 20:41
TR00004,12951,Mumbai Rajdhani,Mumbai Central,New Delhi,Kota Jn,New Delhi,124.97,56.15,22.36,0.213,25.4,11,3,12.66,0.141,1.1,107.12,49.83,0,1,195.41,2026-03-09 14:15
TR00005,12622,Tamil Nadu Express,New Delhi,Chennai Central,Nagpur,Vijayawada,261.15,76.08,12.35,0.012,33.3,13,1,15.39,0.295,1.59,223.84,63.08,0,1,288.51,2026-04-13 17:48
TR00006,12295,Sanghamitra Express,Bengaluru,Patna Jn,Bengaluru,Guntakal Jn,152.08,58.84,20.53,0.056,36.6,10,5,14.18,0.397,7.08,130.35,54.51,0,0,186.79,2026-03-22 13:06
TR00001,12123,Mumbai - Pune Express,Mumbai CST,Pune Jn,Lonavala,Pune Jn,147.55,75.03,23.78,0.2,19.7,4,2,6.91,0.298,2.5,126.47,79.9,0,1,183.03,2026-07-14 07:03
TR00002,11010,Deccan Express,Mumbai CST,Pune Jn,Mumbai CST,Dadar,146.03,58.09,31.17,0.441,29.0,9,2,30.2,0.049,0.96,125.17,50.3,0,1,221.78,2026-07-01 12:41
TR00003,12010,Shatabdi Express,Mumbai Central,Ahmedabad Jn,Mumbai Central,Borivali,105.0,87.51,16.48,0.239,37.8,8,2,21.16,0.313,6.8,90.0,103.25,0,0,94.68,2026-01-25 09:34
TR00004,12951,Mumbai Rajdhani,Mumbai Central,New Delhi,Mumbai Central,Surat,189.86,80.03,14.55,0.051,19.6,23,6,5.08,0.229,15.27,162.73,75.34,0,1,198.57,2026-04-30 02:18
TR00005,12622,Tamil Nadu Express,New Delhi,Chennai Central,Vijayawada,Chennai Central,296.79,95.88,18.22,0.242,38.5,1,2,9.95,0.478,18.34,254.39,105.84,0,0,221.66,2026-02-26 04:41
TR00006,12295,Sanghamitra Express,Bengaluru,Patna Jn,Guntakal Jn,Vijayawada,135.65,100.53,31.37,0.041,32.4,11,5,2.74,0.358,13.33,116.27,91.22,0,1,127.78,2026-03-27 13:07
TR00001,12123,Mumbai - Pune Express,Mumbai CST,Pune Jn,Dadar,Kalyan,183.24,32.8,4.85,0.028,27.4,2,0,6.77,0.256,12.03,157.06,40.59,0,0,371.19,2026-04-27 08:11
TR00002,11010,Deccan Express,Mumbai CST,Pune Jn,Mumbai CST,Dadar,115.88,87.08,11.07,0.136,19.1,17,5,3.41,0.114,7.25,99.33,86.99,0,0,78.25,2026-02-25 18:18
TR00003,12010,Shatabdi Express,Mumbai Central,Ahmedabad Jn,Surat,Vadodara,706.34,81.77,22.95,0.222,29.3,19,1,10.35,0.131,20.38,605.44,80.23,1,0,579.33,2026-08-02 04:39
TR00004,12951,Mumbai Rajdhani,Mumbai Central,New Delhi,Surat,Vadodara,172.42,78.72,15.91,0.434,24.5,8,4,5.77,0.204,6.66,147.79,65.78,0,0,154.26,2026-08-03 10:34
TR00005,12622,Tamil Nadu Express,New Delhi,Chennai Central,Vijayawada,Chennai Central,159.21,83.65,40.92,0.211,29.3,0,5,22.86,0.72,8.87,136.47,80.42,0,0,167.19,2026-06-08 02:47
TR00006,12295,Sanghamitra Express,Bengaluru,Patna Jn,Guntakal Jn,Vijayawada,200.06,40.86,25.51,0.171,38.4,22,0,32.07,0.243,9.68,171.48,20.0,0,1,427.57,2026-02-17 05:07
TR00001,12123,Mumbai - Pune Express,Mumbai CST,Pune Jn,Mumbai CST,Dadar,133.41,116.24,0.48,0.196,25.7,22,1,13.77,0.16,6.77,114.35,109.22,0,0,72.52,2026-06-01 23:12
TR00002,11010,Deccan Express,Mumbai CST,Pune Jn,Lonavala,Pune Jn,241.07,54.04,46.39,0.534,26.0,16,4,20.18,0.2,9.61,206.63,54.05,1,0,341.81,2026-04-29 21:41
TR00003,12010,Shatabdi Express,Mumbai Central,Ahmedabad Jn,Vadodara,Ahmedabad Jn,118.03,61.83,11.05,0.066,31.2,1,1,8.03,0.326,6.47,101.17,49.88,0,0,127.69,2026-02-23 03:07
TR00004,12951,Mumbai Rajdhani,Mumbai Central,New Delhi,Mumbai Central,Surat,138.1,65.96,12.18,0.073,45.4,3,0,16.92,0.292,7.63,118.37,55.81,0,0,149.26,2026-06-06 05:29
TR00005,12622,Tamil Nadu Express,New Delhi,Chennai Central,New Delhi,Bhopal Jn,260.61,75.55,33.66,0.119,27.0,1,3,1.15,0.775,7.03,223.38,63.54,1,0,291.3,2026-03-25 05:51
TR00006,12295,Sanghamitra Express,Bengaluru,Patna Jn,Guntakal Jn,Vijayawada,220.45,69.8,26.26,0.309,22.9,13,3,29.38,0.27,6.02,188.96,75.9,0,0,227.23,2026-06-25 16:47
TR00001,12123,Mumbai - Pune Express,Mumbai CST,Pune Jn,Lonavala,Pune Jn,415.63,84.0,8.75,0.386,26.9,23,4,6.32,0.132,1.84,356.25,93.9,0,0,332.02,2026-07-22 04:32
TR00002,11010,Deccan Express,Mumbai CST,Pune Jn,Mumbai CST,Dadar,218.67,74.47,17.94,0.217,26.5,15,5,8.56,0.373,10.22,187.44,79.91,0,0,213.6,2026-03-25 18:33
TR00003,12010,Shatabdi Express,Mumbai Central,Ahmedabad Jn,Vadodara,Ahmedabad Jn,153.98,86.04,67.07,0.354,28.6,14,0,38.31,0.457,12.66,131.98,101.66,1,0,172.1,2026-05-03 16:52
TR00004,12951,Mumbai Rajdhani,Mumbai Central,New Delhi,Mumbai Central,Surat,139.02,55.92,19.39,0.279,18.7,23,6,15.45,0.478,15.47,119.16,38.93,0,0,185.63,2026-02-22 02:05
TR00005,12622,Tamil Nadu Express,New Delhi,Chennai Central,Vijayawada,Chennai Central,515.39,67.79,15.12,0.049,40.6,2,5,14.68,0.517,8.45,441.76,71.72,0,0,536.8,2026-06-04 10:56
TR00006,12295,Sanghamitra Express,Bengaluru,Patna Jn,Gaya Jn,Patna Jn,71.3,85.21,32.65,0.221,29.0,11,2,17.31,0.178,12.07,61.11,89.38,1,0,90.16,2026-07-28 12:30
TR00001,12123,Mumbai - Pune Express,Mumbai CST,Pune Jn,Kalyan,Karjat,102.89,54.07,19.11,0.253,32.4,9,2,6.96,0.446,28.83,88.2,51.0,0,1,182.76,2026-01-26 12:02
TR00002,11010,Deccan Express,Mumbai CST,Pune Jn,Lonavala,Pune Jn,223.26,111.32,15.62,0.13,21.8,12,5,6.76,0.286,7.1,191.36,109.9,0,0,136.54,2026-05-27 14:16
TR00003,12010,Shatabdi Express,Mumbai Central,Ahmedabad Jn,Borivali,Vapi,177.03,91.13,21.69,0.048,24.5,8,2,50.93,0.163,2.9,151.74,86.66,0,0,129.74,2026-07-19 10:09
TR00004,12951,Mumbai Rajdhani,Mumbai Central,New Delhi,Vadodara,Kota Jn,147.71,77.57,23.34,0.075,36.7,10,5,6.92,0.298,6.74,126.61,80.56,0,1,169.01,2026-07-13 12:49
TR00005,12622,Tamil Nadu Express,New Delhi,Chennai Central,Bhopal Jn,Nagpur,245.88,84.64,23.92,0.113,25.9,20,0,24.65,0.499,4.17,210.75,93.01,0,0,217.04,2026-08-07 23:37
TR00006,12295,Sanghamitra Express,Bengaluru,Patna Jn,Guntakal Jn,Vijayawada,108.77,84.26,13.31,0.576,32.1,14,6,3.13,0.234,15.63,93.23,86.79,0,0,96.41,2026-08-10 15:36
TR00001,12123,Mumbai - Pune Express,Mumbai CST,Pune Jn,Mumbai CST,Dadar,130.56,98.16,30.09,0.168,18.3,14,2,7.83,0.337,1.81,111.91,103.93,0,0,102.85,2026-01-15 15:42
TR00002,11010,Deccan Express,Mumbai CST,Pune Jn,Mumbai CST,Dadar,144.91,65.75,17.36,0.33,30.8,21,3,2.11,0.141,22.94,124.21,76.75,0,0,155.37,2026-01-02 23:35
TR00003,12010,Shatabdi Express,Mumbai Central,Ahmedabad Jn,Vadodara,Ahmedabad Jn,248.57,91.83,23.29,0.037,19.5,13,5,5.8,0.197,0.99,213.06,100.44,0,1,226.33,2026-06-18 16:46
TR00004,12951,Mumbai Rajdhani,Mumbai Central,New Delhi,Surat,Vadodara,84.26,56.66,27.16,0.208,33.7,4,4,2.42,0.157,4.54,72.22,56.03,1,0,119.43,2026-03-20 05:59
TR00005,12622,Tamil Nadu Express,New Delhi,Chennai Central,Bhopal Jn,Nagpur,186.67,68.2,23.59,0.141,17.5,0,1,21.48,0.453,1.04,160.0,55.07,0,0,195.92,2026-02-02 03:15
TR00006,12295,Sanghamitra Express,Bengaluru,Patna Jn,Vijayawada,Gaya Jn,127.45,50.78,11.81,0.206,20.8,7,6,15.92,0.124,24.3,109.24,50.88,0,0,158.37,2026-08-08 09:38
TR00001,12123,Mumbai - Pune Express,Mumbai CST,Pune Jn,Mumbai CST,Dadar,347.12,81.22,20.05,0.129,34.1,6,0,5.59,0.521,4.93,297.53,85.7,0,0,312.38,2026-06-19 11:12
TR00002,11010,Deccan Express,Mumbai CST,Pune Jn,Kalyan,Lonavala,507.99,78.71,24.2,0.369,38.9,1,2,7.81,0.153,12.03,435.42,84.6,0,1,559.52,2026-06-27 10:19
TR00003,12010,Shatabdi Express,Mumbai Central,Ahmedabad Jn,Borivali,Vapi,130.64,39.42,19.07,0.066,34.6,3,3,29.74,0.369,1.84,111.98,56.83,0,0,233.89,2026-02-08 06:53
TR00004,12951,Mumbai Rajdhani,Mumbai Central,New Delhi,Surat,Vadodara,223.44,57.76,37.0,0.125,18.9,8,4,3.91,0.158,15.91,191.52,52.28,1,0,275.3,2026-02-21 12:35
TR00005,12622,Tamil Nadu Express,New Delhi,Chennai Central,Vijayawada,Chennai Central,616.74,60.35,8.49,0.23,30.5,20,0,6.85,0.025,8.45,528.63,57.46,0,1,799.26,2026-05-04 09:19
TR00006,12295,Sanghamitra Express,Bengaluru,Patna Jn,Bengaluru,Guntakal Jn,376.3,84.2,12.33,0.245,27.0,7,0,17.72,0.222,5.5,322.54,85.87,0,0,304.63,2026-01-31 12:04
TR00001,12123,Mumbai - Pune Express,Mumbai CST,Pune Jn,Kalyan,Karjat,245.78,104.28,18.13,0.127,29.5,8,2,8.38,0.037,8.82,210.67,112.42,0,0,160.43,2026-07-29 10:40
TR00002,11010,Deccan Express,Mumbai CST,Pune Jn,Mumbai CST,Dadar,190.22,74.27,23.24,0.245,26.7,6,6,4.22,0.296,21.97,163.05,74.36,0,0,183.23,2026-06-29 09:03
TR00003,12010,Shatabdi Express,Mumbai Central,Ahmedabad Jn,Surat,Vadodara,328.59,67.94,18.69,0.368,39.0,6,0,1.92,0.223,15.2,281.65,66.05,0,0,337.75,2026-06-15 11:37
TR00004,12951,Mumbai Rajdhani,Mumbai Central,New Delhi,Surat,Vadodara,227.98,61.23,33.35,0.124,33.9,11,5,1.91,0.236,3.22,195.41,63.19,1,0,272.08,2026-03-08 15:32
TR00005,12622,Tamil Nadu Express,New Delhi,Chennai Central,Vijayawada,Chennai Central,202.05,68.28,11.46,0.089,22.4,13,5,14.84,0.275,10.44,173.18,69.21,0,0,199.75,2026-03-17 16:19
TR00006,12295,Sanghamitra Express,Bengaluru,Patna Jn,Vijayawada,Gaya Jn,138.95,67.87,16.33,0.23,36.1,12,3,6.65,0.473,1.36,119.1,67.19,0,0,154.05,2026-05-06 14:34
TR00001,12123,Mumbai - Pune Express,Mumbai CST,Pune Jn,Lonavala,Pune Jn,155.22,82.83,0.0,0.312,27.1,6,4,9.23,0.063,6.11,133.05,64.14,0,0,121.31,2026-03-24 08:01
TR00002,11010,Deccan Express,Mumbai CST,Pune Jn,Kalyan,Lonavala,100.45,130.0,28.38,0.188,20.4,8,2,15.15,0.128,11.92,86.1,130.0,0,0,66.7,2026-03-03 09:06
TR00003,12010,Shatabdi Express,Mumbai Central,Ahmedabad Jn,Vapi,Surat,111.97,71.46,35.23,0.238,38.0,0,3,3.44,0.081,6.28,95.97,78.61,1,0,121.76,2026-04-01 02:01
TR00004,12951,Mumbai Rajdhani,Mumbai Central,New Delhi,Mumbai Central,Surat,163.59,27.56,26.44,0.198,38.3,18,0,31.54,0.378,9.61,140.22,30.77,0,0,410.49,2026-02-09 00:50
TR00005,12622,Tamil Nadu Express,New Delhi,Chennai Central,Bhopal Jn,Nagpur,296.05,57.52,29.83,0.317,25.3,3,1,3.83,0.451,4.32,253.76,60.41,0,0,385.61,2026-04-26 09:25
TR00006,12295,Sanghamitra Express,Bengaluru,Patna Jn,Gaya Jn,Patna Jn,39.18,104.55,14.59,0.078,35.8,14,4,20.75,0.151,1.12,33.58,111.67,0,0,31.98,2026-04-28 14:31
TR00001,12123,Mumbai - Pune Express,Mumbai CST,Pune Jn,Karjat,Lonavala,56.65,40.95,29.59,0.176,33.0,5,1,31.13,0.406,2.76,48.55,47.66,0,0,113.04,2026-01-23 06:53
TR00002,11010,Deccan Express,Mumbai CST,Pune Jn,Lonavala,Pune Jn,100.74,76.05,23.02,0.201,25.6,7,0,20.03,0.455,7.38,86.35,82.34,0,0,99.1,2026-05-30 08:39
TR00003,12010,Shatabdi Express,Mumbai Central,Ahmedabad Jn,Vadodara,Ahmedabad Jn,478.47,84.33,30.25,0.701,29.4,20,0,15.48,0.291,2.0,410.11,85.07,0,0,427.53,2026-08-15 03:07
TR00004,12951,Mumbai Rajdhani,Mumbai Central,New Delhi,Mumbai Central,Surat,415.31,88.2,22.86,0.165,26.7,23,5,13.91,0.31,2.73,355.98,83.41,0,0,334.82,2026-07-24 04:34
TR00005,12622,Tamil Nadu Express,New Delhi,Chennai Central,Nagpur,Vijayawada,101.42,105.95,16.39,0.181,28.0,5,5,24.38,0.314,2.47,86.93,105.19,0,0,71.86,2026-05-03 06:11
TR00006,12295,Sanghamitra Express,Bengaluru,Patna Jn,Guntakal Jn,Vijayawada,123.04,99.49,34.71,0.554,29.1,4,3,11.11,0.273,13.47,105.47,88.75,0,0,104.86,2026-05-24 05:44
TR00001,12123,Mumbai - Pune Express,Mumbai CST,Pune Jn,Lonavala,Pune Jn,225.63,82.94,33.17,0.228,31.5,16,5,22.82,0.384,1.28,193.39,74.29,0,0,201.4,2026-03-12 19:21
TR00002,11010,Deccan Express,Mumbai CST,Pune Jn,Mumbai CST,Dadar,193.15,76.54,9.86,0.167,30.8,21,5,15.53,0.133,3.43,165.56,62.46,0,0,163.66,2026-02-15 23:43
TR00003,12010,Shatabdi Express,Mumbai Central,Ahmedabad Jn,Borivali,Vapi,352.3,66.03,10.86,0.427,21.8,11,5,4.81,0.296,10.17,301.97,74.24,0,0,372.0,2026-08-18 17:12
TR00004,12951,Mumbai Rajdhani,Mumbai Central,New Delhi,Vadodara,Kota Jn,328.75,95.24,32.8,0.428,31.4,13,4,5.44,0.216,5.96,281.78,97.27,0,1,319.59,2026-06-22 18:19
TR00005,12622,Tamil Nadu Express,New Delhi,Chennai Central,Bhopal Jn,Nagpur,89.91,81.16,16.88,0.349,21.3,10,1,1.92,0.277,23.72,77.06,87.36,0,0,86.0,2026-01-22 11:25
TR00006,12295,Sanghamitra Express,Bengaluru,Patna Jn,Guntakal Jn,Vijayawada,84.91,87.39,39.84,0.142,40.0,17,6,24.89,0.18,15.04,72.78,83.88,1,0,93.3,2026-05-09 18:33
TR00001,12123,Mumbai - Pune Express,Mumbai CST,Pune Jn,Dadar,Kalyan,265.32,52.68,18.48,0.355,31.8,12,1,30.01,0.277,2.39,227.41,49.85,0,0,351.86,2026-04-22 17:51
TR00002,11010,Deccan Express,Mumbai CST,Pune Jn,Kalyan,Lonavala,211.23,103.3,23.32,0.238,21.0,15,6,3.36,0.675,1.78,181.05,97.64,0,0,166.24,2026-08-26 17:46
TR00003,12010,Shatabdi Express,Mumbai Central,Ahmedabad Jn,Vapi,Surat,494.22,93.81,15.87,0.282,27.1,5,6,2.86,0.254,12.51,423.62,92.66,0,0,365.03,2026-08-13 11:05
TR00004,12951,Mumbai Rajdhani,Mumbai Central,New Delhi,Vadodara,Kota Jn,267.17,82.73,10.51,0.132,35.3,21,1,25.14,0.113,10.74,229.01,81.9,0,0,214.55,2026-06-25 00:34
TR00005,12622,Tamil Nadu Express,New Delhi,Chennai Central,Bhopal Jn,Nagpur,494.88,44.27,34.74,0.329,41.2,13,6,9.74,0.325,17.4,424.18,49.79,1,0,797.57,2026-04-06 02:17
TR00006,12295,Sanghamitra Express,Bengaluru,Patna Jn,Bengaluru,Guntakal Jn,446.54,46.23,21.54,0.111,39.8,2,1,30.81,0.139,3.36,382.75,50.99,0,0,622.79,2026-04-20 12:22
TR00001,12123,Mumbai - Pune Express,Mumbai CST,Pune Jn,Lonavala,Pune Jn,156.57,60.13,19.19,0.201,33.8,2,6,19.26,0.539,9.45,134.21,61.24,0,0,198.67,2026-03-01 05:18
TR00002,11010,Deccan Express,Mumbai CST,Pune Jn,Dadar,Kalyan,179.18,74.69,22.95,0.224,33.2,23,0,19.19,0.287,0.66,153.58,68.68,0,0,169.68,2026-02-02 01:49
TR00003,12010,Shatabdi Express,Mumbai Central,Ahmedabad Jn,Vadodara,Ahmedabad Jn,118.36,82.26,15.94,0.362,18.4,0,2,9.58,0.135,4.86,101.45,88.57,0,0,110.1,2026-07-28 01:50
TR00004,12951,Mumbai Rajdhani,Mumbai Central,New Delhi,Mumbai Central,Surat,258.27,57.81,11.88,0.372,23.0,0,2,5.59,0.176,0.57,221.37,55.54,0,0,302.93,2026-03-21 05:02
TR00005,12622,Tamil Nadu Express,New Delhi,Chennai Central,Bhopal Jn,Nagpur,224.34,63.98,10.13,0.127,15.4,14,1,9.53,0.339,3.25,192.29,81.6,0,0,234.42,2026-05-28 17:54
TR00006,12295,Sanghamitra Express,Bengaluru,Patna Jn,Guntakal Jn,Vijayawada,228.7,81.29,10.07,0.179,20.7,14,5,13.3,0.213,3.42,196.03,83.85,0,0,188.6,2026-05-29 17:08
TR00001,12123,Mumbai - Pune Express,Mumbai CST,Pune Jn,Kalyan,Karjat,305.1,95.91,23.4,0.298,37.7,2,1,34.53,0.247,7.93,261.51,99.15,0,0,226.7,2026-06-15 05:46
TR00002,11010,Deccan Express,Mumbai CST,Pune Jn,Kalyan,Lonavala,76.51,44.05,33.62,0.136,37.4,18,0,19.66,0.369,5.51,65.58,36.68,0,1,166.88,2026-05-12 20:46
TR00003,12010,Shatabdi Express,Mumbai Central,Ahmedabad Jn,Mumbai Central,Borivali,193.72,99.05,22.85,0.024,26.4,0,4,12.16,0.393,29.17,166.04,116.93,0,0,141.86,2026-08-22 02:21
TR00004,12951,Mumbai Rajdhani,Mumbai Central,New Delhi,Kota Jn,New Delhi,281.08,87.35,21.79,0.193,34.7,14,3,6.12,0.064,15.04,240.93,74.49,0,0,210.79,2026-07-11 17:30
TR00005,12622,Tamil Nadu Express,New Delhi,Chennai Central,Vijayawada,Chennai Central,218.49,41.8,16.54,0.089,31.6,17,0,16.11,0.147,13.43,187.28,52.1,0,1,430.51,2026-01-13 00:10
TR00006,12295,Sanghamitra Express,Bengaluru,Patna Jn,Gaya Jn,Patna Jn,155.3,43.07,14.54,0.174,34.7,22,0,3.29,0.101,8.88,133.11,53.47,0,0,243.69,2026-08-28 02:03
TR00001,12123,Mumbai - Pune Express,Mumbai CST,Pune Jn,Mumbai CST,Dadar,107.71,63.61,12.56,0.076,32.5,16,3,12.84,0.322,1.66,92.32,63.21,0,0,115.75,2026-01-06 17:55
TR00002,11010,Deccan Express,Mumbai CST,Pune Jn,Dadar,Kalyan,307.43,94.43,34.7,0.169,18.2,22,4,26.23,0.153,8.22,263.51,103.32,1,0,246.51,2026-07-23 02:06
TR00003,12010,Shatabdi Express,Mumbai Central,Ahmedabad Jn,Mumbai Central,Borivali,231.94,73.96,14.8,0.272,39.8,6,1,22.01,0.258,8.88,198.8,70.32,0,0,214.97,2026-03-12 09:34
TR00004,12951,Mumbai Rajdhani,Mumbai Central,New Delhi,Mumbai Central,Surat,270.87,70.67,16.9,0.193,22.0,10,5,15.96,0.432,3.88,232.17,50.86,0,0,277.34,2026-07-01 14:37
TR00005,12622,Tamil Nadu Express,New Delhi,Chennai Central,Nagpur,Vijayawada,127.41,66.93,3.01,0.047,33.8,9,6,11.07,0.052,17.68,109.21,57.16,0,0,116.47,2026-06-07 10:56
TR00006,12295,Sanghamitra Express,Bengaluru,Patna Jn,Bengaluru,Guntakal Jn,158.23,63.95,12.7,0.068,16.3,13,0,6.53,0.47,3.09,135.62,71.04,0,0,172.25,2026-03-07 15:52
TR00001,12123,Mumbai - Pune Express,Mumbai CST,Pune Jn,Karjat,Lonavala,210.03,86.46,33.81,0.143,22.4,8,4,10.39,0.434,18.91,180.03,90.63,0,1,233.43,2026-01-20 11:53
TR00002,11010,Deccan Express,Mumbai CST,Pune Jn,Lonavala,Pune Jn,368.39,80.4,11.66,0.038,20.5,23,5,12.59,0.139,6.44,315.76,81.69,0,0,295.37,2026-04-07 03:55
TR00003,12010,Shatabdi Express,Mumbai Central,Ahmedabad Jn,Borivali,Vapi,438.48,76.29,15.23,0.158,27.1,7,2,11.64,0.475,5.44,375.84,78.62,0,0,411.81,2026-05-07 13:51
TR00004,12951,Mumbai Rajdhani,Mumbai Central,New Delhi,Surat,Vadodara,159.2,63.29,25.33,0.359,20.6,11,0,22.54,0.061,14.25,136.46,71.38,0,0,169.29,2026-05-20 13:49
TR00005,12622,Tamil Nadu Express,New Delhi,Chennai Central,Bhopal Jn,Nagpur,116.62,50.18,20.62,0.306,14.6,16,6,4.45,0.306,0.98,99.96,58.19,0,0,164.68,2026-05-03 18:44
TR00006,12295,Sanghamitra Express,Bengaluru,Patna Jn,Bengaluru,Guntakal Jn,242.9,105.36,15.83,0.31,32.5,7,4,0.31,0.232,12.38,208.2,102.8,0,0,158.72,2026-06-01 09:38
TR00001,12123,Mumbai - Pune Express,Mumbai CST,Pune Jn,Karjat,Lonavala,399.57,70.92,27.16,0.223,28.9,19,3,8.84,0.736,14.93,342.49,68.8,0,0,447.31,2026-01-27 02:27
TR00002,11010,Deccan Express,Mumbai CST,Pune Jn,Dadar,Kalyan,445.06,34.6,28.27,0.249,22.9,10,2,33.52,0.308,10.41,381.48,30.97,0,0,883.53,2026-05-18 00:43
TR00003,12010,Shatabdi Express,Mumbai Central,Ahmedabad Jn,Surat,Vadodara,121.16,60.93,24.87,0.581,19.1,22,2,16.12,0.237,2.16,103.85,53.98,0,1,194.71,2026-03-15 01:14
TR00004,12951,Mumbai Rajdhani,Mumbai Central,New Delhi,Kota Jn,New Delhi,102.84,64.34,17.06,0.285,29.1,18,4,22.29,0.161,22.97,88.15,63.3,0,0,114.63,2026-02-06 19:54
TR00005,12622,Tamil Nadu Express,New Delhi,Chennai Central,Vijayawada,Chennai Central,275.93,68.55,19.01,0.185,9.8,3,2,8.28,0.228,6.01,236.51,65.21,0,0,268.56,2026-07-17 07:28
TR00006,12295,Sanghamitra Express,Bengaluru,Patna Jn,Bengaluru,Guntakal Jn,237.4,33.32,32.81,0.241,31.6,2,5,4.73,0.368,27.16,203.48,28.25,0,0,502.66,2026-01-17 10:22
TR00001,12123,Mumbai - Pune Express,Mumbai CST,Pune Jn,Lonavala,Pune Jn,214.3,67.26,26.17,0.019,23.4,17,1,22.03,0.524,19.01,183.68,60.61,0,0,229.57,2026-03-13 20:49
TR00002,11010,Deccan Express,Mumbai CST,Pune Jn,Kalyan,Lonavala,301.0,61.14,11.58,0.256,36.5,1,2,12.78,0.202,4.65,258.0,60.45,0,0,324.34,2026-05-09 06:24
TR00003,12010,Shatabdi Express,Mumbai Central,Ahmedabad Jn,Mumbai Central,Borivali,282.86,36.45,24.01,0.244,23.8,23,6,4.07,0.38,6.49,242.46,38.29,0,1,716.87,2026-01-27 10:56
TR00004,12951,Mumbai Rajdhani,Mumbai Central,New Delhi,Kota Jn,New Delhi,295.64,80.62,31.26,0.074,28.3,13,5,3.0,0.146,7.91,253.4,59.63,1,0,263.48,2026-06-25 17:23
TR00005,12622,Tamil Nadu Express,New Delhi,Chennai Central,New Delhi,Bhopal Jn,144.09,89.62,18.5,0.082,23.5,19,6,5.63,0.287,3.27,123.5,90.39,1,0,128.24,2026-04-20 21:08
TR00006,12295,Sanghamitra Express,Bengaluru,Patna Jn,Guntakal Jn,Vijayawada,210.82,70.35,18.66,0.125,17.7,5,2,15.48,0.142,3.81,180.7,79.72,1,0,211.54,2026-03-30 08:31
TR00001,12123,Mumbai - Pune Express,Mumbai CST,Pune Jn,Karjat,Lonavala,272.55,35.84,11.38,0.152,27.6,18,3,13.6,0.145,5.76,233.62,38.98,0,0,487.44,2026-08-10 02:07
TR00002,11010,Deccan Express,Mumbai CST,Pune Jn,Lonavala,Pune Jn,275.67,88.42,26.71,0.232,34.6,15,4,41.07,0.385,9.88,236.29,83.9,0,0,223.69,2026-05-24 18:43
TR00003,12010,Shatabdi Express,Mumbai Central,Ahmedabad Jn,Vapi,Surat,201.37,86.32,23.6,0.128,29.3,21,4,12.93,0.324,5.26,172.6,75.27,0,0,163.19,2026-02-09 23:43
TR00004,12951,Mumbai Rajdhani,Mumbai Central,New Delhi,Vadodara,Kota Jn,532.45,43.36,9.89,0.089,23.6,0,2,4.01,0.149,6.61,456.38,37.68,0,0,782.45,2026-08-22 13:02
TR00005,12622,Tamil Nadu Express,New Delhi,Chennai Central,New Delhi,Bhopal Jn,134.12,121.86,16.88,0.108,36.5,2,6,11.7,0.368,16.32,114.96,126.09,0,0,89.9,2026-08-08 03:29
TR00006,12295,Sanghamitra Express,Bengaluru,Patna Jn,Bengaluru,Guntakal Jn,426.38,81.08,9.16,0.027,29.0,7,4,2.3,0.112,12.7,365.47,72.15,0,0,326.97,2026-07-28 12:26
TR00001,12123,Mumbai - Pune Express,Mumbai CST,Pune Jn,Karjat,Lonavala,190.15,40.36,28.27,0.362,20.4,11,4,24.61,0.177,7.63,162.98,35.56,0,1,414.24,2026-05-28 17:54
TR00002,11010,Deccan Express,Mumbai CST,Pune Jn,Lonavala,Pune Jn,202.18,54.7,16.9,0.238,32.1,6,4,19.86,0.146,10.26,173.3,42.91,0,0,246.77,2026-08-18 10:06
TR00003,12010,Shatabdi Express,Mumbai Central,Ahmedabad Jn,Vadodara,Ahmedabad Jn,122.85,50.28,22.32,0.387,28.3,18,5,8.0,0.331,8.29,105.3,52.19,0,0,185.56,2026-04-15 21:05
TR00004,12951,Mumbai Rajdhani,Mumbai Central,New Delhi,Kota Jn,New Delhi,389.83,61.58,23.14,0.042,24.0,6,4,6.57,0.438,17.67,334.14,65.3,0,0,441.81,2026-08-27 13:21
TR00005,12622,Tamil Nadu Express,New Delhi,Chennai Central,Nagpur,Vijayawada,121.48,45.1,19.89,0.179,25.5,8,6,22.83,0.178,1.56,104.12,47.96,0,0,182.93,2026-06-04 11:02
TR00006,12295,Sanghamitra Express,Bengaluru,Patna Jn,Gaya Jn,Patna Jn,333.13,75.97,24.71,0.12,38.8,5,0,41.44,0.125,8.26,285.54,90.52,0,1,367.54,2026-03-27 11:07
TR00001,12123,Mumbai - Pune Express,Mumbai CST,Pune Jn,Dadar,Kalyan,510.32,62.07,43.49,0.096,25.3,7,1,15.19,0.55,17.23,437.42,66.46,0,1,793.73,2026-06-11 20:13
TR00002,11010,Deccan Express,Mumbai CST,Pune Jn,Kalyan,Lonavala,204.69,89.96,14.14,0.053,29.0,10,1,27.56,0.054,22.3,175.45,91.99,0,0,137.59,2026-08-21 12:17
TR00003,12010,Shatabdi Express,Mumbai Central,Ahmedabad Jn,Vapi,Surat,226.22,63.96,22.02,0.064,28.0,7,2,17.28,0.072,3.63,193.9,62.24,0,1,285.66,2026-05-22 11:45
TR00004,12951,Mumbai Rajdhani,Mumbai Central,New Delhi,Surat,Vadodara,126.19,104.83,24.51,0.226,23.3,6,6,39.35,0.33,12.07,108.17,115.61,0,0,98.18,2026-01-14 07:38
TR00005,12622,Tamil Nadu Express,New Delhi,Chennai Central,New Delhi,Bhopal Jn,218.9,89.21,14.55,0.296,23.0,12,1,11.63,0.195,9.32,187.63,83.01,0,0,171.96,2026-01-29 14:51
TR00006,12295,Sanghamitra Express,Bengaluru,Patna Jn,Guntakal Jn,Vijayawada,108.65,49.94,21.59,0.058,40.8,7,5,31.28,0.459,2.72,93.13,56.38,0,0,166.62,2026-02-25 09:46
TR00001,12123,Mumbai - Pune Express,Mumbai CST,Pune Jn,Kalyan,Karjat,81.99,62.18,23.67,0.099,20.4,18,1,9.93,0.221,7.47,70.28,65.9,0,1,125.31,2026-06-20 20:05
TR00002,11010,Deccan Express,Mumbai CST,Pune Jn,Kalyan,Lonavala,152.26,106.1,15.3,0.383,25.9,7,5,11.02,0.231,9.03,130.51,100.0,0,0,108.56,2026-05-22 08:48
TR00003,12010,Shatabdi Express,Mumbai Central,Ahmedabad Jn,Surat,Vadodara,185.96,73.21,25.26,0.439,26.2,17,4,2.43,0.315,17.52,159.39,79.76,0,0,187.55,2026-06-13 20:07
TR00004,12951,Mumbai Rajdhani,Mumbai Central,New Delhi,Mumbai Central,Surat,265.7,91.78,21.72,0.026,16.6,2,5,44.84,0.279,7.32,227.75,90.45,0,0,192.43,2026-06-09 05:12
TR00005,12622,Tamil Nadu Express,New Delhi,Chennai Central,Vijayawada,Chennai Central,133.41,58.18,14.61,0.041,18.6,23,2,1.43,0.175,10.09,114.36,63.38,0,0,151.21,2026-05-10 01:31
TR00006,12295,Sanghamitra Express,Bengaluru,Patna Jn,Bengaluru,Guntakal Jn,160.0,94.39,11.36,0.179,21.5,2,4,24.74,0.185,3.96,137.14,104.46,0,0,115.53,2026-05-21 03:55
TR00001,12123,Mumbai - Pune Express,Mumbai CST,Pune Jn,Dadar,Kalyan,271.55,63.13,30.6,0.174,25.3,18,6,20.31,0.202,20.82,232.75,63.84,0,0,292.19,2026-01-03 22:52
TR00002,11010,Deccan Express,Mumbai CST,Pune Jn,Dadar,Kalyan,256.93,102.83,12.94,0.252,26.9,15,6,33.24,0.146,3.84,220.22,101.01,0,0,178.18,2026-02-03 17:58
TR00003,12010,Shatabdi Express,Mumbai Central,Ahmedabad Jn,Borivali,Vapi,167.77,56.92,45.2,0.124,28.2,7,4,8.93,0.517,7.23,143.8,64.92,0,0,225.59,2026-05-18 10:45
TR00004,12951,Mumbai Rajdhani,Mumbai Central,New Delhi,Vadodara,Kota Jn,102.33,79.97,27.62,0.157,23.8,12,6,9.98,0.445,10.02,87.71,74.55,0,0,95.44,2026-07-09 13:35
TR00005,12622,Tamil Nadu Express,New Delhi,Chennai Central,New Delhi,Bhopal Jn,220.95,78.24,26.31,0.584,29.8,8,3,14.21,0.097,30.51,189.38,81.28,0,0,209.02,2026-07-23 11:29
TR00006,12295,Sanghamitra Express,Bengaluru,Patna Jn,Vijayawada,Gaya Jn,210.47,69.85,36.88,0.275,26.8,21,2,8.92,0.27,14.04,180.4,84.66,1,0,233.25,2026-05-31 00:53
TR00001,12123,Mumbai - Pune Express,Mumbai CST,Pune Jn,Kalyan,Karjat,218.4,70.62,17.13,0.277,36.3,13,0,7.66,0.499,3.51,187.2,66.43,0,0,229.24,2026-04-17 16:49
TR00002,11010,Deccan Express,Mumbai CST,Pune Jn,Lonavala,Pune Jn,100.69,44.14,9.64,0.043,26.1,16,4,14.21,0.179,2.26,86.31,39.09,0,0,142.97,2026-01-09 18:22
TR00003,12010,Shatabdi Express,Mumbai Central,Ahmedabad Jn,Borivali,Vapi,300.86,57.43,17.34,0.125,28.6,22,0,15.03,0.355,7.86,257.88,61.49,0,0,358.91,2026-07-21 03:58
TR00004,12951,Mumbai Rajdhani,Mumbai Central,New Delhi,Mumbai Central,Surat,239.18,93.27,22.49,0.268,26.7,17,6,39.94,0.087,10.67,205.01,90.07,0,0,187.46,2026-07-19 20:07
TR00005,12622,Tamil Nadu Express,New Delhi,Chennai Central,Nagpur,Vijayawada,333.11,72.26,12.64,0.427,21.2,22,1,11.66,0.107,16.91,285.52,73.95,0,0,316.11,2026-08-12 03:16
TR00006,12295,Sanghamitra Express,Bengaluru,Patna Jn,Vijayawada,Gaya Jn,41.27,92.95,10.33,0.206,20.4,1,0,28.64,0.069,8.4,35.37,98.05,0,0,32.93,2026-07-05 01:32
TR00001,12123,Mumbai - Pune Express,Mumbai CST,Pune Jn,Dadar,Kalyan,97.19,84.0,10.85,0.399,24.8,13,5,0.88,0.313,1.96,83.31,94.87,0,0,85.4,2026-06-08 14:25
TR00002,11010,Deccan Express,Mumbai CST,Pune Jn,Lonavala,Pune Jn,99.85,56.8,7.23,0.022,41.8,7,5,16.97,0.156,6.91,85.58,53.38,0,0,113.44,2026-05-06 08:53
TR00003,12010,Shatabdi Express,Mumbai Central,Ahmedabad Jn,Borivali,Vapi,183.36,86.25,30.65,0.226,24.5,19,5,12.17,0.675,3.31,157.17,85.85,0,1,234.58,2026-04-11 22:54
TR00004,12951,Mumbai Rajdhani,Mumbai Central,New Delhi,Kota Jn,New Delhi,395.18,60.44,27.25,0.109,11.3,20,0,18.12,0.455,14.27,338.72,54.24,0,0,467.37,2026-06-23 03:47
TR00005,12622,Tamil Nadu Express,New Delhi,Chennai Central,Bhopal Jn,Nagpur,355.65,95.96,22.79,0.085,24.7,2,3,8.57,0.235,7.11,304.84,95.92,0,0,248.62,2026-04-14 06:08
TR00006,12295,Sanghamitra Express,Bengaluru,Patna Jn,Bengaluru,Guntakal Jn,112.21,83.24,21.35,0.17,20.9,13,4,32.42,0.163,2.87,96.18,74.98,0,0,96.66,2026-08-16 14:36
TR00001,12123,Mumbai - Pune Express,Mumbai CST,Pune Jn,Mumbai CST,Dadar,129.05,83.08,19.39,0.282,16.5,13,5,27.69,0.228,7.35,110.61,84.86,0,0,105.87,2026-08-05 14:45
TR00002,11010,Deccan Express,Mumbai CST,Pune Jn,Kalyan,Lonavala,285.62,54.39,30.02,0.742,27.3,7,0,13.94,0.19,3.98,244.81,49.38,0,0,386.38,2026-02-02 13:26
TR00003,12010,Shatabdi Express,Mumbai Central,Ahmedabad Jn,Vadodara,Ahmedabad Jn,229.93,58.94,16.41,0.099,32.6,3,2,22.52,0.286,22.56,197.08,63.89,0,0,265.13,2026-08-03 07:25
TR00004,12951,Mumbai Rajdhani,Mumbai Central,New Delhi,Mumbai Central,Surat,204.98,94.83,11.88,0.112,36.3,3,4,5.5,0.359,9.6,175.7,112.84,0,0,147.14,2026-04-02 05:27
TR00005,12622,Tamil Nadu Express,New Delhi,Chennai Central,Vijayawada,Chennai Central,122.54,104.72,11.88,0.036,26.0,4,1,14.7,0.102,0.76,105.03,115.87,0,0,81.24,2026-06-29 05:21
TR00006,12295,Sanghamitra Express,Bengaluru,Patna Jn,Gaya Jn,Patna Jn,149.64,97.67,16.86,0.266,34.8,8,2,9.54,0.199,19.08,128.26,86.51,0,0,111.76,2026-03-21 09:51
TR00001,12123,Mumbai - Pune Express,Mumbai CST,Pune Jn,Mumbai CST,Dadar,139.8,75.5,15.25,0.278,24.9,5,3,7.93,0.371,1.88,119.83,61.49,0,0,138.17,2026-02-20 07:18
TR00002,11010,Deccan Express,Mumbai CST,Pune Jn,Dadar,Kalyan,77.37,69.58,15.7,0.465,23.1,9,6,11.22,0.327,2.77,66.32,73.6,0,0,92.04,2026-06-12 10:32
TR00003,12010,Shatabdi Express,Mumbai Central,Ahmedabad Jn,Borivali,Vapi,209.86,108.48,12.39,0.219,31.1,13,1,11.26,0.11,13.52,179.88,113.96,0,0,122.67,2026-08-14 15:02
TR00004,12951,Mumbai Rajdhani,Mumbai Central,New Delhi,Surat,Vadodara,227.76,20.0,24.19,0.212,19.9,5,1,21.75,0.406,25.06,195.22,26.28,0,0,804.02,2026-06-15 18:24
TR00005,12622,Tamil Nadu Express,New Delhi,Chennai Central,Bhopal Jn,Nagpur,248.99,80.62,17.78,0.07,11.3,6,0,15.82,0.309,10.0,213.42,63.75,0,0,219.67,2026-07-21 09:39
TR00006,12295,Sanghamitra Express,Bengaluru,Patna Jn,Vijayawada,Gaya Jn,143.71,72.02,12.05,0.304,17.4,21,4,29.49,0.059,1.23,123.18,66.64,0,0,140.1,2026-06-14 23:20
TR00001,12123,Mumbai - Pune Express,Mumbai CST,Pune Jn,Karjat,Lonavala,137.29,20.0,18.77,0.077,39.0,4,4,8.56,0.292,12.06,117.68,36.9,0,0,451.08,2026-05-09 11:31
TR00002,11010,Deccan Express,Mumbai CST,Pune Jn,Dadar,Kalyan,243.97,102.76,23.81,0.028,20.7,18,6,6.06,0.279,5.57,209.12,105.43,0,0,163.05,2026-02-27 20:43
TR00003,12010,Shatabdi Express,Mumbai Central,Ahmedabad Jn,Vadodara,Ahmedabad Jn,238.19,74.42,10.08,0.339,24.1,18,1,16.07,0.03,13.97,204.17,79.03,0,0,203.78,2026-07-11 21:23
TR00004,12951,Mumbai Rajdhani,Mumbai Central,New Delhi,Vadodara,Kota Jn,323.1,77.54,19.6,0.09,14.4,9,3,16.13,0.303,5.87,276.95,79.8,0,0,277.45,2026-01-22 13:37
TR00005,12622,Tamil Nadu Express,New Delhi,Chennai Central,New Delhi,Bhopal Jn,175.32,40.65,8.74,0.054,40.6,10,1,9.11,0.556,0.69,150.27,35.6,0,0,303.26,2026-08-25 15:03
TR00006,12295,Sanghamitra Express,Bengaluru,Patna Jn,Bengaluru,Guntakal Jn,257.58,87.46,36.48,0.347,15.9,13,0,17.42,0.675,8.72,220.78,93.43,0,0,244.9,2026-02-24 17:04
TR00001,12123,Mumbai - Pune Express,Mumbai CST,Pune Jn,Lonavala,Pune Jn,215.9,98.9,10.68,0.123,26.2,0,5,6.81,0.171,0.4,185.06,102.52,0,0,142.42,2026-07-24 02:22
TR00002,11010,Deccan Express,Mumbai CST,Pune Jn,Kalyan,Lonavala,377.76,35.21,24.61,0.14,33.3,5,0,40.68,0.378,1.93,323.79,30.81,0,0,740.02,2026-05-19 17:20
TR00003,12010,Shatabdi Express,Mumbai Central,Ahmedabad Jn,Vadodara,Ahmedabad Jn,302.19,101.33,27.27,0.109,23.0,15,2,6.4,0.58,42.53,259.02,97.64,0,0,227.67,2026-06-06 18:47
TR00004,12951,Mumbai Rajdhani,Mumbai Central,New Delhi,Mumbai Central,Surat,319.96,53.44,4.96,0.282,34.0,6,0,17.53,0.214,7.31,274.25,46.3,0,0,401.67,2026-08-25 12:41
TR00005,12622,Tamil Nadu Express,New Delhi,Chennai Central,Bhopal Jn,Nagpur,592.56,102.22,0.08,0.14,22.3,19,4,10.24,0.168,3.5,507.9,108.07,0,0,371.66,2026-07-31 01:11
TR00006,12295,Sanghamitra Express,Bengaluru,Patna Jn,Guntakal Jn,Vijayawada,412.78,103.68,9.93,0.089,23.3,23,0,11.52,0.32,2.89,353.81,121.1,0,0,266.52,2026-06-16 03:26
TR00001,12123,Mumbai - Pune Express,Mumbai CST,Pune Jn,Karjat,Lonavala,199.61,101.8,34.26,0.265,26.8,1,0,22.6,0.416,55.51,171.09,91.97,0,0,151.93,2026-07-29 03:31
TR00002,11010,Deccan Express,Mumbai CST,Pune Jn,Mumbai CST,Dadar,226.94,106.25,20.92,0.047,29.8,13,5,0.49,0.374,2.78,194.52,123.4,0,0,151.03,2026-08-14 15:31
TR00003,12010,Shatabdi Express,Mumbai Central,Ahmedabad Jn,Borivali,Vapi,175.75,38.81,16.88,0.164,23.5,11,0,19.7,0.303,5.02,150.64,60.79,0,0,309.64,2026-01-04 16:09
TR00004,12951,Mumbai Rajdhani,Mumbai Central,New Delhi,Surat,Vadodara,286.96,82.44,16.58,0.19,34.0,16,2,10.46,0.268,12.83,245.96,68.81,0,0,234.47,2026-05-28 19:54
TR00005,12622,Tamil Nadu Express,New Delhi,Chennai Central,Nagpur,Vijayawada,501.99,60.91,18.52,0.21,28.3,19,0,18.05,0.186,5.6,430.28,76.28,0,0,546.73,2026-04-23 04:06
TR00006,12295,Sanghamitra Express,Bengaluru,Patna Jn,Guntakal Jn,Vijayawada,408.11,101.22,0.0,0.117,17.7,7,3,9.78,0.238,14.18,349.81,100.05,0,0,263.13,2026-02-15 11:23
TR00001,12123,Mumbai - Pune Express,Mumbai CST,Pune Jn,Dadar,Kalyan,339.62,76.32,40.43,0.25,19.9,2,6,8.7,0.223,1.0,291.11,78.27,1,0,318.59,2026-08-16 07:18
TR00002,11010,Deccan Express,Mumbai CST,Pune Jn,Dadar,Kalyan,282.35,65.46,17.08,0.056,19.6,23,0,6.56,0.471,7.27,242.01,71.14,0,0,300.66,2026-06-09 04:00
TR00003,12010,Shatabdi Express,Mumbai Central,Ahmedabad Jn,Surat,Vadodara,226.89,28.7,8.87,0.165,34.6,18,5,19.17,0.128,12.54,194.47,31.46,0,0,510.38,2026-04-05 02:30
TR00004,12951,Mumbai Rajdhani,Mumbai Central,New Delhi,Vadodara,Kota Jn,475.5,75.1,21.43,0.406,18.5,4,2,21.82,0.138,7.98,407.57,75.06,0,0,429.25,2026-03-15 11:09
TR00005,12622,Tamil Nadu Express,New Delhi,Chennai Central,Bhopal Jn,Nagpur,208.95,76.75,14.47,0.17,23.4,12,1,30.18,0.159,7.22,179.1,80.37,0,0,185.8,2026-02-07 15:05
TR00006,12295,Sanghamitra Express,Bengaluru,Patna Jn,Guntakal Jn,Vijayawada,335.98,23.2,26.6,0.163,18.8,17,1,10.12,0.413,25.91,287.98,27.61,0,0,1011.72,2026-04-21 09:51
TR00001,12123,Mumbai - Pune Express,Mumbai CST,Pune Jn,Lonavala,Pune Jn,368.03,24.41,4.65,0.084,12.8,12,0,9.78,0.367,8.0,315.45,33.77,0,0,1022.33,2026-05-10 05:02
TR00002,11010,Deccan Express,Mumbai CST,Pune Jn,Lonavala,Pune Jn,457.04,65.89,11.79,0.101,21.9,17,0,5.26,0.302,11.76,391.75,79.35,0,0,465.97,2026-08-22 00:45
TR00003,12010,Shatabdi Express,Mumbai Central,Ahmedabad Jn,Vapi,Surat,251.53,63.97,24.54,0.169,34.3,20,6,8.08,0.029,13.01,215.6,56.44,0,1,311.85,2026-05-29 01:11
TR00004,12951,Mumbai Rajdhani,Mumbai Central,New Delhi,Kota Jn,New Delhi,142.49,113.49,0.0,0.036,37.9,22,3,3.97,0.194,14.35,122.13,125.98,0,0,74.75,2026-06-19 23:14
TR00005,12622,Tamil Nadu Express,New Delhi,Chennai Central,Nagpur,Vijayawada,99.88,49.73,52.14,0.103,30.2,15,5,36.93,0.428,20.54,85.61,45.09,0,0,161.17,2026-07-19 17:41
TR00006,12295,Sanghamitra Express,Bengaluru,Patna Jn,Vijayawada,Gaya Jn,170.12,90.49,16.84,0.29,36.0,15,3,18.89,0.08,16.63,145.81,79.65,0,1,172.28,2026-03-28 17:52
TR00001,12123,Mumbai - Pune Express,Mumbai CST,Pune Jn,Mumbai CST,Dadar,396.27,88.98,21.78,0.13,27.7,23,6,19.86,0.057,8.59,339.66,87.32,0,0,284.19,2026-02-13 03:44
TR00002,11010,Deccan Express,Mumbai CST,Pune Jn,Mumbai CST,Dadar,229.24,51.97,10.98,0.179,26.3,9,6,8.5,0.121,11.27,196.49,51.15,0,0,288.19,2026-05-05 13:48
TR00003,12010,Shatabdi Express,Mumbai Central,Ahmedabad Jn,Vapi,Surat,499.08,76.73,18.98,0.026,34.7,17,4,11.85,0.324,13.79,427.78,86.87,0,0,443.94,2026-03-30 00:23
TR00004,12951,Mumbai Rajdhani,Mumbai Central,New Delhi,Surat,Vadodara,459.65,25.15,2.98,0.167,36.4,6,4,10.99,0.107,12.14,393.99,21.09,0,0,1157.42,2026-02-11 01:17
TR00005,12622,Tamil Nadu Express,New Delhi,Chennai Central,New Delhi,Bhopal Jn,154.14,39.35,18.05,0.194,29.5,13,6,18.81,0.277,0.53,132.12,32.33,0,0,272.35,2026-02-17 17:32
TR00006,12295,Sanghamitra Express,Bengaluru,Patna Jn,Vijayawada,Gaya Jn,195.05,106.97,3.81,0.089,25.5,11,2,3.56,0.185,17.91,167.18,115.76,0,0,116.89,2026-01-04 12:56
TR00001,12123,Mumbai - Pune Express,Mumbai CST,Pune Jn,Kalyan,Karjat,201.7,72.57,22.9,0.285,29.2,13,4,14.79,0.198,13.81,172.88,84.59,0,0,198.66,2026-05-21 16:18
TR00002,11010,Deccan Express,Mumbai CST,Pune Jn,Lonavala,Pune Jn,232.26,74.53,18.41,0.246,27.7,19,6,13.68,0.351,0.64,199.08,74.13,0,0,222.89,2026-03-21 22:42
TR00003,12010,Shatabdi Express,Mumbai Central,Ahmedabad Jn,Surat,Vadodara,200.15,62.14,12.84,0.5,33.2,21,2,7.18,0.268,2.31,171.56,58.36,0,0,231.38,2026-08-08 00:51
TR00004,12951,Mumbai Rajdhani,Mumbai Central,New Delhi,Kota Jn,New Delhi,48.45,60.12,51.32,0.543,28.2,15,0,18.43,0.665,1.66,41.53,43.59,1,0,99.4,2026-05-02 16:39
TR00005,12622,Tamil Nadu Express,New Delhi,Chennai Central,Nagpur,Vijayawada,405.54,36.9,28.84,0.019,18.4,16,5,18.87,0.274,3.53,347.61,35.0,1,0,736.35,2026-04-17 04:16
TR00006,12295,Sanghamitra Express,Bengaluru,Patna Jn,Guntakal Jn,Vijayawada,386.97,101.26,42.9,0.332,21.2,20,6,46.62,0.465,5.97,331.69,116.82,0,0,307.51,2026-03-27 01:07
TR00001,12123,Mumbai - Pune Express,Mumbai CST,Pune Jn,Mumbai CST,Dadar,42.84,66.65,11.98,0.114,40.9,0,4,0.97,0.346,3.56,36.72,69.25,0,0,46.19,2026-03-20 00:46
TR00002,11010,Deccan Express,Mumbai CST,Pune Jn,Lonavala,Pune Jn,422.25,99.15,24.99,0.084,26.9,14,0,24.55,0.2,36.59,361.93,86.89,0,0,287.66,2026-03-05 18:47
TR00003,12010,Shatabdi Express,Mumbai Central,Ahmedabad Jn,Vapi,Surat,285.8,58.97,24.19,0.235,24.1,13,2,19.81,0.276,2.91,244.98,52.65,0,0,336.44,2026-04-09 18:36
TR00004,12951,Mumbai Rajdhani,Mumbai Central,New Delhi,Vadodara,Kota Jn,130.15,64.44,34.22,0.438,35.7,7,6,12.84,0.642,26.36,111.56,72.83,0,0,170.41,2026-04-18 09:50
TR00005,12622,Tamil Nadu Express,New Delhi,Chennai Central,Bhopal Jn,Nagpur,371.38,52.79,31.83,0.155,31.4,8,3,17.65,0.589,6.61,318.32,47.22,0,0,525.96,2026-03-01 16:45
TR00006,12295,Sanghamitra Express,Bengaluru,Patna Jn,Guntakal Jn,Vijayawada,64.67,64.65,21.92,0.095,34.4,3,5,6.45,0.279,4.57,55.43,65.26,0,1,96.33,2026-06-24 04:36
TR00001,12123,Mumbai - Pune Express,Mumbai CST,Pune Jn,Lonavala,Pune Jn,162.45,65.93,26.59,0.383,18.2,19,0,32.79,0.228,6.11,139.24,50.03,0,0,177.15,2026-02-26 21:57
TR00002,11010,Deccan Express,Mumbai CST,Pune Jn,Mumbai CST,Dadar,151.09,106.82,13.87,0.028,25.6,13,1,6.06,0.356,26.24,129.51,110.28,0,0,102.03,2026-05-01 14:42
TR00003,12010,Shatabdi Express,Mumbai Central,Ahmedabad Jn,Surat,Vadodara,436.08,80.51,23.3,0.22,24.1,17,4,4.52,0.259,4.56,373.79,63.31,0,0,368.61,2026-08-24 23:08
TR00004,12951,Mumbai Rajdhani,Mumbai Central,New Delhi,Vadodara,Kota Jn,222.67,65.49,27.08,0.201,21.4,21,6,0.71,0.474,7.55,190.86,74.0,0,0,254.49,2026-07-24 01:14
TR00005,12622,Tamil Nadu Express,New Delhi,Chennai Central,Vijayawada,Chennai Central,314.23,58.23,14.74,0.153,32.1,1,0,9.57,0.169,4.0,269.34,70.3,0,0,354.19,2026-05-01 06:54
TR00006,12295,Sanghamitra Express,Bengaluru,Patna Jn,Vijayawada,Gaya Jn,532.29,128.22,38.55,0.241,19.6,16,5,26.98,0.102,62.96,456.25,112.74,0,0,291.2,2026-06-02 20:51
TR00001,12123,Mumbai - Pune Express,Mumbai CST,Pune Jn,Kalyan,Karjat,136.9,91.21,12.07,0.094,28.3,7,6,34.58,0.274,9.64,117.35,87.04,0,0,105.9,2026-06-21 08:45
TR00002,11010,Deccan Express,Mumbai CST,Pune Jn,Mumbai CST,Dadar,238.61,82.85,23.88,0.04,22.6,16,4,40.16,0.285,7.61,204.52,95.98,0,0,198.45,2026-01-11 19:18
TR00003,12010,Shatabdi Express,Mumbai Central,Ahmedabad Jn,Borivali,Vapi,227.82,117.46,12.31,0.159,36.3,8,2,15.85,0.29,3.85,195.27,106.38,0,0,131.38,2026-05-10 10:11
TR00004,12951,Mumbai Rajdhani,Mumbai Central,New Delhi,Mumbai Central,Surat,97.14,94.16,25.42,0.105,17.6,6,3,19.99,0.184,13.07,83.26,91.15,0,0,77.08,2026-03-28 07:17
TR00005,12622,Tamil Nadu Express,New Delhi,Chennai Central,Bhopal Jn,Nagpur,111.74,48.84,35.76,0.081,35.5,13,6,4.48,0.58,6.65,95.77,40.29,0,1,235.32,2026-04-12 16:55
TR00006,12295,Sanghamitra Express,Bengaluru,Patna Jn,Gaya Jn,Patna Jn,155.12,60.09,12.53,0.367,26.7,21,1,4.15,0.484,1.77,132.96,59.21,0,0,191.92,2026-02-07 00:11
TR00001,12123,Mumbai - Pune Express,Mumbai CST,Pune Jn,Mumbai CST,Dadar,252.7,75.03,16.51,0.167,30.2,6,2,18.01,0.206,3.3,216.6,84.62,0,0,228.65,2026-07-28 09:48
TR00002,11010,Deccan Express,Mumbai CST,Pune Jn,Dadar,Kalyan,73.76,80.55,19.81,0.433,29.9,12,5,23.15,0.166,7.67,63.22,81.33,0,0,69.99,2026-04-05 13:09
TR00003,12010,Shatabdi Express,Mumbai Central,Ahmedabad Jn,Vapi,Surat,283.02,81.47,27.79,0.152,32.8,20,2,11.46,0.543,26.36,242.59,97.15,0,0,263.5,2026-07-05 00:23
TR00004,12951,Mumbai Rajdhani,Mumbai Central,New Delhi,Surat,Vadodara,135.25,102.41,32.26,0.353,16.7,9,4,34.95,0.261,5.96,115.93,112.25,0,0,103.67,2026-06-20 10:43
TR00005,12622,Tamil Nadu Express,New Delhi,Chennai Central,Bhopal Jn,Nagpur,166.95,33.89,28.15,0.035,29.0,6,4,4.76,0.606,7.51,143.1,29.18,0,0,366.5,2026-04-13 12:06
TR00006,12295,Sanghamitra Express,Bengaluru,Patna Jn,Guntakal Jn,Vijayawada,100.33,70.3,23.0,0.157,21.0,3,3,15.95,0.382,11.6,86.0,66.8,0,0,112.04,2026-07-22 04:52
TR00001,12123,Mumbai - Pune Express,Mumbai CST,Pune Jn,Lonavala,Pune Jn,171.54,60.47,42.75,0.026,23.7,11,5,26.84,0.5,16.09,147.03,64.6,1,0,232.01,2026-08-09 14:52
TR00002,11010,Deccan Express,Mumbai CST,Pune Jn,Kalyan,Lonavala,171.62,78.67,13.25,0.266,27.2,20,0,7.92,0.055,1.95,147.1,84.51,0,0,148.69,2026-01-19 22:28
TR00003,12010,Shatabdi Express,Mumbai Central,Ahmedabad Jn,Mumbai Central,Borivali,135.84,87.12,28.83,0.152,35.2,12,2,10.39,0.53,15.22,116.43,80.19,0,0,122.81,2026-02-03 14:02
TR00004,12951,Mumbai Rajdhani,Mumbai Central,New Delhi,Kota Jn,New Delhi,173.12,20.0,24.52,0.509,30.5,14,4,11.6,0.155,8.94,148.39,20.0,0,0,603.35,2026-01-28 00:03
TR00005,12622,Tamil Nadu Express,New Delhi,Chennai Central,Vijayawada,Chennai Central,443.56,63.73,4.47,0.209,36.3,12,4,15.63,0.055,9.45,380.19,45.45,0,0,439.22,2026-05-04 19:19
TR00006,12295,Sanghamitra Express,Bengaluru,Patna Jn,Vijayawada,Gaya Jn,205.61,54.98,34.26,0.104,20.2,2,6,7.78,0.135,16.54,176.24,71.06,1,0,273.46,2026-04-16 06:33
TR00001,12123,Mumbai - Pune Express,Mumbai CST,Pune Jn,Karjat,Lonavala,249.93,72.43,13.48,0.304,29.4,11,6,25.78,0.12,1.73,214.23,64.23,0,0,230.33,2026-04-08 14:50
TR00002,11010,Deccan Express,Mumbai CST,Pune Jn,Mumbai CST,Dadar,216.44,72.39,4.23,0.139,37.5,8,6,7.88,0.034,7.78,185.52,70.8,0,0,189.6,2026-05-19 11:09
TR00003,12010,Shatabdi Express,Mumbai Central,Ahmedabad Jn,Borivali,Vapi,215.08,77.2,15.83,0.098,34.7,18,6,11.49,0.287,7.4,184.35,94.5,0,0,187.41,2026-07-24 21:07
TR00004,12951,Mumbai Rajdhani,Mumbai Central,New Delhi,Vadodara,Kota Jn,184.82,90.9,36.65,0.212,38.0,9,0,16.85,0.03,36.22,158.42,91.84,1,0,154.73,2026-05-18 11:34
TR00005,12622,Tamil Nadu Express,New Delhi,Chennai Central,New Delhi,Bhopal Jn,100.48,64.74,34.1,0.245,23.8,16,3,17.24,0.303,3.74,86.13,71.23,1,0,138.9,2026-07-08 18:18
TR00006,12295,Sanghamitra Express,Bengaluru,Patna Jn,Vijayawada,Gaya Jn,357.87,88.86,24.92,0.398,24.5,2,5,25.55,0.409,7.29,306.74,80.19,0,0,301.57,2026-08-06 07:01
TR00001,12123,Mumbai - Pune Express,Mumbai CST,Pune Jn,Lonavala,Pune Jn,63.93,77.17,17.34,0.275,29.4,2,4,3.61,0.445,9.93,54.8,61.6,0,0,65.8,2026-08-25 03:05
TR00002,11010,Deccan Express,Mumbai CST,Pune Jn,Dadar,Kalyan,144.51,88.42,41.14,0.175,29.2,16,3,37.91,0.566,13.32,123.87,87.17,1,0,150.15,2026-03-01 18:30
TR00003,12010,Shatabdi Express,Mumbai Central,Ahmedabad Jn,Surat,Vadodara,149.14,76.91,15.51,0.044,30.8,10,1,16.9,0.255,1.95,127.83,97.55,0,0,130.26,2026-05-23 12:10
TR00004,12951,Mumbai Rajdhani,Mumbai Central,New Delhi,Kota Jn,New Delhi,376.43,28.99,28.33,0.359,40.0,18,5,12.37,0.08,20.86,322.65,35.51,1,0,870.01,2026-08-16 08:30
TR00005,12622,Tamil Nadu Express,New Delhi,Chennai Central,Bhopal Jn,Nagpur,191.49,114.33,16.72,0.074,28.7,14,2,14.37,0.473,2.79,164.14,112.7,0,0,125.89,2026-03-03 16:05
TR00006,12295,Sanghamitra Express,Bengaluru,Patna Jn,Vijayawada,Gaya Jn,422.15,62.91,27.49,0.479,33.0,20,2,4.44,0.311,5.06,361.85,48.73,1,0,496.69,2026-03-27 04:16
TR00001,12123,Mumbai - Pune Express,Mumbai CST,Pune Jn,Lonavala,Pune Jn,142.91,62.82,27.07,0.066,26.3,13,6,7.38,0.454,23.44,122.5,47.36,0,0,169.07,2026-06-27 15:49
TR00002,11010,Deccan Express,Mumbai CST,Pune Jn,Lonavala,Pune Jn,201.16,60.4,21.99,0.06,41.3,2,2,11.41,0.329,5.62,172.42,72.72,0,1,294.6,2026-03-09 06:54
TR00003,12010,Shatabdi Express,Mumbai Central,Ahmedabad Jn,Vadodara,Ahmedabad Jn,232.14,56.22,26.69,0.053,29.9,16,4,12.52,0.229,4.81,198.98,51.49,1,0,291.14,2026-04-14 20:51
TR00004,12951,Mumbai Rajdhani,Mumbai Central,New Delhi,Surat,Vadodara,290.56,32.91,10.43,0.29,30.6,10,4,13.73,0.354,7.72,249.05,44.07,0,0,613.25,2026-04-11 20:13
TR00005,12622,Tamil Nadu Express,New Delhi,Chennai Central,Nagpur,Vijayawada,250.41,89.97,27.13,0.224,27.3,22,3,14.08,0.104,0.16,214.64,84.72,0,1,237.48,2026-02-21 01:57
TR00006,12295,Sanghamitra Express,Bengaluru,Patna Jn,Gaya Jn,Patna Jn,304.83,111.78,15.81,0.229,31.2,7,0,1.65,0.046,3.99,261.29,112.43,0,0,172.23,2026-05-30 09:52
TR00001,12123,Mumbai - Pune Express,Mumbai CST,Pune Jn,Karjat,Lonavala,206.2,55.09,5.68,0.139,33.3,21,0,4.08,0.222,18.97,176.74,52.79,0,0,240.48,2026-05-20 01:00
TR00002,11010,Deccan Express,Mumbai CST,Pune Jn,Mumbai CST,Dadar,344.31,88.4,17.19,0.227,32.1,6,3,33.91,0.192,5.51,295.12,93.66,0,0,262.22,2026-05-18 10:22
TR00003,12010,Shatabdi Express,Mumbai Central,Ahmedabad Jn,Vadodara,Ahmedabad Jn,350.37,50.8,18.07,0.352,24.8,10,2,16.73,0.272,4.87,300.32,58.7,0,0,476.42,2026-02-17 17:56
TR00004,12951,Mumbai Rajdhani,Mumbai Central,New Delhi,Surat,Vadodara,87.27,60.14,26.4,0.046,18.3,16,1,23.95,0.244,8.87,74.8,65.52,0,0,107.8,2026-01-23 17:47
TR00005,12622,Tamil Nadu Express,New Delhi,Chennai Central,Vijayawada,Chennai Central,434.86,54.47,23.49,0.04,40.8,10,1,1.27,0.462,3.67,372.74,59.05,0,1,719.61,2026-03-16 21:59
TR00006,12295,Sanghamitra Express,Bengaluru,Patna Jn,Bengaluru,Guntakal Jn,184.33,87.7,19.22,0.29,26.3,18,6,17.56,0.205,8.52,157.99,82.53,0,0,147.06,2026-08-06 20:27
TR00001,12123,Mumbai - Pune Express,Mumbai CST,Pune Jn,Karjat,Lonavala,337.54,69.46,23.25,0.075,36.9,22,6,24.63,0.258,14.85,289.32,63.68,0,0,327.16,2026-07-09 03:27
TR00002,11010,Deccan Express,Mumbai CST,Pune Jn,Lonavala,Pune Jn,266.51,69.81,7.8,0.151,25.9,1,0,9.23,0.312,2.91,228.44,65.93,0,0,261.04,2026-05-04 05:21
TR00003,12010,Shatabdi Express,Mumbai Central,Ahmedabad Jn,Borivali,Vapi,270.8,52.96,1.45,0.029,30.1,13,4,8.59,0.129,4.61,232.11,48.78,0,0,318.86,2026-08-21 18:18
TR00004,12951,Mumbai Rajdhani,Mumbai Central,New Delhi,Mumbai Central,Surat,303.18,74.39,7.65,0.182,20.4,14,4,14.26,0.069,13.99,259.87,65.41,0,0,257.89,2026-06-01 18:17
TR00005,12622,Tamil Nadu Express,New Delhi,Chennai Central,Vijayawada,Chennai Central,124.76,130.0,19.38,0.253,22.2,11,2,37.67,0.185,4.8,106.94,130.0,0,0,77.78,2026-03-18 12:17
TR00006,12295,Sanghamitra Express,Bengaluru,Patna Jn,Guntakal Jn,Vijayawada,320.89,88.1,14.97,0.137,24.9,20,4,7.11,0.336,2.62,275.05,83.06,0,0,247.32,2026-01-16 00:07
TR00001,12123,Mumbai - Pune Express,Mumbai CST,Pune Jn,Karjat,Lonavala,223.84,63.33,24.37,0.034,23.1,21,6,29.6,0.293,5.17,191.86,47.9,0,0,239.49,2026-03-25 00:59
TR00002,11010,Deccan Express,Mumbai CST,Pune Jn,Lonavala,Pune Jn,371.21,48.91,30.45,0.102,39.1,15,3,15.54,0.513,6.61,318.18,42.62,0,1,705.82,2026-08-22 02:45
TR00003,12010,Shatabdi Express,Mumbai Central,Ahmedabad Jn,Vadodara,Ahmedabad Jn,502.6,54.7,33.45,0.37,26.5,4,6,11.45,0.095,6.34,430.8,34.36,0,1,774.66,2026-02-23 16:54
TR00004,12951,Mumbai Rajdhani,Mumbai Central,New Delhi,Kota Jn,New Delhi,65.07,74.73,26.7,0.085,30.7,12,0,17.3,0.451,1.13,55.78,76.68,0,1,90.05,2026-03-09 13:30
TR00005,12622,Tamil Nadu Express,New Delhi,Chennai Central,Nagpur,Vijayawada,208.26,128.42,22.09,0.158,41.8,16,0,15.65,0.09,30.97,178.51,116.22,0,0,106.42,2026-01-19 17:46
TR00006,12295,Sanghamitra Express,Bengaluru,Patna Jn,Vijayawada,Gaya Jn,418.68,114.53,28.36,0.218,37.9,15,6,4.23,0.051,3.39,358.86,115.45,1,0,253.83,2026-06-13 19:13
TR00001,12123,Mumbai - Pune Express,Mumbai CST,Pune Jn,Dadar,Kalyan,139.47,82.66,38.5,0.162,21.6,2,5,56.68,0.23,24.35,119.55,72.89,0,0,125.9,2026-05-16 04:05
TR00002,11010,Deccan Express,Mumbai CST,Pune Jn,Lonavala,Pune Jn,342.04,83.77,22.44,0.054,26.4,21,4,12.97,0.479,6.17,293.18,86.49,0,0,292.01,2026-05-29 01:52
TR00003,12010,Shatabdi Express,Mumbai Central,Ahmedabad Jn,Vapi,Surat,252.49,54.71,18.71,0.306,24.5,16,4,8.01,0.642,4.61,216.42,57.41,0,0,361.97,2026-04-19 22:01
TR00004,12951,Mumbai Rajdhani,Mumbai Central,New Delhi,Mumbai Central,Surat,134.61,89.67,22.78,0.568,26.9,22,2,3.09,0.346,7.89,115.38,80.8,0,0,120.86,2026-05-15 00:00
TR00005,12622,Tamil Nadu Express,New Delhi,Chennai Central,Bhopal Jn,Nagpur,172.86,74.74,23.8,0.331,15.1,20,3,15.68,0.294,3.98,148.17,88.2,0,1,217.54,2026-01-27 23:37
TR00006,12295,Sanghamitra Express,Bengaluru,Patna Jn,Bengaluru,Guntakal Jn,105.77,62.54,16.95,0.206,26.9,16,6,37.43,0.178,3.06,90.66,70.81,0,0,118.45,2026-02-20 17:58
TR00001,12123,Mumbai - Pune Express,Mumbai CST,Pune Jn,Kalyan,Karjat,239.52,69.19,13.53,0.12,32.3,11,0,30.98,0.089,1.95,205.3,58.89,0,0,222.75,2026-02-28 14:42
TR00002,11010,Deccan Express,Mumbai CST,Pune Jn,Dadar,Kalyan,166.09,96.78,13.26,0.176,17.3,12,6,10.65,0.084,4.02,142.36,90.06,0,0,111.86,2026-06-18 13:51
TR00003,12010,Shatabdi Express,Mumbai Central,Ahmedabad Jn,Vadodara,Ahmedabad Jn,231.58,49.24,14.34,0.189,19.6,16,4,0.42,0.137,10.81,198.5,56.02,0,0,307.7,2026-07-24 21:07
TR00004,12951,Mumbai Rajdhani,Mumbai Central,New Delhi,Kota Jn,New Delhi,243.67,60.64,22.08,0.138,16.5,5,2,9.18,0.394,11.68,208.86,69.42,0,1,365.73,2026-06-26 11:05
TR00005,12622,Tamil Nadu Express,New Delhi,Chennai Central,Vijayawada,Chennai Central,186.61,55.31,51.76,0.425,27.6,11,0,24.23,0.789,17.53,159.95,76.09,0,0,308.55,2026-04-16 16:08
TR00006,12295,Sanghamitra Express,Bengaluru,Patna Jn,Bengaluru,Guntakal Jn,158.85,81.41,14.05,0.141,18.3,2,1,6.92,0.458,8.36,136.16,75.22,0,0,143.95,2026-08-19 04:23
TR00001,12123,Mumbai - Pune Express,Mumbai CST,Pune Jn,Mumbai CST,Dadar,208.1,49.17,12.89,0.074,19.7,19,5,26.03,0.209,4.12,178.37,49.25,0,0,272.33,2026-05-03 23:32
TR00002,11010,Deccan Express,Mumbai CST,Pune Jn,Mumbai CST,Dadar,339.92,112.63,30.96,0.05,32.1,12,3,15.61,0.438,2.49,291.36,112.71,1,0,229.45,2026-02-19 15:49
TR00003,12010,Shatabdi Express,Mumbai Central,Ahmedabad Jn,Vadodara,Ahmedabad Jn,434.83,89.66,12.74,0.174,30.1,10,2,7.21,0.202,14.39,372.72,90.13,0,0,332.04,2026-07-10 15:32
TR00004,12951,Mumbai Rajdhani,Mumbai Central,New Delhi,Mumbai Central,Surat,271.9,49.31,30.53,0.152,35.5,6,1,41.95,0.335,10.69,233.05,44.78,0,0,387.99,2026-02-27 12:27
TR00005,12622,Tamil Nadu Express,New Delhi,Chennai Central,New Delhi,Bhopal Jn,268.39,68.06,22.51,0.333,23.5,21,6,10.12,0.471,7.37,230.05,60.52,0,0,295.96,2026-07-22 01:55
TR00006,12295,Sanghamitra Express,Bengaluru,Patna Jn,Gaya Jn,Patna Jn,281.14,73.1,13.55,0.265,30.4,16,1,5.38,0.308,3.5,240.97,72.48,0,0,268.63,2026-01-20 20:28
TR00001,12123,Mumbai - Pune Express,Mumbai CST,Pune Jn,Lonavala,Pune Jn,135.07,35.66,0.14,0.114,20.6,9,4,3.46,0.18,3.01,115.77,32.75,0,0,249.78,2026-08-24 13:09
TR00002,11010,Deccan Express,Mumbai CST,Pune Jn,Kalyan,Lonavala,291.87,68.46,36.28,0.267,20.4,15,2,38.65,0.361,22.59,250.17,76.01,1,0,320.9,2026-01-31 20:20
TR00003,12010,Shatabdi Express,Mumbai Central,Ahmedabad Jn,Vadodara,Ahmedabad Jn,152.18,75.28,13.55,0.044,12.5,18,4,22.18,0.065,1.68,130.44,74.82,0,0,130.52,2026-02-16 20:10
TR00004,12951,Mumbai Rajdhani,Mumbai Central,New Delhi,Surat,Vadodara,129.92,64.92,23.04,0.316,23.6,3,3,4.45,0.089,14.79,111.36,73.85,0,0,143.73,2026-02-01 05:23
TR00005,12622,Tamil Nadu Express,New Delhi,Chennai Central,Vijayawada,Chennai Central,389.64,69.16,0.0,0.031,38.3,12,5,4.27,0.122,3.23,333.98,67.85,0,0,357.93,2026-01-13 17:57
TR00006,12295,Sanghamitra Express,Bengaluru,Patna Jn,Gaya Jn,Patna Jn,129.1,27.06,17.42,0.021,33.8,1,1,5.43,0.152,21.51,110.65,22.64,0,0,310.56,2026-05-18 06:10
TR00001,12123,Mumbai - Pune Express,Mumbai CST,Pune Jn,Dadar,Kalyan,127.92,77.38,19.34,0.111,33.0,3,3,10.14,0.279,28.33,109.65,75.76,0,0,124.87,2026-06-09 05:04
TR00002,11010,Deccan Express,Mumbai CST,Pune Jn,Dadar,Kalyan,294.07,71.17,36.57,0.497,29.5,16,2,12.04,0.501,3.0,252.06,79.2,0,0,329.98,2026-02-21 21:29
TR00003,12010,Shatabdi Express,Mumbai Central,Ahmedabad Jn,Borivali,Vapi,138.48,39.83,21.96,0.242,37.8,12,5,5.34,0.281,12.59,118.69,31.45,0,0,246.53,2026-03-12 16:06
TR00004,12951,Mumbai Rajdhani,Mumbai Central,New Delhi,Mumbai Central,Surat,359.41,43.07,31.27,0.344,29.8,23,0,21.26,0.14,15.5,308.07,50.93,0,0,556.59,2026-06-13 08:16
TR00005,12622,Tamil Nadu Express,New Delhi,Chennai Central,New Delhi,Bhopal Jn,203.65,88.81,12.77,0.125,29.6,21,3,12.88,0.293,4.64,174.56,83.75,0,0,160.44,2026-07-27 23:40
TR00006,12295,Sanghamitra Express,Bengaluru,Patna Jn,Gaya Jn,Patna Jn,178.44,99.2,18.84,0.139,31.9,14,1,19.31,0.362,0.57,152.95,98.6,0,0,125.34,2026-01-27 16:05
TR00001,12123,Mumbai - Pune Express,Mumbai CST,Pune Jn,Mumbai CST,Dadar,446.35,69.08,9.96,0.129,29.0,6,0,11.8,0.088,11.17,382.59,69.37,0,0,405.61,2026-05-28 12:45
TR00002,11010,Deccan Express,Mumbai CST,Pune Jn,Lonavala,Pune Jn,189.37,20.0,11.73,0.131,25.9,5,2,20.19,0.106,7.96,162.31,28.41,0,0,598.81,2026-01-03 14:58
TR00003,12010,Shatabdi Express,Mumbai Central,Ahmedabad Jn,Borivali,Vapi,87.56,31.52,15.9,0.043,33.4,16,0,12.16,0.095,21.05,75.05,41.48,0,0,180.87,2026-02-05 19:00
TR00004,12951,Mumbai Rajdhani,Mumbai Central,New Delhi,Surat,Vadodara,607.18,114.24,27.17,0.22,23.7,8,5,23.48,0.38,6.72,520.44,115.92,0,0,382.37,2026-08-01 14:22
TR00005,12622,Tamil Nadu Express,New Delhi,Chennai Central,Bhopal Jn,Nagpur,69.28,85.14,10.87,0.241,30.2,4,3,0.97,0.164,7.19,59.38,92.64,0,0,51.13,2026-06-22 04:51
TR00006,12295,Sanghamitra Express,Bengaluru,Patna Jn,Guntakal Jn,Vijayawada,324.55,34.53,20.78,0.031,26.5,15,5,34.99,0.443,2.52,278.18,34.28,0,0,642.38,2026-04-20 01:42
TR00001,12123,Mumbai - Pune Express,Mumbai CST,Pune Jn,Mumbai CST,Dadar,79.3,39.66,20.06,0.168,30.5,21,0,15.99,0.231,12.09,67.97,44.18,0,0,143.97,2026-05-24 23:23
TR00002,11010,Deccan Express,Mumbai CST,Pune Jn,Mumbai CST,Dadar,140.88,80.69,12.44,0.202,34.2,16,0,18.13,0.3,3.67,120.76,71.84,0,0,122.94,2026-05-27 18:02
TR00003,12010,Shatabdi Express,Mumbai Central,Ahmedabad Jn,Surat,Vadodara,341.94,34.81,23.71,0.109,43.4,16,5,8.04,0.451,7.71,293.09,24.19,0,0,684.08,2026-02-25 03:24
TR00004,12951,Mumbai Rajdhani,Mumbai Central,New Delhi,Mumbai Central,Surat,211.43,56.81,38.89,0.186,14.8,12,4,20.77,0.407,2.03,181.23,52.49,1,0,287.09,2026-07-06 16:47
TR00005,12622,Tamil Nadu Express,New Delhi,Chennai Central,New Delhi,Bhopal Jn,416.36,89.87,15.11,0.199,41.9,7,2,5.91,0.344,1.97,356.88,88.9,0,0,317.62,2026-02-08 12:17
TR00006,12295,Sanghamitra Express,Bengaluru,Patna Jn,Gaya Jn,Patna Jn,220.34,107.65,23.43,0.341,14.4,9,2,33.08,0.211,19.33,188.87,107.75,0,0,142.05,2026-03-10 11:22
TR00001,12123,Mumbai - Pune Express,Mumbai CST,Pune Jn,Dadar,Kalyan,319.55,90.66,26.01,0.002,30.8,10,3,19.74,0.341,5.23,273.9,81.73,0,0,248.91,2026-02-06 14:08
TR00002,11010,Deccan Express,Mumbai CST,Pune Jn,Kalyan,Lonavala,435.93,73.75,27.55,0.199,32.4,13,5,15.95,0.542,5.6,373.65,66.19,0,0,439.66,2026-03-29 20:19
TR00003,12010,Shatabdi Express,Mumbai Central,Ahmedabad Jn,Vadodara,Ahmedabad Jn,179.42,37.89,24.72,0.006,14.0,20,5,15.23,0.464,1.19,153.79,43.93,0,0,339.14,2026-06-08 01:39
TR00004,12951,Mumbai Rajdhani,Mumbai Central,New Delhi,Mumbai Central,Surat,356.26,77.86,30.08,0.079,25.0,14,3,6.5,0.31,6.08,305.36,74.02,1,0,338.59,2026-03-02 19:38
TR00005,12622,Tamil Nadu Express,New Delhi,Chennai Central,Bhopal Jn,Nagpur,132.76,89.12,8.38,0.212,42.0,18,4,5.55,0.317,19.59,113.79,78.7,0,0,103.24,2026-06-15 19:43
TR00006,12295,Sanghamitra Express,Bengaluru,Patna Jn,Vijayawada,Gaya Jn,342.24,53.5,49.43,0.328,34.1,22,5,39.22,0.714,5.72,293.35,50.68,1,0,533.26,2026-05-02 06:53
TR00001,12123,Mumbai - Pune Express,Mumbai CST,Pune Jn,Dadar,Kalyan,275.95,39.45,23.7,0.154,22.5,19,6,8.67,0.088,3.96,236.53,41.02,0,1,569.45,2026-03-29 04:29
TR00002,11010,Deccan Express,Mumbai CST,Pune Jn,Kalyan,Lonavala,172.18,85.92,16.23,0.041,31.4,12,2,9.39,0.31,4.74,147.59,82.4,0,1,185.55,2026-02-17 15:05
TR00003,12010,Shatabdi Express,Mumbai Central,Ahmedabad Jn,Surat,Vadodara,144.58,93.94,15.55,0.204,32.8,7,0,12.22,0.195,0.26,123.92,89.8,0,1,136.83,2026-04-30 09:16
TR00004,12951,Mumbai Rajdhani,Mumbai Central,New Delhi,Surat,Vadodara,139.98,22.27,32.49,0.249,39.6,4,6,5.12,0.407,6.16,119.98,26.93,0,1,586.82,2026-05-07 13:46
TR00005,12622,Tamil Nadu Express,New Delhi,Chennai Central,Vijayawada,Chennai Central,161.73,48.84,13.28,0.044,26.7,3,4,14.4,0.196,21.98,138.63,59.69,0,0,213.47,2026-06-15 06:33
TR00006,12295,Sanghamitra Express,Bengaluru,Patna Jn,Vijayawada,Gaya Jn,140.93,56.17,23.38,0.374,31.0,7,6,6.22,0.219,2.29,120.8,56.52,0,1,232.23,2026-03-04 10:52
TR00001,12123,Mumbai - Pune Express,Mumbai CST,Pune Jn,Karjat,Lonavala,134.27,53.79,22.5,0.14,37.4,23,5,7.13,0.091,25.92,115.09,56.11,0,0,162.52,2026-03-25 01:42
TR00002,11010,Deccan Express,Mumbai CST,Pune Jn,Lonavala,Pune Jn,235.33,49.0,33.06,0.073,21.2,2,2,42.24,0.028,5.12,201.71,43.54,0,0,310.18,2026-07-08 07:10
TR00003,12010,Shatabdi Express,Mumbai Central,Ahmedabad Jn,Mumbai Central,Borivali,428.17,66.72,37.51,0.082,16.5,19,5,27.04,0.272,5.28,367.0,68.18,0,1,552.76,2026-05-13 04:12
TR00004,12951,Mumbai Rajdhani,Mumbai Central,New Delhi,Surat,Vadodara,158.49,59.52,33.75,0.392,20.1,7,3,4.87,0.257,11.33,135.85,62.58,0,1,254.32,2026-06-22 11:14
TR00005,12622,Tamil Nadu Express,New Delhi,Chennai Central,New Delhi,Bhopal Jn,227.53,78.56,49.57,0.192,16.8,19,4,20.64,0.788,32.15,195.03,64.83,0,1,329.41,2026-08-14 00:29
TR00006,12295,Sanghamitra Express,Bengaluru,Patna Jn,Gaya Jn,Patna Jn,117.01,93.33,34.52,0.092,32.8,14,4,26.85,0.329,7.45,100.29,83.57,0,1,120.84,2026-01-23 16:00
TR00001,12123,Mumbai - Pune Express,Mumbai CST,Pune Jn,Mumbai CST,Dadar,120.99,58.29,23.84,0.44,24.5,9,0,10.37,0.387,17.19,103.71,55.05,0,0,159.22,2026-05-31 11:39
TR00002,11010,Deccan Express,Mumbai CST,Pune Jn,Lonavala,Pune Jn,246.75,52.53,21.76,0.475,27.7,15,3,8.51,0.588,3.6,211.5,46.01,0,0,371.92,2026-03-25 21:11
TR00003,12010,Shatabdi Express,Mumbai Central,Ahmedabad Jn,Vapi,Surat,167.87,62.1,32.46,0.008,26.6,9,6,16.62,0.295,29.05,143.89,59.99,0,1,236.17,2026-06-06 12:56
TR00004,12951,Mumbai Rajdhani,Mumbai Central,New Delhi,Kota Jn,New Delhi,189.28,76.8,32.34,0.058,29.6,20,5,10.72,0.595,7.43,162.24,72.98,0,0,193.94,2026-07-06 23:13
TR00005,12622,Tamil Nadu Express,New Delhi,Chennai Central,New Delhi,Bhopal Jn,244.83,52.98,21.93,0.047,39.8,2,2,20.08,0.347,2.0,209.86,62.66,0,0,313.43,2026-03-19 07:13
TR00006,12295,Sanghamitra Express,Bengaluru,Patna Jn,Gaya Jn,Patna Jn,138.26,85.73,19.77,0.091,35.9,0,6,14.61,0.326,1.7,118.51,85.9,0,0,120.17,2026-03-16 02:00
TR00001,12123,Mumbai - Pune Express,Mumbai CST,Pune Jn,Karjat,Lonavala,212.74,41.16,4.24,0.263,26.2,23,1,3.88,0.103,3.48,182.35,34.57,0,0,333.59,2026-08-28 04:33
TR00002,11010,Deccan Express,Mumbai CST,Pune Jn,Lonavala,Pune Jn,365.26,61.89,27.3,0.219,30.4,18,1,6.97,0.467,11.57,313.08,45.87,0,0,430.63,2026-04-28 01:10
TR00003,12010,Shatabdi Express,Mumbai Central,Ahmedabad Jn,Surat,Vadodara,315.66,60.83,32.76,0.167,29.0,7,5,7.19,0.347,7.65,270.57,54.24,0,0,373.5,2026-05-27 13:13
TR00004,12951,Mumbai Rajdhani,Mumbai Central,New Delhi,Vadodara,Kota Jn,292.98,87.32,19.25,0.095,32.0,7,1,12.5,0.353,10.16,251.13,84.58,0,0,238.41,2026-06-26 10:58
TR00005,12622,Tamil Nadu Express,New Delhi,Chennai Central,Bhopal Jn,Nagpur,240.72,88.78,23.07,0.128,30.1,8,6,9.44,0.126,0.75,206.33,83.12,1,0,193.63,2026-07-29 11:13
TR00006,12295,Sanghamitra Express,Bengaluru,Patna Jn,Vijayawada,Gaya Jn,394.81,89.08,24.68,0.222,33.2,22,4,4.73,0.584,17.89,338.41,94.3,0,0,342.16,2026-06-28 03:42
TR00001,12123,Mumbai - Pune Express,Mumbai CST,Pune Jn,Karjat,Lonavala,175.69,80.4,30.02,0.145,32.9,19,4,37.61,0.254,13.51,150.59,81.52,0,0,158.54,2026-07-22 21:38
TR00002,11010,Deccan Express,Mumbai CST,Pune Jn,Lonavala,Pune Jn,256.77,41.09,27.63,0.229,38.7,22,2,6.17,0.425,3.42,220.09,42.91,0,0,451.26,2026-03-24 05:31
TR00003,12010,Shatabdi Express,Mumbai Central,Ahmedabad Jn,Vapi,Surat,297.73,74.69,25.2,0.189,35.4,23,4,2.23,0.391,3.65,255.2,65.24,0,1,373.99,2026-08-02 05:13
TR00004,12951,Mumbai Rajdhani,Mumbai Central,New Delhi,Mumbai Central,Surat,171.41,47.83,22.21,0.098,21.0,8,2,7.74,0.154,4.34,146.92,46.47,0,1,303.08,2026-02-18 13:03
TR00005,12622,Tamil Nadu Express,New Delhi,Chennai Central,Nagpur,Vijayawada,308.69,85.2,1.51,0.048,40.9,5,1,12.04,0.168,19.26,264.59,88.61,0,0,232.08,2026-07-23 08:52
TR00006,12295,Sanghamitra Express,Bengaluru,Patna Jn,Guntakal Jn,Vijayawada,104.37,85.78,28.32,0.29,25.3,12,1,34.24,0.211,6.21,89.46,79.14,0,0,94.34,2026-07-04 13:34
TR00001,12123,Mumbai - Pune Express,Mumbai CST,Pune Jn,Mumbai CST,Dadar,198.55,72.31,7.75,0.296,30.7,11,5,11.19,0.066,2.52,170.18,69.43,0,0,186.11,2026-03-15 14:06
TR00002,11010,Deccan Express,Mumbai CST,Pune Jn,Dadar,Kalyan,304.12,46.66,28.99,0.318,25.9,12,3,8.66,0.396,4.74,260.68,41.46,0,0,470.46,2026-05-09 19:50
TR00003,12010,Shatabdi Express,Mumbai Central,Ahmedabad Jn,Vapi,Surat,539.78,74.18,20.83,0.414,24.8,11,3,2.95,0.389,8.36,462.67,61.61,0,0,530.81,2026-03-27 19:50
TR00004,12951,Mumbai Rajdhani,Mumbai Central,New Delhi,Vadodara,Kota Jn,543.41,64.59,26.87,0.307,30.8,18,0,10.37,0.142,11.0,465.78,75.9,1,0,575.28,2026-03-09 03:35
TR00005,12622,Tamil Nadu Express,New Delhi,Chennai Central,Nagpur,Vijayawada,637.11,97.29,23.4,0.121,25.6,21,6,0.74,0.15,4.2,546.09,103.5,0,1,541.75,2026-06-23 06:01
TR00006,12295,Sanghamitra Express,Bengaluru,Patna Jn,Gaya Jn,Patna Jn,399.62,97.7,0.34,0.019,27.2,22,3,8.23,0.109,4.98,342.53,92.0,0,0,255.84,2026-06-12 02:15
TR00001,12123,Mumbai - Pune Express,Mumbai CST,Pune Jn,Dadar,Kalyan,360.84,72.97,20.53,0.457,26.7,21,3,3.91,0.185,7.42,309.29,72.33,0,0,344.23,2026-07-17 02:44
TR00002,11010,Deccan Express,Mumbai CST,Pune Jn,Dadar,Kalyan,466.98,59.78,17.7,0.13,19.7,15,1,44.18,0.264,2.87,400.27,63.9,0,0,522.83,2026-08-17 23:42
TR00003,12010,Shatabdi Express,Mumbai Central,Ahmedabad Jn,Vadodara,Ahmedabad Jn,385.46,92.61,8.69,0.01,31.8,14,6,9.09,0.05,2.09,330.4,88.34,0,0,249.07,2026-02-27 18:09
TR00004,12951,Mumbai Rajdhani,Mumbai Central,New Delhi,Vadodara,Kota Jn,159.08,74.79,9.64,0.179,24.3,6,5,24.05,0.089,4.74,136.36,71.76,0,0,131.69,2026-05-11 08:11
TR00005,12622,Tamil Nadu Express,New Delhi,Chennai Central,Nagpur,Vijayawada,197.1,68.75,11.35,0.292,27.4,20,6,17.35,0.161,5.92,168.95,57.55,0,0,191.91,2026-06-23 23:11
TR00006,12295,Sanghamitra Express,Bengaluru,Patna Jn,Gaya Jn,Patna Jn,190.66,102.56,14.48,0.031,35.5,10,1,6.61,0.164,4.23,163.42,98.93,0,0,117.73,2026-04-21 11:57
TR00001,12123,Mumbai - Pune Express,Mumbai CST,Pune Jn,Lonavala,Pune Jn,353.44,71.55,13.04,0.046,34.9,19,4,2.55,0.322,2.56,302.95,90.02,0,0,333.21,2026-06-23 00:33
TR00002,11010,Deccan Express,Mumbai CST,Pune Jn,Lonavala,Pune Jn,88.51,50.48,34.54,0.501,26.9,22,3,15.58,0.382,13.35,75.86,47.06,1,0,155.0,2026-02-26 00:34
TR00003,12010,Shatabdi Express,Mumbai Central,Ahmedabad Jn,Surat,Vadodara,137.18,101.36,11.99,0.529,37.4,11,4,4.51,0.198,5.37,117.58,110.04,0,0,97.65,2026-06-27 12:37
TR00004,12951,Mumbai Rajdhani,Mumbai Central,New Delhi,Surat,Vadodara,173.87,42.94,32.78,0.207,19.4,11,6,14.38,0.522,9.54,149.03,55.09,0,0,305.25,2026-05-03 16:05
TR00005,12622,Tamil Nadu Express,New Delhi,Chennai Central,New Delhi,Bhopal Jn,290.19,76.08,37.38,0.151,30.8,7,3,19.44,0.602,35.52,248.73,69.36,0,0,291.07,2026-08-20 11:51
TR00006,12295,Sanghamitra Express,Bengaluru,Patna Jn,Bengaluru,Guntakal Jn,241.82,70.75,4.98,0.07,41.9,3,5,3.29,0.288,9.11,207.28,69.54,0,0,225.31,2026-01-18 06:45
TR00001,12123,Mumbai - Pune Express,Mumbai CST,Pune Jn,Kalyan,Karjat,222.92,72.85,0.0,0.104,36.2,8,6,6.15,0.025,8.46,191.07,64.6,0,0,189.16,2026-03-21 11:09
TR00002,11010,Deccan Express,Mumbai CST,Pune Jn,Dadar,Kalyan,193.65,67.97,14.42,0.085,18.4,15,2,27.64,0.049,4.5,165.98,53.74,0,0,179.99,2026-01-24 17:59
TR00003,12010,Shatabdi Express,Mumbai Central,Ahmedabad Jn,Vadodara,Ahmedabad Jn,344.11,93.15,17.27,0.201,38.5,13,5,6.68,0.393,9.7,294.95,90.74,0,0,262.83,2026-06-03 17:22
TR00004,12951,Mumbai Rajdhani,Mumbai Central,New Delhi,Surat,Vadodara,231.75,105.98,31.04,0.065,11.4,11,6,22.93,0.26,6.2,198.64,116.15,0,1,191.51,2026-06-24 14:11
TR00005,12622,Tamil Nadu Express,New Delhi,Chennai Central,Bhopal Jn,Nagpur,369.16,103.37,25.55,0.069,34.2,17,3,16.02,0.394,11.32,316.42,83.83,0,0,262.72,2026-05-20 21:22
TR00006,12295,Sanghamitra Express,Bengaluru,Patna Jn,Guntakal Jn,Vijayawada,321.3,56.31,17.71,0.125,32.9,2,4,2.28,0.349,2.59,275.4,45.26,0,0,386.68,2026-05-17 08:26
TR00001,12123,Mumbai - Pune Express,Mumbai CST,Pune Jn,Dadar,Kalyan,215.93,88.68,22.9,0.384,34.9,19,1,9.89,0.564,12.07,185.08,93.39,0,0,193.85,2026-05-12 22:13
TR00002,11010,Deccan Express,Mumbai CST,Pune Jn,Lonavala,Pune Jn,108.75,110.7,12.75,0.081,33.0,19,4,1.5,0.087,8.93,93.21,102.67,0,0,67.66,2026-06-24 20:07
TR00003,12010,Shatabdi Express,Mumbai Central,Ahmedabad Jn,Borivali,Vapi,150.21,83.52,20.84,0.043,23.1,19,3,11.17,0.282,1.31,128.75,78.46,0,0,131.48,2026-03-19 21:11
TR00004,12951,Mumbai Rajdhani,Mumbai Central,New Delhi,Mumbai Central,Surat,186.14,103.0,16.03,0.377,24.2,21,6,2.2,0.202,4.49,159.55,95.32,0,0,126.47,2026-04-24 23:06
TR00005,12622,Tamil Nadu Express,New Delhi,Chennai Central,Vijayawada,Chennai Central,351.29,35.33,18.86,0.281,31.3,23,4,6.94,0.412,15.92,301.11,25.75,0,0,709.96,2026-07-04 10:49
TR00006,12295,Sanghamitra Express,Bengaluru,Patna Jn,Guntakal Jn,Vijayawada,206.89,75.9,2.83,0.055,22.6,11,4,17.31,0.168,1.75,177.33,74.8,0,0,172.56,2026-05-04 13:52
TR00001,12123,Mumbai - Pune Express,Mumbai CST,Pune Jn,Dadar,Kalyan,138.85,72.29,26.81,0.557,29.9,4,6,6.78,0.338,4.95,119.01,74.98,0,0,154.21,2026-07-22 06:34
TR00002,11010,Deccan Express,Mumbai CST,Pune Jn,Kalyan,Lonavala,177.86,74.82,20.68,0.143,29.2,10,5,5.72,0.452,12.04,152.45,65.59,0,0,174.77,2026-01-01 12:54
TR00003,12010,Shatabdi Express,Mumbai Central,Ahmedabad Jn,Mumbai Central,Borivali,165.59,45.95,11.21,0.158,27.7,20,5,0.64,0.151,5.97,141.94,48.65,0,0,231.09,2026-04-01 23:51
TR00004,12951,Mumbai Rajdhani,Mumbai Central,New Delhi,Surat,Vadodara,272.36,103.3,16.43,0.088,34.1,9,4,9.34,0.408,13.08,233.45,98.77,0,0,187.83,2026-05-16 12:07
TR00005,12622,Tamil Nadu Express,New Delhi,Chennai Central,Vijayawada,Chennai Central,194.12,60.76,20.11,0.116,27.4,7,5,10.4,0.303,10.78,166.38,61.71,0,0,213.83,2026-04-01 10:33
TR00006,12295,Sanghamitra Express,Bengaluru,Patna Jn,Guntakal Jn,Vijayawada,274.59,99.46,7.67,0.281,22.2,14,4,33.68,0.033,5.79,235.36,92.92,0,0,170.34,2026-07-02 16:50
TR00001,12123,Mumbai - Pune Express,Mumbai CST,Pune Jn,Mumbai CST,Dadar,475.77,68.66,20.2,0.429,19.6,9,1,21.24,0.204,35.17,407.81,58.36,0,0,478.51,2026-05-07 16:58
TR00002,11010,Deccan Express,Mumbai CST,Pune Jn,Lonavala,Pune Jn,94.72,70.91,10.58,0.092,25.1,23,0,5.52,0.233,9.18,81.19,81.65,0,0,94.08,2026-07-12 00:34
TR00003,12010,Shatabdi Express,Mumbai Central,Ahmedabad Jn,Borivali,Vapi,302.64,92.37,10.36,0.202,27.1,13,1,5.61,0.029,3.95,259.41,97.11,0,0,209.2,2026-06-18 16:29
TR00004,12951,Mumbai Rajdhani,Mumbai Central,New Delhi,Kota Jn,New Delhi,319.75,96.74,24.85,0.057,30.1,3,3,35.8,0.097,5.86,274.07,107.59,0,0,210.55,2026-06-30 06:30
TR00005,12622,Tamil Nadu Express,New Delhi,Chennai Central,Vijayawada,Chennai Central,437.26,118.76,26.43,0.358,14.7,16,5,34.68,0.27,4.06,374.8,116.02,0,0,265.34,2026-05-09 20:25
TR00006,12295,Sanghamitra Express,Bengaluru,Patna Jn,Gaya Jn,Patna Jn,184.46,77.22,19.65,0.137,35.1,15,2,8.18,0.24,22.42,158.11,67.25,0,0,166.98,2026-08-24 17:46
TR00001,12123,Mumbai - Pune Express,Mumbai CST,Pune Jn,Dadar,Kalyan,144.44,130.0,26.64,0.218,29.3,12,3,23.23,0.24,1.58,123.8,126.65,0,0,84.58,2026-03-03 13:24
TR00002,11010,Deccan Express,Mumbai CST,Pune Jn,Dadar,Kalyan,382.35,52.73,28.44,0.291,33.7,22,3,7.27,0.317,10.7,327.73,57.68,0,0,508.25,2026-07-09 06:28
TR00003,12010,Shatabdi Express,Mumbai Central,Ahmedabad Jn,Borivali,Vapi,140.26,53.35,16.45,0.204,32.6,13,2,4.33,0.448,7.91,120.23,42.23,0,0,192.87,2026-08-25 16:12
TR00004,12951,Mumbai Rajdhani,Mumbai Central,New Delhi,Surat,Vadodara,355.52,81.27,27.3,0.312,26.7,18,1,14.48,0.28,4.72,304.73,88.42,0,1,401.12,2026-03-07 00:41
TR00005,12622,Tamil Nadu Express,New Delhi,Chennai Central,Vijayawada,Chennai Central,88.92,89.47,18.88,0.007,25.4,15,0,5.11,0.485,3.58,76.21,67.64,0,0,82.03,2026-08-18 16:22
TR00006,12295,Sanghamitra Express,Bengaluru,Patna Jn,Vijayawada,Gaya Jn,288.02,70.6,9.34,0.081,19.0,22,4,4.38,0.181,11.98,246.87,65.76,0,0,265.98,2026-03-18 02:25
TR00001,12123,Mumbai - Pune Express,Mumbai CST,Pune Jn,Mumbai CST,Dadar,250.48,80.02,26.8,0.493,32.0,21,4,6.73,0.357,14.85,214.69,89.31,0,0,243.61,2026-05-25 01:03
TR00002,11010,Deccan Express,Mumbai CST,Pune Jn,Kalyan,Lonavala,114.63,87.8,30.72,0.228,31.5,22,5,10.74,0.448,5.33,98.25,83.9,0,0,105.01,2026-07-10 23:45
TR00003,12010,Shatabdi Express,Mumbai Central,Ahmedabad Jn,Borivali,Vapi,200.24,130.0,29.24,0.041,26.1,8,2,7.88,0.199,21.71,171.63,121.35,0,1,134.77,2026-06-07 10:14
TR00004,12951,Mumbai Rajdhani,Mumbai Central,New Delhi,Surat,Vadodara,272.92,104.92,40.64,0.235,27.2,7,3,8.5,0.334,2.74,233.93,99.11,1,1,262.37,2026-08-04 11:22
TR00005,12622,Tamil Nadu Express,New Delhi,Chennai Central,Bhopal Jn,Nagpur,267.31,83.66,19.41,0.11,23.9,1,6,9.09,0.266,11.71,229.12,92.62,0,0,223.41,2026-07-04 04:43
TR00006,12295,Sanghamitra Express,Bengaluru,Patna Jn,Vijayawada,Gaya Jn,221.7,35.59,19.15,0.042,22.8,17,1,14.42,0.368,11.62,190.03,25.02,0,0,423.78,2026-08-25 00:03
TR00001,12123,Mumbai - Pune Express,Mumbai CST,Pune Jn,Mumbai CST,Dadar,317.57,73.14,29.34,0.154,32.2,23,4,34.62,0.343,9.14,272.2,61.49,0,0,310.23,2026-02-19 04:10
TR00002,11010,Deccan Express,Mumbai CST,Pune Jn,Kalyan,Lonavala,284.28,70.84,7.53,0.276,29.7,5,1,3.39,0.175,11.5,243.67,79.81,0,0,257.35,2026-05-15 09:17
TR00003,12010,Shatabdi Express,Mumbai Central,Ahmedabad Jn,Surat,Vadodara,243.85,49.05,31.27,0.129,28.7,22,6,20.63,0.069,16.18,209.02,52.16,0,0,328.85,2026-05-06 03:28
TR00004,12951,Mumbai Rajdhani,Mumbai Central,New Delhi,Mumbai Central,Surat,160.86,86.61,16.27,0.3,27.1,1,2,6.45,0.164,7.03,137.88,92.62,0,0,129.64,2026-04-06 03:09
TR00005,12622,Tamil Nadu Express,New Delhi,Chennai Central,Vijayawada,Chennai Central,385.63,114.07,19.08,0.118,27.2,5,3,28.78,0.114,8.26,330.54,110.51,0,0,227.78,2026-05-04 08:47
TR00006,12295,Sanghamitra Express,Bengaluru,Patna Jn,Guntakal Jn,Vijayawada,74.35,94.47,24.99,0.055,24.0,6,2,22.21,0.48,5.31,63.73,83.61,0,0,67.84,2026-08-07 07:07
TR00001,12123,Mumbai - Pune Express,Mumbai CST,Pune Jn,Mumbai CST,Dadar,133.63,110.83,39.09,0.051,19.2,13,3,29.01,0.479,0.98,114.54,116.84,0,1,124.26,2026-01-15 15:04
TR00002,11010,Deccan Express,Mumbai CST,Pune Jn,Mumbai CST,Dadar,154.79,78.56,15.19,0.097,18.9,23,5,4.07,0.311,4.09,132.68,73.85,0,0,141.44,2026-03-18 01:21
TR00003,12010,Shatabdi Express,Mumbai Central,Ahmedabad Jn,Surat,Vadodara,279.82,55.75,16.82,0.099,27.4,8,6,2.09,0.463,6.21,239.85,60.7,0,0,359.42,2026-04-24 13:59
TR00004,12951,Mumbai Rajdhani,Mumbai Central,New Delhi,Kota Jn,New Delhi,312.56,107.99,11.37,0.418,29.6,22,6,17.54,0.126,10.92,267.91,107.17,0,0,196.66,2026-04-21 01:16
TR00005,12622,Tamil Nadu Express,New Delhi,Chennai Central,Nagpur,Vijayawada,162.35,93.36,39.35,0.064,26.1,5,4,28.1,0.713,8.15,139.15,93.98,0,0,143.63,2026-06-14 07:23
TR00006,12295,Sanghamitra Express,Bengaluru,Patna Jn,Vijayawada,Gaya Jn,243.14,55.89,23.51,0.107,16.5,19,3,11.63,0.663,3.31,208.41,58.95,0,0,328.37,2026-01-17 00:28
TR00001,12123,Mumbai - Pune Express,Mumbai CST,Pune Jn,Karjat,Lonavala,437.93,84.36,16.04,0.043,33.8,3,2,15.33,0.29,18.8,375.37,93.69,0,0,345.15,2026-02-16 08:45
TR00002,11010,Deccan Express,Mumbai CST,Pune Jn,Mumbai CST,Dadar,133.23,79.25,0.26,0.016,28.2,22,1,8.53,0.194,4.27,114.19,84.28,0,0,110.52,2026-05-24 23:50
TR00003,12010,Shatabdi Express,Mumbai Central,Ahmedabad Jn,Vapi,Surat,176.89,99.12,6.77,0.179,35.2,23,6,3.05,0.179,0.96,151.62,102.01,0,0,121.86,2026-06-30 01:01
TR00004,12951,Mumbai Rajdhani,Mumbai Central,New Delhi,Mumbai Central,Surat,196.13,68.02,21.88,0.198,25.5,18,5,6.02,0.324,0.39,168.11,75.39,0,0,205.42,2026-06-02 21:25
TR00005,12622,Tamil Nadu Express,New Delhi,Chennai Central,Vijayawada,Chennai Central,370.73,84.88,19.93,0.173,27.2,5,2,5.04,0.211,25.31,317.77,76.68,0,0,300.32,2026-05-01 10:00
TR00006,12295,Sanghamitra Express,Bengaluru,Patna Jn,Gaya Jn,Patna Jn,381.62,109.61,14.51,0.072,36.6,9,3,6.45,0.635,9.43,327.11,115.47,0,0,262.92,2026-07-15 13:22
TR00001,12123,Mumbai - Pune Express,Mumbai CST,Pune Jn,Dadar,Kalyan,255.4,65.87,29.13,0.184,25.2,15,1,26.38,0.466,13.3,218.92,82.75,0,0,280.45,2026-07-24 19:40
TR00002,11010,Deccan Express,Mumbai CST,Pune Jn,Mumbai CST,Dadar,378.22,53.13,38.99,0.447,43.8,19,3,28.91,0.16,7.63,324.19,50.48,1,0,507.24,2026-04-24 03:27
TR00003,12010,Shatabdi Express,Mumbai Central,Ahmedabad Jn,Mumbai Central,Borivali,82.74,44.82,28.35,0.443,27.9,1,6,23.31,0.326,2.89,70.92,31.25,0,0,151.46,2026-04-21 03:31
TR00004,12951,Mumbai Rajdhani,Mumbai Central,New Delhi,Vadodara,Kota Jn,346.52,95.76,31.38,0.238,39.4,23,5,1.62,0.259,4.53,297.02,89.69,0,1,325.22,2026-08-11 04:25
TR00005,12622,Tamil Nadu Express,New Delhi,Chennai Central,New Delhi,Bhopal Jn,27.6,65.3,27.88,0.421,31.0,4,2,15.38,0.311,10.63,23.66,71.13,0,0,36.36,2026-07-16 04:36
TR00006,12295,Sanghamitra Express,Bengaluru,Patna Jn,Vijayawada,Gaya Jn,140.87,58.28,27.34,0.043,31.0,5,5,34.67,0.181,7.46,120.75,42.69,0,0,167.37,2026-03-29 07:47
TR00001,12123,Mumbai - Pune Express,Mumbai CST,Pune Jn,Kalyan,Karjat,286.22,102.97,13.09,0.079,21.7,0,4,7.56,0.152,3.7,245.33,111.62,0,0,177.17,2026-02-07 02:57
TR00002,11010,Deccan Express,Mumbai CST,Pune Jn,Kalyan,Lonavala,224.91,51.89,8.95,0.298,29.1,13,6,4.91,0.196,13.77,192.78,53.46,0,0,292.9,2026-05-08 17:52
TR00003,12010,Shatabdi Express,Mumbai Central,Ahmedabad Jn,Surat,Vadodara,196.81,83.05,43.52,0.087,26.0,19,4,57.42,0.278,20.33,168.69,84.45,0,1,219.12,2026-07-11 22:39
TR00004,12951,Mumbai Rajdhani,Mumbai Central,New Delhi,Kota Jn,New Delhi,386.63,101.63,57.45,0.322,25.8,23,2,28.47,0.268,3.29,331.4,113.79,1,0,294.48,2026-08-05 03:54
TR00005,12622,Tamil Nadu Express,New Delhi,Chennai Central,Nagpur,Vijayawada,450.99,66.37,14.21,0.032,21.2,13,4,18.89,0.519,6.3,386.57,71.36,0,0,485.6,2026-01-07 21:05
TR00006,12295,Sanghamitra Express,Bengaluru,Patna Jn,Bengaluru,Guntakal Jn,218.14,85.77,20.1,0.174,37.1,11,0,15.01,0.121,12.12,186.98,94.98,0,0,175.34,2026-03-30 13:55
TR00001,12123,Mumbai - Pune Express,Mumbai CST,Pune Jn,Karjat,Lonavala,305.88,71.69,27.81,0.267,20.2,22,3,31.51,0.261,6.36,262.19,67.8,0,0,300.94,2026-02-10 03:00
TR00002,11010,Deccan Express,Mumbai CST,Pune Jn,Mumbai CST,Dadar,318.41,20.0,1.07,0.123,30.4,11,5,1.33,0.249,6.94,272.92,20.0,0,0,1045.31,2026-01-11 04:25
TR00003,12010,Shatabdi Express,Mumbai Central,Ahmedabad Jn,Borivali,Vapi,92.14,80.08,22.49,0.093,41.8,21,0,2.75,0.289,13.78,78.97,91.63,0,0,85.87,2026-03-09 22:25
TR00004,12951,Mumbai Rajdhani,Mumbai Central,New Delhi,Kota Jn,New Delhi,401.48,39.12,10.84,0.099,24.2,0,2,4.54,0.348,28.87,344.12,40.59,0,0,684.01,2026-07-07 11:24
TR00005,12622,Tamil Nadu Express,New Delhi,Chennai Central,Nagpur,Vijayawada,202.74,73.4,30.06,0.181,33.9,20,3,6.9,0.147,17.67,173.78,83.55,1,0,200.96,2026-06-21 23:20
TR00006,12295,Sanghamitra Express,Bengaluru,Patna Jn,Gaya Jn,Patna Jn,241.95,94.65,16.28,0.029,33.1,19,4,8.54,0.197,14.63,207.38,105.63,0,0,163.53,2026-07-31 21:43
TR00001,12123,Mumbai - Pune Express,Mumbai CST,Pune Jn,Kalyan,Karjat,105.55,58.55,28.86,0.224,32.7,19,6,8.21,0.449,5.17,90.47,42.37,0,0,138.92,2026-04-29 21:18
TR00002,11010,Deccan Express,Mumbai CST,Pune Jn,Mumbai CST,Dadar,151.64,57.81,19.06,0.074,16.9,5,4,30.54,0.143,4.34,129.98,61.67,0,0,166.49,2026-04-27 07:46
TR00003,12010,Shatabdi Express,Mumbai Central,Ahmedabad Jn,Vapi,Surat,267.34,53.71,16.36,0.203,29.8,13,2,6.34,0.396,10.71,229.15,37.61,0,0,345.88,2026-03-26 18:45
TR00004,12951,Mumbai Rajdhani,Mumbai Central,New Delhi,Mumbai Central,Surat,150.8,68.27,4.65,0.063,25.2,2,6,9.94,0.154,4.24,129.26,68.29,0,0,136.56,2026-06-10 04:16
TR00005,12622,Tamil Nadu Express,New Delhi,Chennai Central,Bhopal Jn,Nagpur,492.81,69.53,36.24,0.196,24.6,23,6,8.41,0.414,23.81,422.41,68.54,0,1,657.26,2026-07-11 09:57
TR00006,12295,Sanghamitra Express,Bengaluru,Patna Jn,Bengaluru,Guntakal Jn,608.33,57.68,14.14,0.152,25.3,2,1,15.35,0.123,1.85,521.42,71.38,0,0,677.15,2026-08-10 13:17
TR00001,12123,Mumbai - Pune Express,Mumbai CST,Pune Jn,Kalyan,Karjat,84.95,85.98,12.52,0.048,44.2,3,0,14.82,0.432,0.41,72.82,80.44,0,0,73.11,2026-08-15 04:13
TR00002,11010,Deccan Express,Mumbai CST,Pune Jn,Lonavala,Pune Jn,207.38,46.63,11.36,0.234,29.9,19,2,12.72,0.179,13.49,177.75,39.26,0,0,297.07,2026-03-20 23:57
TR00003,12010,Shatabdi Express,Mumbai Central,Ahmedabad Jn,Vadodara,Ahmedabad Jn,248.15,86.97,25.37,0.319,30.7,19,1,4.8,0.439,13.84,212.7,91.09,0,0,215.46,2026-03-16 22:35
TR00004,12951,Mumbai Rajdhani,Mumbai Central,New Delhi,Vadodara,Kota Jn,229.54,74.1,16.84,0.153,29.6,1,5,23.96,0.11,4.5,196.75,72.35,0,0,207.65,2026-04-23 04:27
TR00005,12622,Tamil Nadu Express,New Delhi,Chennai Central,Nagpur,Vijayawada,49.5,47.29,12.41,0.171,28.4,22,1,10.96,0.037,1.32,42.43,41.66,0,0,65.01,2026-06-15 23:05
TR00006,12295,Sanghamitra Express,Bengaluru,Patna Jn,Gaya Jn,Patna Jn,307.14,99.57,38.58,0.111,14.3,13,5,27.16,0.35,7.92,263.26,108.25,1,0,243.58,2026-06-11 17:03
TR00001,12123,Mumbai - Pune Express,Mumbai CST,Pune Jn,Kalyan,Karjat,71.83,90.55,24.37,0.193,14.5,23,1,5.88,0.386,9.09,61.57,101.08,0,1,80.95,2026-08-21 00:20
TR00002,11010,Deccan Express,Mumbai CST,Pune Jn,Lonavala,Pune Jn,181.59,42.41,29.76,0.092,19.2,11,0,1.87,0.622,14.76,155.65,30.93,0,0,336.32,2026-02-22 16:36
TR00003,12010,Shatabdi Express,Mumbai Central,Ahmedabad Jn,Mumbai Central,Borivali,213.7,76.46,22.8,0.054,33.2,9,1,54.91,0.239,4.08,183.17,89.1,0,0,190.51,2026-06-05 12:10
TR00004,12951,Mumbai Rajdhani,Mumbai Central,New Delhi,Surat,Vadodara,134.27,112.15,15.88,0.131,35.9,14,6,14.53,0.065,6.19,115.09,105.96,0,0,83.65,2026-08-01 15:23
TR00005,12622,Tamil Nadu Express,New Delhi,Chennai Central,Bhopal Jn,Nagpur,126.4,94.35,10.83,0.137,21.8,13,0,16.33,0.09,6.77,108.34,97.31,0,0,89.72,2026-07-20 14:29
TR00006,12295,Sanghamitra Express,Bengaluru,Patna Jn,Vijayawada,Gaya Jn,109.68,113.58,20.48,0.212,30.8,11,6,23.59,0.178,5.64,94.01,107.04,0,0,65.13,2026-02-15 12:05
TR00001,12123,Mumbai - Pune Express,Mumbai CST,Pune Jn,Lonavala,Pune Jn,78.65,74.11,21.29,0.374,20.0,23,0,14.02,0.283,3.42,67.42,74.43,0,0,88.56,2026-02-04 00:28
TR00002,11010,Deccan Express,Mumbai CST,Pune Jn,Dadar,Kalyan,165.57,63.03,26.1,0.039,23.2,13,1,33.71,0.099,14.21,141.91,41.84,0,1,215.76,2026-04-12 16:35
TR00003,12010,Shatabdi Express,Mumbai Central,Ahmedabad Jn,Vadodara,Ahmedabad Jn,249.96,95.96,17.44,0.315,38.1,22,4,10.41,0.122,2.65,214.25,105.37,0,0,177.53,2026-06-17 00:57
TR00004,12951,Mumbai Rajdhani,Mumbai Central,New Delhi,Kota Jn,New Delhi,645.26,96.09,10.2,0.173,25.9,16,3,4.41,0.36,1.35,553.08,81.77,0,0,465.58,2026-08-07 23:45
TR00005,12622,Tamil Nadu Express,New Delhi,Chennai Central,Bhopal Jn,Nagpur,220.69,77.56,27.54,0.067,33.8,2,6,4.9,0.561,4.35,189.16,76.04,0,0,222.16,2026-05-22 05:42
TR00006,12295,Sanghamitra Express,Bengaluru,Patna Jn,Guntakal Jn,Vijayawada,273.13,78.47,8.35,0.036,25.3,10,4,27.01,0.311,7.67,234.11,84.68,0,0,235.83,2026-08-06 13:55
TR00001,12123,Mumbai - Pune Express,Mumbai CST,Pune Jn,Kalyan,Karjat,246.38,92.79,41.41,0.603,13.5,22,3,11.62,0.639,7.02,211.18,85.29,0,0,230.93,2026-07-28 01:50
TR00002,11010,Deccan Express,Mumbai CST,Pune Jn,Lonavala,Pune Jn,128.75,96.47,14.85,0.089,26.0,4,3,5.41,0.254,0.88,110.35,97.9,0,1,118.27,2026-04-14 05:58
TR00003,12010,Shatabdi Express,Mumbai Central,Ahmedabad Jn,Borivali,Vapi,49.32,53.27,24.13,0.246,24.1,18,5,25.28,0.16,20.58,42.27,70.51,0,0,72.84,2026-01-03 19:12
TR00004,12951,Mumbai Rajdhani,Mumbai Central,New Delhi,Mumbai Central,Surat,289.79,74.45,16.44,0.142,24.7,6,3,8.92,0.143,10.68,248.39,78.53,0,0,258.59,2026-08-01 10:18
TR00005,12622,Tamil Nadu Express,New Delhi,Chennai Central,Vijayawada,Chennai Central,112.58,84.94,25.91,0.121,26.4,12,2,3.73,0.109,1.38,96.5,95.4,0,1,119.69,2026-03-10 13:59
TR00006,12295,Sanghamitra Express,Bengaluru,Patna Jn,Bengaluru,Guntakal Jn,84.18,82.89,19.84,0.077,37.7,1,5,12.09,0.282,12.01,72.15,73.09,0,0,76.92,2026-05-22 02:16
TR00001,12123,Mumbai - Pune Express,Mumbai CST,Pune Jn,Kalyan,Karjat,178.25,49.43,0.11,0.168,30.2,4,6,1.84,0.046,6.17,152.79,50.76,0,0,221.72,2026-03-07 07:41
TR00002,11010,Deccan Express,Mumbai CST,Pune Jn,Lonavala,Pune Jn,180.61,65.74,27.68,0.161,30.3,6,5,7.18,0.396,11.5,154.81,70.83,0,1,250.9,2026-06-29 10:10
TR00003,12010,Shatabdi Express,Mumbai Central,Ahmedabad Jn,Borivali,Vapi,436.49,122.98,0.0,0.052,25.4,9,0,2.72,0.363,15.96,374.13,115.61,0,0,232.74,2026-08-10 12:52
TR00004,12951,Mumbai Rajdhani,Mumbai Central,New Delhi,Kota Jn,New Delhi,249.79,89.4,10.18,0.276,33.3,10,5,11.99,0.126,2.11,214.11,93.09,0,0,184.81,2026-03-24 13:04
TR00005,12622,Tamil Nadu Express,New Delhi,Chennai Central,New Delhi,Bhopal Jn,204.78,54.68,41.54,0.242,26.6,4,4,18.26,0.235,12.13,175.53,54.83,1,0,280.82,2026-07-05 08:40
TR00006,12295,Sanghamitra Express,Bengaluru,Patna Jn,Vijayawada,Gaya Jn,396.34,71.72,15.03,0.362,37.2,20,6,17.49,0.271,0.65,339.72,58.09,0,0,376.88,2026-01-12 02:16
TR00001,12123,Mumbai - Pune Express,Mumbai CST,Pune Jn,Lonavala,Pune Jn,331.87,93.02,28.97,0.225,17.6,22,2,20.84,0.362,15.25,284.46,90.35,0,0,257.95,2026-06-26 02:17
TR00002,11010,Deccan Express,Mumbai CST,Pune Jn,Kalyan,Lonavala,233.13,97.87,15.01,0.062,36.4,17,5,12.69,0.06,4.02,199.83,87.11,0,0,152.89,2026-02-26 19:32
TR00003,12010,Shatabdi Express,Mumbai Central,Ahmedabad Jn,Vadodara,Ahmedabad Jn,478.9,37.99,28.28,0.253,30.7,9,2,25.55,0.293,11.68,410.49,32.64,0,0,868.41,2026-03-04 23:28
TR00004,12951,Mumbai Rajdhani,Mumbai Central,New Delhi,Mumbai Central,Surat,237.11,66.43,21.89,0.045,28.4,3,0,6.56,0.557,25.73,203.24,62.9,0,0,262.24,2026-06-06 07:22
TR00005,12622,Tamil Nadu Express,New Delhi,Chennai Central,Nagpur,Vijayawada,204.45,54.63,35.38,0.193,16.2,6,2,18.1,0.592,8.48,175.24,55.34,0,0,287.39,2026-04-11 10:47
TR00006,12295,Sanghamitra Express,Bengaluru,Patna Jn,Gaya Jn,Patna Jn,230.06,49.39,24.61,0.118,29.3,10,2,16.54,0.162,19.25,197.19,41.95,0,1,390.25,2026-04-21 16:30
TR00001,12123,Mumbai - Pune Express,Mumbai CST,Pune Jn,Dadar,Kalyan,211.02,20.0,31.75,0.305,42.4,5,3,12.32,0.436,6.8,180.87,20.0,0,1,990.78,2026-01-29 21:30
TR00002,11010,Deccan Express,Mumbai CST,Pune Jn,Mumbai CST,Dadar,183.46,99.16,24.3,0.326,14.4,21,3,22.9,0.186,12.68,157.25,97.22,0,0,135.6,2026-02-14 23:15
TR00003,12010,Shatabdi Express,Mumbai Central,Ahmedabad Jn,Borivali,Vapi,83.65,63.48,41.39,0.342,32.5,22,1,23.49,0.252,33.44,71.7,73.28,0,1,134.84,2026-07-26 00:14
TR00004,12951,Mumbai Rajdhani,Mumbai Central,New Delhi,Vadodara,Kota Jn,180.21,74.46,14.7,0.275,46.3,1,1,16.12,0.333,3.51,154.47,75.97,0,0,173.79,2026-02-23 03:53
TR00005,12622,Tamil Nadu Express,New Delhi,Chennai Central,Vijayawada,Chennai Central,139.7,97.01,16.87,0.196,32.8,23,5,10.55,0.311,12.69,119.74,98.24,0,0,101.43,2026-02-23 00:41
TR00006,12295,Sanghamitra Express,Bengaluru,Patna Jn,Bengaluru,Guntakal Jn,164.47,103.66,28.23,0.314,28.2,18,3,3.08,0.341,13.24,140.97,106.04,0,0,129.47,2026-03-15 20:09
TR00001,12123,Mumbai - Pune Express,Mumbai CST,Pune Jn,Mumbai CST,Dadar,179.71,88.09,17.18,0.12,41.7,4,4,11.68,0.267,4.13,154.04,86.42,0,0,147.05,2026-05-31 06:27
TR00002,11010,Deccan Express,Mumbai CST,Pune Jn,Kalyan,Lonavala,300.14,51.67,8.48,0.193,31.1,20,2,11.67,0.213,12.57,257.27,61.78,0,0,381.34,2026-04-13 02:21
TR00003,12010,Shatabdi Express,Mumbai Central,Ahmedabad Jn,Mumbai Central,Borivali,222.12,62.77,13.96,0.046,22.3,22,6,2.97,0.434,4.91,190.38,49.37,0,0,238.31,2026-01-26 01:58
TR00004,12951,Mumbai Rajdhani,Mumbai Central,New Delhi,Surat,Vadodara,278.72,76.4,24.5,0.088,30.3,2,4,10.27,0.263,4.73,238.91,82.88,0,1,316.54,2026-01-14 07:16
TR00005,12622,Tamil Nadu Express,New Delhi,Chennai Central,Nagpur,Vijayawada,107.03,98.93,30.05,0.253,27.1,12,2,3.38,0.053,7.27,91.74,104.4,1,0,89.55,2026-06-01 13:29
TR00006,12295,Sanghamitra Express,Bengaluru,Patna Jn,Guntakal Jn,Vijayawada,51.66,105.73,10.78,0.078,9.5,9,2,10.32,0.096,3.37,44.28,99.05,0,0,38.27,2026-02-04 09:38
TR00001,12123,Mumbai - Pune Express,Mumbai CST,Pune Jn,Karjat,Lonavala,228.05,67.88,18.88,0.248,17.4,23,3,1.54,0.48,36.93,195.47,66.71,0,0,240.78,2026-01-09 03:00
TR00002,11010,Deccan Express,Mumbai CST,Pune Jn,Mumbai CST,Dadar,187.87,91.37,24.65,0.277,35.3,0,4,23.72,0.508,13.06,161.03,81.96,0,0,157.7,2026-08-28 02:37
TR00003,12010,Shatabdi Express,Mumbai Central,Ahmedabad Jn,Borivali,Vapi,188.68,101.21,27.76,0.211,28.8,17,0,15.79,0.094,11.0,161.73,104.74,1,0,149.22,2026-04-15 19:29
TR00004,12951,Mumbai Rajdhani,Mumbai Central,New Delhi,Mumbai Central,Surat,114.39,49.09,7.99,0.238,27.3,14,0,6.92,0.243,4.82,98.05,43.41,0,0,165.24,2026-07-18 16:45
TR00005,12622,Tamil Nadu Express,New Delhi,Chennai Central,Nagpur,Vijayawada,169.74,53.66,13.68,0.079,31.6,12,4,15.36,0.244,14.77,145.5,49.74,0,0,207.73,2026-08-17 15:27
TR00006,12295,Sanghamitra Express,Bengaluru,Patna Jn,Bengaluru,Guntakal Jn,194.85,90.26,19.51,0.562,24.4,20,0,14.57,0.148,12.92,167.01,83.41,0,0,158.55,2026-04-11 22:38
TR00001,12123,Mumbai - Pune Express,Mumbai CST,Pune Jn,Dadar,Kalyan,260.27,76.41,20.32,0.233,29.9,7,2,16.8,0.437,5.97,223.09,66.96,0,0,248.38,2026-07-27 11:08
TR00002,11010,Deccan Express,Mumbai CST,Pune Jn,Mumbai CST,Dadar,107.48,111.82,31.42,0.171,33.9,13,6,4.3,0.694,3.34,92.12,101.27,0,0,87.7,2026-08-05 14:27
TR00003,12010,Shatabdi Express,Mumbai Central,Ahmedabad Jn,Vapi,Surat,201.32,40.69,18.16,0.125,22.6,21,2,5.03,0.365,5.0,172.56,47.67,0,0,343.28,2026-02-10 02:43
TR00004,12951,Mumbai Rajdhani,Mumbai Central,New Delhi,Kota Jn,New Delhi,189.39,76.85,12.39,0.071,24.7,16,3,22.32,0.115,10.11,162.33,85.7,0,0,165.68,2026-08-18 18:45
TR00005,12622,Tamil Nadu Express,New Delhi,Chennai Central,Bhopal Jn,Nagpur,225.33,101.0,5.45,0.209,18.3,16,6,4.47,0.403,9.31,193.14,87.53,0,0,152.06,2026-05-26 18:32
TR00006,12295,Sanghamitra Express,Bengaluru,Patna Jn,Guntakal Jn,Vijayawada,171.38,66.49,32.32,0.443,24.2,2,3,6.16,0.299,8.37,146.9,70.07,0,0,194.46,2026-01-29 05:14
TR00001,12123,Mumbai - Pune Express,Mumbai CST,Pune Jn,Kalyan,Karjat,401.16,108.12,23.61,0.132,15.3,12,1,15.99,0.389,3.84,343.85,110.02,0,0,261.6,2026-02-20 16:21
TR00002,11010,Deccan Express,Mumbai CST,Pune Jn,Dadar,Kalyan,283.86,93.19,29.05,0.105,30.0,15,6,11.58,0.151,12.83,243.31,99.02,1,0,215.05,2026-02-11 18:35
TR00003,12010,Shatabdi Express,Mumbai Central,Ahmedabad Jn,Vadodara,Ahmedabad Jn,121.22,90.02,23.33,0.136,32.6,6,3,35.62,0.208,9.9,103.9,89.64,0,0,100.62,2026-07-04 07:40
TR00004,12951,Mumbai Rajdhani,Mumbai Central,New Delhi,Vadodara,Kota Jn,174.65,130.0,10.76,0.094,24.4,5,4,1.48,0.133,2.85,149.7,130.0,0,0,93.15,2026-03-21 06:33
TR00005,12622,Tamil Nadu Express,New Delhi,Chennai Central,Bhopal Jn,Nagpur,98.72,86.38,46.45,0.432,20.7,22,0,24.04,0.274,10.38,84.61,80.92,0,1,129.62,2026-04-24 00:09
TR00006,12295,Sanghamitra Express,Bengaluru,Patna Jn,Gaya Jn,Patna Jn,294.78,112.9,27.72,0.02,19.1,4,5,5.97,0.164,8.27,252.67,104.43,1,0,188.61,2026-05-04 07:08
TR00001,12123,Mumbai - Pune Express,Mumbai CST,Pune Jn,Dadar,Kalyan,218.39,97.28,13.05,0.254,31.3,21,1,2.65,0.531,9.68,187.19,94.46,0,0,171.05,2026-02-26 23:51
TR00002,11010,Deccan Express,Mumbai CST,Pune Jn,Kalyan,Lonavala,126.29,60.5,29.08,0.244,27.5,20,0,11.44,0.377,9.27,108.25,68.56,0,0,163.7,2026-05-03 22:43
TR00003,12010,Shatabdi Express,Mumbai Central,Ahmedabad Jn,Mumbai Central,Borivali,199.77,66.99,21.77,0.165,19.8,3,0,4.91,0.531,3.6,171.23,54.15,0,0,225.11,2026-08-14 06:45
TR00004,12951,Mumbai Rajdhani,Mumbai Central,New Delhi,Surat,Vadodara,240.22,55.99,30.14,0.313,36.1,19,2,24.29,0.39,9.96,205.9,57.68,0,0,325.45,2026-03-24 00:25
TR00005,12622,Tamil Nadu Express,New Delhi,Chennai Central,Nagpur,Vijayawada,359.98,77.7,14.42,0.108,23.9,12,5,20.55,0.085,5.71,308.56,73.96,0,0,302.46,2026-02-03 17:02
TR00006,12295,Sanghamitra Express,Bengaluru,Patna Jn,Guntakal Jn,Vijayawada,248.64,71.26,21.42,0.202,31.4,4,2,13.36,0.493,4.29,213.12,73.27,0,0,260.97,2026-04-21 08:20
TR00001,12123,Mumbai - Pune Express,Mumbai CST,Pune Jn,Mumbai CST,Dadar,363.07,91.5,22.64,0.295,36.4,9,3,12.88,0.23,24.57,311.21,87.0,0,0,268.0,2026-08-18 13:28
TR00002,11010,Deccan Express,Mumbai CST,Pune Jn,Mumbai CST,Dadar,151.68,44.35,16.87,0.179,17.7,1,0,17.38,0.441,6.26,130.01,41.83,0,0,241.5,2026-06-01 05:01
TR00003,12010,Shatabdi Express,Mumbai Central,Ahmedabad Jn,Surat,Vadodara,296.99,88.23,25.02,0.396,19.6,13,1,23.93,0.202,3.68,254.56,94.79,1,0,253.64,2026-04-02 17:13
TR00004,12951,Mumbai Rajdhani,Mumbai Central,New Delhi,Mumbai Central,Surat,209.49,61.39,29.75,0.547,30.5,19,2,12.05,0.555,4.89,179.56,66.87,0,0,274.26,2026-05-04 23:34
TR00005,12622,Tamil Nadu Express,New Delhi,Chennai Central,Vijayawada,Chennai Central,178.5,46.16,10.92,0.231,33.2,22,1,13.25,0.219,16.6,153.0,46.31,0,0,256.08,2026-01-12 02:16
TR00006,12295,Sanghamitra Express,Bengaluru,Patna Jn,Vijayawada,Gaya Jn,146.69,57.41,20.32,0.173,35.9,2,0,38.72,0.181,9.32,125.73,65.14,0,0,183.59,2026-02-16 05:03
TR00001,12123,Mumbai - Pune Express,Mumbai CST,Pune Jn,Dadar,Kalyan,215.82,72.9,26.55,0.172,31.5,7,1,36.12,0.517,3.52,184.99,72.33,0,0,226.33,2026-01-05 10:46
TR00002,11010,Deccan Express,Mumbai CST,Pune Jn,Lonavala,Pune Jn,472.34,68.91,22.31,0.06,20.7,14,3,30.55,0.522,2.69,404.86,70.68,0,0,492.19,2026-03-09 22:12
TR00003,12010,Shatabdi Express,Mumbai Central,Ahmedabad Jn,Vapi,Surat,306.45,70.38,7.03,0.001,41.7,15,3,11.77,0.231,8.88,262.67,84.85,0,0,283.12,2026-05-12 19:43
TR00004,12951,Mumbai Rajdhani,Mumbai Central,New Delhi,Surat,Vadodara,206.12,94.9,24.13,0.199,19.6,5,3,6.43,0.79,0.25,176.68,103.92,0,0,169.99,2026-04-29 07:49
TR00005,12622,Tamil Nadu Express,New Delhi,Chennai Central,Nagpur,Vijayawada,112.93,66.84,7.44,0.116,23.7,7,6,6.58,0.482,4.1,96.79,60.75,0,0,119.32,2026-02-15 08:59
TR00006,12295,Sanghamitra Express,Bengaluru,Patna Jn,Guntakal Jn,Vijayawada,436.39,103.55,51.59,0.364,24.8,14,0,21.23,0.515,12.53,374.05,90.39,1,0,350.34,2026-04-15 19:50
TR00001,12123,Mumbai - Pune Express,Mumbai CST,Pune Jn,Lonavala,Pune Jn,281.13,70.81,6.69,0.136,25.5,23,0,5.0,0.217,1.32,240.97,74.4,0,0,256.34,2026-01-19 03:16
TR00002,11010,Deccan Express,Mumbai CST,Pune Jn,Dadar,Kalyan,147.19,78.35,19.98,0.167,24.6,0,6,2.45,0.617,13.36,126.16,89.25,0,0,143.57,2026-03-15 02:23
TR00003,12010,Shatabdi Express,Mumbai Central,Ahmedabad Jn,Borivali,Vapi,253.87,40.46,29.31,0.452,40.8,21,5,37.25,0.267,1.31,217.6,42.07,0,0,456.32,2026-03-06 04:36
TR00004,12951,Mumbai Rajdhani,Mumbai Central,New Delhi,Kota Jn,New Delhi,234.03,86.83,16.94,0.19,32.7,10,0,18.03,0.248,2.08,200.59,74.21,0,0,190.03,2026-06-15 13:10
TR00005,12622,Tamil Nadu Express,New Delhi,Chennai Central,Vijayawada,Chennai Central,119.57,58.7,29.14,0.034,31.2,1,1,14.98,0.149,22.13,102.49,74.62,1,0,151.48,2026-03-15 03:31
TR00006,12295,Sanghamitra Express,Bengaluru,Patna Jn,Vijayawada,Gaya Jn,275.99,77.93,36.53,0.013,27.4,19,5,20.19,0.638,3.21,236.56,78.06,0,1,351.12,2026-07-04 00:51
TR00001,12123,Mumbai - Pune Express,Mumbai CST,Pune Jn,Mumbai CST,Dadar,210.89,93.16,13.15,0.112,43.0,10,3,15.05,0.35,3.49,180.77,82.1,0,0,151.9,2026-05-10 12:31
TR00002,11010,Deccan Express,Mumbai CST,Pune Jn,Mumbai CST,Dadar,76.75,89.05,22.96,0.098,25.2,18,5,18.99,0.273,9.45,65.78,100.05,0,0,64.51,2026-08-26 19:04
TR00003,12010,Shatabdi Express,Mumbai Central,Ahmedabad Jn,Mumbai Central,Borivali,306.96,85.48,25.62,0.053,28.2,7,6,19.86,0.335,7.91,263.11,71.7,0,0,252.67,2026-05-27 11:12
TR00004,12951,Mumbai Rajdhani,Mumbai Central,New Delhi,Vadodara,Kota Jn,182.31,56.35,4.4,0.214,33.0,13,1,5.64,0.209,2.5,156.26,66.72,0,0,216.07,2026-05-28 16:36
TR00005,12622,Tamil Nadu Express,New Delhi,Chennai Central,Vijayawada,Chennai Central,239.52,78.5,26.3,0.196,27.0,18,4,20.3,0.139,7.8,205.31,78.18,0,0,214.75,2026-07-11 21:34
TR00006,12295,Sanghamitra Express,Bengaluru,Patna Jn,Bengaluru,Guntakal Jn,339.29,81.76,15.4,0.132,28.9,8,2,5.34,0.322,2.9,290.82,79.07,0,0,286.01,2026-02-02 12:46
TR00001,12123,Mumbai - Pune Express,Mumbai CST,Pune Jn,Lonavala,Pune Jn,142.86,38.52,26.36,0.069,25.5,11,0,32.78,0.209,2.57,122.45,41.22,1,0,274.4,2026-08-01 15:34
TR00002,11010,Deccan Express,Mumbai CST,Pune Jn,Kalyan,Lonavala,146.07,70.82,18.21,0.153,31.3,1,3,2.18,0.521,10.75,125.21,52.46,0,0,151.71,2026-03-14 03:31
TR00003,12010,Shatabdi Express,Mumbai Central,Ahmedabad Jn,Vapi,Surat,292.29,111.08,23.29,0.319,35.0,23,4,27.59,0.428,5.62,250.53,104.72,0,0,197.82,2026-06-06 02:17
TR00004,12951,Mumbai Rajdhani,Mumbai Central,New Delhi,Mumbai Central,Surat,226.18,98.24,18.01,0.074,27.6,16,6,7.06,0.48,13.53,193.87,101.63,0,0,165.73,2026-03-02 18:45
TR00005,12622,Tamil Nadu Express,New Delhi,Chennai Central,Bhopal Jn,Nagpur,465.48,78.16,16.91,0.173,26.2,14,0,1.3,0.304,9.73,398.98,75.15,0,1,515.82,2026-01-16 22:35
TR00006,12295,Sanghamitra Express,Bengaluru,Patna Jn,Bengaluru,Guntakal Jn,515.15,100.91,27.18,0.058,25.8,11,2,21.75,0.167,19.05,441.56,92.56,1,0,346.98,2026-01-11 16:46
TR00001,12123,Mumbai - Pune Express,Mumbai CST,Pune Jn,Lonavala,Pune Jn,278.64,69.2,29.78,0.238,21.4,2,5,13.5,0.102,17.72,238.83,66.35,0,0,283.79,2026-02-09 06:43
TR00002,11010,Deccan Express,Mumbai CST,Pune Jn,Kalyan,Lonavala,159.05,80.11,24.61,0.382,41.2,23,5,4.41,0.055,2.46,136.33,83.1,1,0,154.15,2026-04-23 01:34
TR00003,12010,Shatabdi Express,Mumbai Central,Ahmedabad Jn,Borivali,Vapi,43.93,85.22,12.6,0.433,29.8,23,4,7.91,0.166,29.19,37.66,93.08,0,0,43.12,2026-06-12 23:43
TR00004,12951,Mumbai Rajdhani,Mumbai Central,New Delhi,Mumbai Central,Surat,213.77,39.71,11.07,0.329,30.3,4,6,8.83,0.239,12.34,183.23,47.81,0,0,369.67,2026-03-12 10:09
TR00005,12622,Tamil Nadu Express,New Delhi,Chennai Central,Vijayawada,Chennai Central,617.24,48.58,24.0,0.163,33.8,4,5,29.4,0.133,1.17,529.06,53.06,1,0,831.84,2026-02-06 17:51
TR00006,12295,Sanghamitra Express,Bengaluru,Patna Jn,Bengaluru,Guntakal Jn,292.49,101.74,7.06,0.307,15.5,18,4,8.0,0.335,13.33,250.71,89.73,0,0,207.6,2026-04-17 21:27
TR00001,12123,Mumbai - Pune Express,Mumbai CST,Pune Jn,Mumbai CST,Dadar,132.87,57.86,8.0,0.085,36.5,12,4,10.84,0.118,3.91,113.89,60.92,0,0,146.71,2026-06-14 14:26
TR00002,11010,Deccan Express,Mumbai CST,Pune Jn,Kalyan,Lonavala,137.24,64.16,22.83,0.137,40.2,19,4,3.01,0.112,0.4,117.63,62.58,1,0,155.18,2026-07-12 21:35
TR00003,12010,Shatabdi Express,Mumbai Central,Ahmedabad Jn,Mumbai Central,Borivali,293.42,84.26,33.66,0.05,37.6,15,4,4.74,0.413,23.97,251.5,88.89,0,1,323.98,2026-07-05 20:23
TR00004,12951,Mumbai Rajdhani,Mumbai Central,New Delhi,Vadodara,Kota Jn,165.67,59.64,22.86,0.399,18.8,1,2,1.15,0.255,1.27,142.0,59.91,0,0,206.55,2026-07-25 04:26
TR00005,12622,Tamil Nadu Express,New Delhi,Chennai Central,Bhopal Jn,Nagpur,185.2,73.72,23.81,0.465,26.6,15,3,5.14,0.225,5.31,158.74,78.72,0,0,183.17,2026-08-08 18:03
TR00006,12295,Sanghamitra Express,Bengaluru,Patna Jn,Bengaluru,Guntakal Jn,151.45,81.78,16.45,0.283,33.0,21,1,2.06,0.265,31.77,129.82,85.2,0,0,135.93,2026-07-30 23:15
TR00001,12123,Mumbai - Pune Express,Mumbai CST,Pune Jn,Dadar,Kalyan,75.51,63.19,15.84,0.268,34.5,9,4,30.88,0.122,6.16,64.72,62.39,0,0,88.65,2026-03-04 10:28
TR00002,11010,Deccan Express,Mumbai CST,Pune Jn,Lonavala,Pune Jn,128.03,87.95,32.83,0.336,25.7,2,0,21.97,0.516,3.42,109.74,94.1,0,0,124.22,2026-01-03 04:04
TR00003,12010,Shatabdi Express,Mumbai Central,Ahmedabad Jn,Borivali,Vapi,67.25,53.01,11.2,0.043,32.2,5,4,24.16,0.265,2.34,57.65,61.65,0,0,83.57,2026-04-11 06:23
TR00004,12951,Mumbai Rajdhani,Mumbai Central,New Delhi,Vadodara,Kota Jn,249.73,63.35,23.98,0.047,24.8,17,3,14.35,0.441,5.61,214.05,69.14,0,1,359.69,2026-03-21 22:59
TR00005,12622,Tamil Nadu Express,New Delhi,Chennai Central,Bhopal Jn,Nagpur,305.22,29.31,25.14,0.081,34.3,22,3,8.83,0.184,11.38,261.62,38.93,0,0,673.4,2026-04-15 09:13
TR00006,12295,Sanghamitra Express,Bengaluru,Patna Jn,Gaya Jn,Patna Jn,401.0,83.2,35.47,0.13,33.8,1,5,20.09,0.473,11.72,343.71,91.21,0,0,349.72,2026-05-08 06:49
TR00001,12123,Mumbai - Pune Express,Mumbai CST,Pune Jn,Kalyan,Karjat,210.88,83.89,16.63,0.209,37.6,1,4,12.85,0.197,6.0,180.75,95.26,0,0,160.25,2026-08-26 03:40
TR00002,11010,Deccan Express,Mumbai CST,Pune Jn,Mumbai CST,Dadar,93.51,88.86,10.11,0.046,35.8,8,6,3.92,0.165,2.68,80.15,84.12,0,0,69.97,2026-05-03 09:09
TR00003,12010,Shatabdi Express,Mumbai Central,Ahmedabad Jn,Surat,Vadodara,268.72,47.58,21.07,0.062,33.0,16,3,27.95,0.118,10.63,230.33,43.26,0,1,457.6,2026-07-29 23:37
TR00004,12951,Mumbai Rajdhani,Mumbai Central,New Delhi,Kota Jn,New Delhi,327.11,105.0,27.91,0.232,28.6,13,6,17.34,0.465,1.24,280.38,96.8,0,0,239.54,2026-04-24 16:59
TR00005,12622,Tamil Nadu Express,New Delhi,Chennai Central,Vijayawada,Chennai Central,368.49,59.84,21.52,0.147,24.6,9,3,6.16,0.534,6.57,315.85,57.4,0,0,439.8,2026-01-05 16:19
TR00006,12295,Sanghamitra Express,Bengaluru,Patna Jn,Guntakal Jn,Vijayawada,343.53,117.72,35.59,0.377,31.2,16,4,13.66,0.311,7.83,294.46,115.07,0,1,279.13,2026-04-11 20:39
TR00001,12123,Mumbai - Pune Express,Mumbai CST,Pune Jn,Lonavala,Pune Jn,226.75,70.4,25.28,0.153,40.6,1,4,11.65,0.142,0.7,194.36,70.95,1,1,295.16,2026-07-19 05:55
TR00002,11010,Deccan Express,Mumbai CST,Pune Jn,Kalyan,Lonavala,440.32,61.81,21.55,0.065,29.0,9,6,8.75,0.309,6.58,377.42,60.47,0,1,613.31,2026-03-30 19:13
TR00003,12010,Shatabdi Express,Mumbai Central,Ahmedabad Jn,Mumbai Central,Borivali,535.04,50.91,19.09,0.159,29.8,9,3,9.69,0.408,12.87,458.6,36.48,0,0,725.51,2026-01-08 21:05
TR00004,12951,Mumbai Rajdhani,Mumbai Central,New Delhi,Vadodara,Kota Jn,151.49,71.87,11.97,0.244,29.3,20,1,7.18,0.053,8.92,129.85,64.2,0,0,128.62,2026-03-30 22:08
TR00005,12622,Tamil Nadu Express,New Delhi,Chennai Central,Bhopal Jn,Nagpur,400.14,63.45,7.89,0.156,24.2,17,2,3.33,0.228,9.97,342.97,57.91,0,0,410.5,2026-04-20 23:50
TR00006,12295,Sanghamitra Express,Bengaluru,Patna Jn,Guntakal Jn,Vijayawada,170.6,36.1,6.08,0.283,33.2,20,1,10.09,0.167,9.54,146.23,27.34,0,0,312.88,2026-06-08 01:12
TR00001,12123,Mumbai - Pune Express,Mumbai CST,Pune Jn,Kalyan,Karjat,301.08,74.32,5.52,0.087,28.3,4,1,13.18,0.279,1.27,258.07,81.53,0,0,266.9,2026-01-04 08:26
TR00002,11010,Deccan Express,Mumbai CST,Pune Jn,Lonavala,Pune Jn,142.85,103.96,27.08,0.405,36.6,0,4,26.2,0.153,4.19,122.44,108.66,0,0,114.09,2026-01-29 01:54
TR00003,12010,Shatabdi Express,Mumbai Central,Ahmedabad Jn,Borivali,Vapi,207.78,62.18,10.38,0.451,35.4,11,4,4.93,0.093,14.76,178.09,70.51,0,0,230.09,2026-03-20 14:50
TR00004,12951,Mumbai Rajdhani,Mumbai Central,New Delhi,Vadodara,Kota Jn,209.76,78.44,22.81,0.287,31.9,10,2,20.28,0.366,11.49,179.79,77.22,0,0,193.36,2026-06-05 13:13
TR00005,12622,Tamil Nadu Express,New Delhi,Chennai Central,Nagpur,Vijayawada,285.48,75.72,13.61,0.076,44.7,7,5,15.54,0.093,19.03,244.7,82.91,0,0,237.23,2026-08-12 10:57
TR00006,12295,Sanghamitra Express,Bengaluru,Patna Jn,Gaya Jn,Patna Jn,334.98,50.6,17.12,0.188,22.8,6,2,13.88,0.145,15.8,287.13,38.21,0,0,434.13,2026-08-24 13:14
TR00001,12123,Mumbai - Pune Express,Mumbai CST,Pune Jn,Mumbai CST,Dadar,103.18,31.96,18.44,0.101,26.0,15,2,12.94,0.335,28.82,88.44,41.94,0,0,227.78,2026-08-15 18:47
TR00002,11010,Deccan Express,Mumbai CST,Pune Jn,Mumbai CST,Dadar,125.43,49.22,21.79,0.155,26.5,3,5,34.85,0.19,3.68,107.51,60.51,0,1,224.9,2026-07-02 06:44
TR00003,12010,Shatabdi Express,Mumbai Central,Ahmedabad Jn,Mumbai Central,Borivali,118.44,116.32,26.37,0.193,24.9,9,0,22.97,0.62,12.26,101.52,120.24,0,0,88.23,2026-06-02 10:28
TR00004,12951,Mumbai Rajdhani,Mumbai Central,New Delhi,Surat,Vadodara,234.34,54.96,7.7,0.062,32.1,13,1,14.87,0.285,9.06,200.86,62.18,0,0,282.65,2026-07-05 17:42
TR00005,12622,Tamil Nadu Express,New Delhi,Chennai Central,New Delhi,Bhopal Jn,263.58,42.96,18.03,0.28,28.5,18,6,11.21,0.21,1.24,225.93,57.54,0,0,417.02,2026-02-21 00:57
TR00006,12295,Sanghamitra Express,Bengaluru,Patna Jn,Guntakal Jn,Vijayawada,183.33,53.51,27.04,0.024,14.2,10,1,14.72,0.522,11.1,157.14,46.0,0,0,264.06,2026-01-19 14:24
TR00001,12123,Mumbai - Pune Express,Mumbai CST,Pune Jn,Karjat,Lonavala,437.2,73.29,23.02,0.487,34.0,18,1,2.41,0.33,1.06,374.74,59.72,0,0,438.03,2026-07-09 01:18
TR00002,11010,Deccan Express,Mumbai CST,Pune Jn,Kalyan,Lonavala,264.7,86.48,1.76,0.256,23.3,3,1,9.54,0.285,6.33,226.89,91.81,0,0,214.52,2026-02-15 06:34
TR00003,12010,Shatabdi Express,Mumbai Central,Ahmedabad Jn,Surat,Vadodara,129.11,60.15,10.71,0.324,22.6,7,6,8.65,0.173,5.71,110.67,59.11,0,0,142.23,2026-08-05 09:22
TR00004,12951,Mumbai Rajdhani,Mumbai Central,New Delhi,Mumbai Central,Surat,209.31,98.04,13.59,0.021,31.8,21,3,11.37,0.282,29.94,179.41,104.04,0,0,144.55,2026-01-15 23:24
TR00005,12622,Tamil Nadu Express,New Delhi,Chennai Central,Vijayawada,Chennai Central,170.96,63.22,10.07,0.034,21.2,11,5,22.13,0.107,9.16,146.54,68.06,0,0,174.97,2026-06-22 13:54
TR00006,12295,Sanghamitra Express,Bengaluru,Patna Jn,Vijayawada,Gaya Jn,297.18,76.46,11.1,0.087,23.6,23,1,15.31,0.344,7.23,254.72,89.93,0,0,271.43,2026-02-27 03:31
TR00001,12123,Mumbai - Pune Express,Mumbai CST,Pune Jn,Karjat,Lonavala,186.25,105.59,24.0,0.332,27.8,1,6,21.59,0.344,4.92,159.64,106.01,0,0,133.47,2026-03-24 03:13
TR00002,11010,Deccan Express,Mumbai CST,Pune Jn,Mumbai CST,Dadar,269.26,90.32,14.5,0.158,31.9,22,1,0.98,0.351,2.43,230.79,72.85,0,0,207.06,2026-05-23 01:27
TR00003,12010,Shatabdi Express,Mumbai Central,Ahmedabad Jn,Borivali,Vapi,483.75,95.67,20.92,0.186,31.6,6,4,15.99,0.452,4.26,414.64,86.18,0,0,362.99,2026-04-10 12:02
TR00004,12951,Mumbai Rajdhani,Mumbai Central,New Delhi,Mumbai Central,Surat,106.69,34.19,9.58,0.112,34.3,9,0,9.92,0.248,24.81,91.45,26.9,0,0,207.74,2026-01-25 12:27
TR00005,12622,Tamil Nadu Express,New Delhi,Chennai Central,Vijayawada,Chennai Central,77.25,69.18,11.66,0.109,28.8,16,2,8.34,0.109,3.0,66.21,78.63,0,0,76.15,2026-08-15 17:16
TR00006,12295,Sanghamitra Express,Bengaluru,Patna Jn,Gaya Jn,Patna Jn,198.02,81.55,14.59,0.023,40.7,18,4,4.09,0.19,15.34,169.73,68.99,0,0,159.48,2026-01-27 20:39
TR00001,12123,Mumbai - Pune Express,Mumbai CST,Pune Jn,Dadar,Kalyan,346.66,89.82,21.35,0.239,24.7,14,4,16.63,0.325,6.95,297.14,96.53,0,0,270.9,2026-05-28 18:30
TR00002,11010,Deccan Express,Mumbai CST,Pune Jn,Kalyan,Lonavala,270.13,55.27,17.38,0.061,28.6,23,5,10.85,0.226,0.92,231.54,67.88,0,0,325.35,2026-06-08 04:25
TR00003,12010,Shatabdi Express,Mumbai Central,Ahmedabad Jn,Surat,Vadodara,353.27,100.56,32.92,0.259,41.6,22,0,16.88,0.374,16.47,302.8,93.8,0,1,339.65,2026-06-13 03:39
TR00004,12951,Mumbai Rajdhani,Mumbai Central,New Delhi,Kota Jn,New Delhi,106.29,73.21,11.05,0.047,28.4,11,6,12.0,0.391,30.51,91.11,77.79,0,0,101.52,2026-03-15 12:41
TR00005,12622,Tamil Nadu Express,New Delhi,Chennai Central,Nagpur,Vijayawada,297.01,94.17,49.49,0.466,26.7,17,0,51.95,0.458,28.83,254.58,91.76,0,0,265.09,2026-06-11 21:25
TR00006,12295,Sanghamitra Express,Bengaluru,Patna Jn,Bengaluru,Guntakal Jn,400.68,75.35,21.63,0.206,18.8,17,4,14.21,0.19,7.12,343.44,85.39,0,0,358.45,2026-06-18 22:58
TR00001,12123,Mumbai - Pune Express,Mumbai CST,Pune Jn,Kalyan,Karjat,175.15,71.12,31.12,0.265,27.3,11,5,22.29,0.347,21.5,150.13,64.13,0,0,188.48,2026-06-08 14:08
TR00002,11010,Deccan Express,Mumbai CST,Pune Jn,Lonavala,Pune Jn,426.22,79.06,10.82,0.194,34.4,11,1,13.69,0.581,0.98,365.33,80.78,0,0,401.88,2026-02-21 17:41
TR00003,12010,Shatabdi Express,Mumbai Central,Ahmedabad Jn,Vadodara,Ahmedabad Jn,145.49,65.03,8.28,0.205,19.7,2,0,10.9,0.078,3.19,124.71,51.32,0,0,141.42,2026-08-09 04:21
TR00004,12951,Mumbai Rajdhani,Mumbai Central,New Delhi,Kota Jn,New Delhi,168.33,60.89,21.43,0.379,25.0,19,3,13.28,0.324,8.36,144.28,76.01,0,0,200.56,2026-05-12 22:20
TR00005,12622,Tamil Nadu Express,New Delhi,Chennai Central,Bhopal Jn,Nagpur,92.16,80.83,13.19,0.043,26.5,18,2,15.28,0.218,7.42,79.0,82.9,0,0,79.95,2026-06-05 19:19
TR00006,12295,Sanghamitra Express,Bengaluru,Patna Jn,Bengaluru,Guntakal Jn,143.83,92.8,24.82,0.164,30.6,13,1,11.94,0.187,34.32,123.29,81.72,0,0,113.01,2026-02-20 14:53
TR00001,12123,Mumbai - Pune Express,Mumbai CST,Pune Jn,Kalyan,Karjat,206.01,77.58,15.42,0.164,36.1,10,6,16.82,0.15,12.32,176.58,73.29,0,0,174.79,2026-05-05 12:54
TR00002,11010,Deccan Express,Mumbai CST,Pune Jn,Dadar,Kalyan,337.69,120.92,27.88,0.291,43.5,23,4,21.23,0.275,13.78,289.45,121.66,0,0,208.63,2026-04-24 02:28
TR00003,12010,Shatabdi Express,Mumbai Central,Ahmedabad Jn,Borivali,Vapi,95.28,74.8,22.66,0.253,21.2,17,1,28.02,0.099,17.05,81.67,74.32,0,0,94.53,2026-07-26 18:34
TR00004,12951,Mumbai Rajdhani,Mumbai Central,New Delhi,Surat,Vadodara,202.78,75.63,21.29,0.239,28.4,11,3,15.78,0.422,10.45,173.82,65.11,0,0,193.41,2026-04-23 14:13
TR00005,12622,Tamil Nadu Express,New Delhi,Chennai Central,Nagpur,Vijayawada,188.06,105.45,24.49,0.139,22.5,2,1,18.03,0.219,1.71,161.2,93.43,0,0,128.37,2026-08-01 04:08
TR00006,12295,Sanghamitra Express,Bengaluru,Patna Jn,Guntakal Jn,Vijayawada,119.76,60.35,20.08,0.234,27.1,4,5,16.76,0.376,6.25,102.66,59.27,0,0,143.63,2026-04-30 06:23
TR00001,12123,Mumbai - Pune Express,Mumbai CST,Pune Jn,Lonavala,Pune Jn,60.6,43.87,14.43,0.268,18.3,0,1,21.37,0.397,1.34,51.94,39.47,0,0,100.63,2026-08-16 01:40
TR00002,11010,Deccan Express,Mumbai CST,Pune Jn,Kalyan,Lonavala,284.75,98.39,26.79,0.248,37.0,22,4,6.28,0.57,2.1,244.07,86.99,0,0,225.84,2026-01-12 01:45
TR00003,12010,Shatabdi Express,Mumbai Central,Ahmedabad Jn,Vadodara,Ahmedabad Jn,213.83,65.2,33.72,0.137,19.1,7,2,18.09,0.111,1.44,183.28,71.1,1,0,242.1,2026-04-26 11:02
TR00004,12951,Mumbai Rajdhani,Mumbai Central,New Delhi,Mumbai Central,Surat,260.46,88.57,21.08,0.025,21.2,1,0,27.93,0.095,3.3,223.26,92.42,0,1,244.51,2026-07-14 05:04
TR00005,12622,Tamil Nadu Express,New Delhi,Chennai Central,New Delhi,Bhopal Jn,218.04,74.71,6.35,0.337,23.7,14,0,14.95,0.067,2.85,186.89,66.44,0,0,187.16,2026-05-31 17:07
TR00006,12295,Sanghamitra Express,Bengaluru,Patna Jn,Guntakal Jn,Vijayawada,169.93,84.18,19.19,0.406,32.6,13,0,15.69,0.328,5.55,145.66,85.14,0,0,150.57,2026-01-17 15:30
TR00001,12123,Mumbai - Pune Express,Mumbai CST,Pune Jn,Lonavala,Pune Jn,322.27,124.25,22.03,0.066,26.1,2,2,3.74,0.358,7.03,276.23,123.86,0,1,233.47,2026-01-10 05:53
TR00002,11010,Deccan Express,Mumbai CST,Pune Jn,Lonavala,Pune Jn,180.21,58.78,26.56,0.171,26.9,16,2,18.79,0.246,3.77,154.46,56.67,0,1,274.53,2026-01-16 20:34
TR00003,12010,Shatabdi Express,Mumbai Central,Ahmedabad Jn,Vadodara,Ahmedabad Jn,195.1,73.32,3.45,0.066,26.0,2,1,2.9,0.032,5.87,167.23,81.23,0,0,158.73,2026-06-13 04:38
TR00004,12951,Mumbai Rajdhani,Mumbai Central,New Delhi,Vadodara,Kota Jn,81.38,87.61,19.85,0.067,30.6,8,6,18.04,0.56,10.22,69.76,98.42,0,0,77.47,2026-01-06 09:17
TR00005,12622,Tamil Nadu Express,New Delhi,Chennai Central,Vijayawada,Chennai Central,423.11,98.59,21.41,0.197,10.7,5,0,34.79,0.297,5.2,362.66,96.72,0,0,299.6,2026-06-15 09:59
TR00006,12295,Sanghamitra Express,Bengaluru,Patna Jn,Vijayawada,Gaya Jn,330.97,75.1,14.01,0.057,25.4,17,2,8.21,0.221,19.63,283.69,76.78,0,0,286.38,2026-05-31 21:46
TR00001,12123,Mumbai - Pune Express,Mumbai CST,Pune Jn,Karjat,Lonavala,331.55,105.36,24.88,0.134,33.4,15,3,37.32,0.187,9.45,284.18,104.33,0,1,269.66,2026-06-12 19:29
TR00002,11010,Deccan Express,Mumbai CST,Pune Jn,Lonavala,Pune Jn,182.96,30.97,19.05,0.251,24.6,4,6,2.83,0.097,3.36,156.82,36.83,0,0,387.56,2026-05-01 10:27
TR00003,12010,Shatabdi Express,Mumbai Central,Ahmedabad Jn,Surat,Vadodara,121.91,85.61,9.92,0.212,33.2,1,4,8.38,0.014,2.77,104.49,75.74,0,0,96.69,2026-06-05 02:36
TR00004,12951,Mumbai Rajdhani,Mumbai Central,New Delhi,Vadodara,Kota Jn,110.85,42.84,9.58,0.109,27.1,11,4,16.29,0.461,5.93,95.01,43.62,0,0,184.86,2026-07-19 14:04
TR00005,12622,Tamil Nadu Express,New Delhi,Chennai Central,Nagpur,Vijayawada,255.82,71.39,19.47,0.118,16.0,7,0,13.73,0.458,4.67,219.28,67.95,0,0,257.61,2026-05-26 11:17
TR00006,12295,Sanghamitra Express,Bengaluru,Patna Jn,Vijayawada,Gaya Jn,354.47,72.73,23.57,0.12,26.4,8,6,23.7,0.436,27.83,303.83,63.35,0,0,342.65,2026-05-16 13:42
TR00001,12123,Mumbai - Pune Express,Mumbai CST,Pune Jn,Kalyan,Karjat,361.95,115.55,26.97,0.361,27.5,20,3,31.78,0.411,14.88,310.24,113.22,0,0,235.89,2026-02-06 23:55
TR00002,11010,Deccan Express,Mumbai CST,Pune Jn,Mumbai CST,Dadar,300.27,130.0,34.9,0.304,29.3,18,5,3.45,0.338,9.68,257.37,130.0,0,0,174.36,2026-05-05 20:54
TR00003,12010,Shatabdi Express,Mumbai Central,Ahmedabad Jn,Vadodara,Ahmedabad Jn,203.89,103.54,12.16,0.277,37.2,7,6,9.79,0.116,2.05,174.76,97.06,0,0,132.4,2026-01-04 09:12
TR00004,12951,Mumbai Rajdhani,Mumbai Central,New Delhi,Surat,Vadodara,293.51,81.83,5.82,0.294,34.1,16,0,4.64,0.1,1.03,251.58,83.69,0,0,232.42,2026-05-06 19:52
TR00005,12622,Tamil Nadu Express,New Delhi,Chennai Central,Nagpur,Vijayawada,141.61,87.74,9.28,0.164,29.4,11,6,17.59,0.191,2.35,121.38,84.13,0,0,106.75,2026-01-28 12:46
TR00006,12295,Sanghamitra Express,Bengaluru,Patna Jn,Bengaluru,Guntakal Jn,192.09,47.91,19.43,0.326,31.8,12,2,25.57,0.168,7.47,164.65,45.7,0,0,275.15,2026-02-07 16:35
TR00001,12123,Mumbai - Pune Express,Mumbai CST,Pune Jn,Kalyan,Karjat,509.73,59.09,40.06,0.205,24.2,0,1,6.97,0.09,46.37,436.91,52.59,0,1,712.31,2026-04-26 11:52
TR00002,11010,Deccan Express,Mumbai CST,Pune Jn,Mumbai CST,Dadar,133.74,76.44,26.79,0.308,28.5,15,0,6.39,0.32,14.88,114.63,90.11,0,0,128.61,2026-03-21 17:08
TR00003,12010,Shatabdi Express,Mumbai Central,Ahmedabad Jn,Vadodara,Ahmedabad Jn,228.86,94.16,10.82,0.196,32.7,8,1,9.16,0.212,9.01,196.17,92.58,0,0,168.77,2026-07-22 10:48
TR00004,12951,Mumbai Rajdhani,Mumbai Central,New Delhi,Surat,Vadodara,78.3,55.85,15.46,0.254,27.1,14,6,5.02,0.215,7.86,67.12,38.43,0,0,102.86,2026-01-20 15:42
TR00005,12622,Tamil Nadu Express,New Delhi,Chennai Central,Vijayawada,Chennai Central,83.61,83.21,15.62,0.196,21.4,18,0,10.53,0.493,4.6,71.67,82.95,0,0,80.62,2026-05-15 19:20
TR00006,12295,Sanghamitra Express,Bengaluru,Patna Jn,Guntakal Jn,Vijayawada,407.2,61.94,20.83,0.116,37.8,16,5,6.13,0.154,14.54,349.03,58.43,0,0,422.6,2026-06-02 23:02
TR00001,12123,Mumbai - Pune Express,Mumbai CST,Pune Jn,Dadar,Kalyan,252.74,53.19,26.17,0.032,48.0,11,3,33.1,0.27,6.47,216.64,55.14,0,1,401.26,2026-04-16 17:41
TR00002,11010,Deccan Express,Mumbai CST,Pune Jn,Mumbai CST,Dadar,175.73,72.21,8.65,0.048,32.0,1,0,10.59,0.074,7.9,150.62,88.89,0,0,156.78,2026-02-26 03:36
TR00003,12010,Shatabdi Express,Mumbai Central,Ahmedabad Jn,Vadodara,Ahmedabad Jn,124.83,42.74,11.4,0.145,24.2,6,0,2.47,0.523,6.94,107.0,34.15,0,0,212.8,2026-05-29 09:32
TR00004,12951,Mumbai Rajdhani,Mumbai Central,New Delhi,Kota Jn,New Delhi,134.68,98.72,21.39,0.109,27.3,6,0,13.15,0.067,17.77,115.44,93.05,0,0,93.45,2026-01-07 07:33
TR00005,12622,Tamil Nadu Express,New Delhi,Chennai Central,New Delhi,Bhopal Jn,211.53,104.03,37.55,0.281,34.6,0,4,15.43,0.715,11.62,181.31,107.85,0,0,173.42,2026-03-01 02:53
TR00006,12295,Sanghamitra Express,Bengaluru,Patna Jn,Gaya Jn,Patna Jn,208.53,104.53,25.89,0.158,14.5,13,4,11.76,0.384,37.66,178.74,110.88,0,0,145.93,2026-04-29 15:25
TR00001,12123,Mumbai - Pune Express,Mumbai CST,Pune Jn,Mumbai CST,Dadar,148.15,36.25,28.76,0.308,8.7,7,6,11.81,0.456,8.78,126.99,24.28,0,0,310.6,2026-05-01 12:10
TR00002,11010,Deccan Express,Mumbai CST,Pune Jn,Lonavala,Pune Jn,194.31,47.65,17.72,0.087,25.4,11,3,15.35,0.168,36.68,166.55,43.69,0,0,273.38,2026-01-14 15:33
TR00003,12010,Shatabdi Express,Mumbai Central,Ahmedabad Jn,Mumbai Central,Borivali,647.87,108.13,20.8,0.144,24.4,6,4,17.01,0.473,6.29,555.32,105.36,0,0,425.71,2026-03-07 13:05
TR00004,12951,Mumbai Rajdhani,Mumbai Central,New Delhi,Mumbai Central,Surat,117.72,96.09,35.62,0.328,37.4,11,1,28.88,0.348,20.87,100.9,99.93,0,0,104.82,2026-05-25 12:44
TR00005,12622,Tamil Nadu Express,New Delhi,Chennai Central,Vijayawada,Chennai Central,154.47,73.39,4.51,0.252,27.8,9,5,11.75,0.089,6.31,132.4,69.48,0,0,132.73,2026-03-19 11:12
TR00006,12295,Sanghamitra Express,Bengaluru,Patna Jn,Vijayawada,Gaya Jn,349.28,42.73,15.82,0.172,25.2,17,6,17.03,0.153,9.39,299.39,39.71,0,0,531.54,2026-01-07 01:51
TR00001,12123,Mumbai - Pune Express,Mumbai CST,Pune Jn,Dadar,Kalyan,234.3,27.53,2.38,0.01,18.1,6,5,8.83,0.224,3.84,200.83,22.3,0,0,548.73,2026-06-07 15:08
TR00002,11010,Deccan Express,Mumbai CST,Pune Jn,Dadar,Kalyan,176.4,79.86,3.62,0.196,35.0,17,1,18.85,0.402,1.44,151.2,96.99,0,0,147.86,2026-03-08 19:27
TR00003,12010,Shatabdi Express,Mumbai Central,Ahmedabad Jn,Vapi,Surat,127.15,74.66,23.88,0.304,19.2,14,5,14.68,0.067,4.14,108.99,61.4,0,1,145.28,2026-07-26 16:25
TR00004,12951,Mumbai Rajdhani,Mumbai Central,New Delhi,Kota Jn,New Delhi,551.38,82.05,15.51,0.224,27.0,19,6,19.62,0.342,6.79,472.61,88.7,0,0,466.78,2026-04-25 02:46
TR00005,12622,Tamil Nadu Express,New Delhi,Chennai Central,Vijayawada,Chennai Central,410.67,81.61,12.96,0.068,21.6,15,6,12.12,0.217,2.73,352.0,75.4,1,0,337.53,2026-04-21 20:37
TR00006,12295,Sanghamitra Express,Bengaluru,Patna Jn,Gaya Jn,Patna Jn,259.03,106.65,8.86,0.3,38.5,14,6,4.31,0.099,4.91,222.03,113.14,0,0,161.44,2026-07-10 16:41
TR00001,12123,Mumbai - Pune Express,Mumbai CST,Pune Jn,Lonavala,Pune Jn,187.42,95.77,12.79,0.185,27.3,1,2,5.42,0.145,6.09,160.65,94.92,0,0,131.08,2026-02-09 03:11
TR00002,11010,Deccan Express,Mumbai CST,Pune Jn,Kalyan,Lonavala,112.76,48.54,13.05,0.07,35.7,3,3,13.33,0.221,5.29,96.65,36.48,0,0,155.33,2026-05-31 05:35
TR00003,12010,Shatabdi Express,Mumbai Central,Ahmedabad Jn,Borivali,Vapi,123.98,80.81,25.91,0.363,29.4,19,3,28.8,0.229,5.43,106.27,77.78,0,0,106.05,2026-04-04 20:46
TR00004,12951,Mumbai Rajdhani,Mumbai Central,New Delhi,Vadodara,Kota Jn,209.84,38.14,30.89,0.282,29.4,15,5,31.52,0.298,3.44,179.86,47.55,0,0,394.71,2026-07-13 21:34
TR00005,12622,Tamil Nadu Express,New Delhi,Chennai Central,Bhopal Jn,Nagpur,253.99,86.33,7.57,0.386,26.5,9,5,5.89,0.267,1.05,217.7,95.97,0,0,207.07,2026-05-23 12:27
TR00006,12295,Sanghamitra Express,Bengaluru,Patna Jn,Vijayawada,Gaya Jn,796.18,85.17,18.85,0.138,41.5,12,3,24.75,0.248,13.25,682.44,77.16,0,0,623.59,2026-06-02 22:23
TR00001,12123,Mumbai - Pune Express,Mumbai CST,Pune Jn,Mumbai CST,Dadar,94.62,75.37,9.61,0.188,27.5,8,2,5.57,0.224,6.72,81.1,87.76,0,0,93.4,2026-05-27 09:33
TR00002,11010,Deccan Express,Mumbai CST,Pune Jn,Lonavala,Pune Jn,252.01,68.43,34.65,0.163,22.7,9,0,1.06,0.372,1.21,216.01,72.62,1,0,277.42,2026-06-11 13:37
TR00003,12010,Shatabdi Express,Mumbai Central,Ahmedabad Jn,Surat,Vadodara,265.96,125.21,15.53,0.137,29.6,7,0,43.66,0.192,4.27,227.97,113.22,0,0,147.34,2026-08-25 09:27
TR00004,12951,Mumbai Rajdhani,Mumbai Central,New Delhi,Kota Jn,New Delhi,259.54,63.89,15.94,0.197,32.1,16,4,8.7,0.121,6.49,222.46,58.68,0,0,271.09,2026-02-08 20:31
TR00005,12622,Tamil Nadu Express,New Delhi,Chennai Central,Nagpur,Vijayawada,240.16,67.52,20.17,0.259,17.4,13,2,14.02,0.066,24.67,205.85,72.68,0,0,235.15,2026-08-05 16:55
TR00006,12295,Sanghamitra Express,Bengaluru,Patna Jn,Gaya Jn,Patna Jn,127.23,46.57,47.89,0.244,19.7,17,2,14.85,0.472,13.5,109.06,49.32,1,0,223.84,2026-08-26 20:43
TR00001,12123,Mumbai - Pune Express,Mumbai CST,Pune Jn,Kalyan,Karjat,281.38,84.42,22.65,0.223,40.6,7,0,13.75,0.431,17.42,241.19,76.82,0,0,241.81,2026-04-26 11:01
TR00002,11010,Deccan Express,Mumbai CST,Pune Jn,Mumbai CST,Dadar,386.49,68.48,10.74,0.095,33.8,18,5,8.7,0.522,6.88,331.28,69.67,0,0,401.34,2026-06-16 00:41
TR00003,12010,Shatabdi Express,Mumbai Central,Ahmedabad Jn,Mumbai Central,Borivali,125.48,63.7,31.37,0.653,37.4,0,2,9.11,0.162,5.31,107.55,59.22,1,0,161.51,2026-05-11 02:41
TR00004,12951,Mumbai Rajdhani,Mumbai Central,New Delhi,Mumbai Central,Surat,314.03,52.9,10.96,0.197,38.6,7,6,6.57,0.53,0.43,269.17,50.56,0,0,427.24,2026-03-27 14:07
TR00005,12622,Tamil Nadu Express,New Delhi,Chennai Central,Nagpur,Vijayawada,167.6,91.32,33.29,0.584,24.8,18,0,41.95,0.174,6.36,143.66,79.95,0,0,138.45,2026-02-08 20:18
TR00006,12295,Sanghamitra Express,Bengaluru,Patna Jn,Bengaluru,Guntakal Jn,177.77,20.0,23.45,0.291,33.5,13,5,13.3,0.515,7.44,152.38,25.9,0,0,649.71,2026-08-04 23:49
TR00001,12123,Mumbai - Pune Express,Mumbai CST,Pune Jn,Karjat,Lonavala,290.37,71.7,7.97,0.019,22.8,23,0,0.79,0.071,0.57,248.89,67.66,0,0,251.04,2026-05-28 03:11
TR00002,11010,Deccan Express,Mumbai CST,Pune Jn,Lonavala,Pune Jn,169.71,65.47,7.84,0.035,21.3,5,4,18.51,0.052,2.9,145.47,53.22,0,0,165.59,2026-07-13 07:45
TR00003,12010,Shatabdi Express,Mumbai Central,Ahmedabad Jn,Surat,Vadodara,156.47,107.31,15.04,0.175,26.3,8,2,11.2,0.405,7.3,134.12,111.14,0,0,104.0,2026-02-09 09:43
TR00004,12951,Mumbai Rajdhani,Mumbai Central,New Delhi,Kota Jn,New Delhi,104.34,87.54,23.42,0.279,34.0,16,3,7.89,0.574,0.96,89.44,97.19,0,0,102.63,2026-07-26 17:42
TR00005,12622,Tamil Nadu Express,New Delhi,Chennai Central,New Delhi,Bhopal Jn,207.55,71.68,33.7,0.331,22.8,21,3,14.94,0.439,6.37,177.9,66.47,0,0,221.39,2026-04-10 00:41
TR00006,12295,Sanghamitra Express,Bengaluru,Patna Jn,Vijayawada,Gaya Jn,171.11,66.02,30.61,0.188,26.6,9,3,17.49,0.417,4.51,146.66,71.37,0,1,248.32,2026-07-02 13:08
TR00001,12123,Mumbai - Pune Express,Mumbai CST,Pune Jn,Dadar,Kalyan,325.44,58.18,16.21,0.177,23.3,16,4,1.62,0.283,3.67,278.95,59.99,0,0,383.89,2026-08-24 22:23
TR00002,11010,Deccan Express,Mumbai CST,Pune Jn,Mumbai CST,Dadar,351.79,93.9,20.15,0.147,31.9,17,5,18.98,0.309,11.24,301.54,108.86,0,0,259.95,2026-08-21 21:19
TR00003,12010,Shatabdi Express,Mumbai Central,Ahmedabad Jn,Vapi,Surat,313.87,130.0,20.76,0.072,30.4,15,4,32.76,0.358,6.35,269.03,123.88,0,0,173.5,2026-02-12 17:53
TR00004,12951,Mumbai Rajdhani,Mumbai Central,New Delhi,Mumbai Central,Surat,354.21,61.99,18.48,0.094,38.7,4,6,18.73,0.286,2.27,303.61,71.38,0,0,378.9,2026-07-21 10:18
TR00005,12622,Tamil Nadu Express,New Delhi,Chennai Central,New Delhi,Bhopal Jn,125.84,54.14,24.32,0.265,29.9,11,1,19.4,0.278,6.42,107.86,69.66,0,0,174.06,2026-02-24 13:54
TR00006,12295,Sanghamitra Express,Bengaluru,Patna Jn,Bengaluru,Guntakal Jn,319.58,73.6,15.76,0.222,19.5,0,4,16.46,0.13,8.63,273.92,63.29,0,0,283.83,2026-05-14 04:43
TR00001,12123,Mumbai - Pune Express,Mumbai CST,Pune Jn,Lonavala,Pune Jn,463.57,63.47,22.83,0.087,24.2,2,1,3.17,0.528,26.4,397.34,67.34,0,0,522.33,2026-07-19 10:42
TR00002,11010,Deccan Express,Mumbai CST,Pune Jn,Lonavala,Pune Jn,133.77,68.07,17.74,0.032,17.2,4,1,6.19,0.625,1.91,114.66,68.34,0,0,144.48,2026-01-06 06:24
TR00003,12010,Shatabdi Express,Mumbai Central,Ahmedabad Jn,Mumbai Central,Borivali,408.05,82.71,15.17,0.212,35.2,13,1,22.69,0.017,4.53,349.75,85.89,0,0,317.53,2026-04-09 18:17
TR00004,12951,Mumbai Rajdhani,Mumbai Central,New Delhi,Surat,Vadodara,315.41,69.55,17.79,0.05,33.8,8,4,29.1,0.195,10.57,270.35,69.66,0,0,301.02,2026-01-10 13:01
TR00005,12622,Tamil Nadu Express,New Delhi,Chennai Central,New Delhi,Bhopal Jn,148.49,41.8,39.68,0.318,24.7,21,3,8.23,0.615,16.93,127.28,43.73,0,0,287.41,2026-07-18 01:47
TR00006,12295,Sanghamitra Express,Bengaluru,Patna Jn,Gaya Jn,Patna Jn,137.84,36.87,19.31,0.149,48.0,10,0,15.27,0.362,1.17,118.15,50.62,0,0,251.15,2026-06-02 14:11
TR00001,12123,Mumbai - Pune Express,Mumbai CST,Pune Jn,Lonavala,Pune Jn,147.18,74.23,28.86,0.383,27.6,4,6,18.72,0.256,3.77,126.15,70.7,0,1,183.35,2026-07-18 07:03
TR00002,11010,Deccan Express,Mumbai CST,Pune Jn,Dadar,Kalyan,259.23,81.39,0.0,0.203,23.4,11,0,4.25,0.137,10.15,222.2,70.89,0,0,203.29,2026-08-08 14:23
TR00003,12010,Shatabdi Express,Mumbai Central,Ahmedabad Jn,Mumbai Central,Borivali,430.73,68.73,14.53,0.139,33.9,20,3,21.05,0.39,10.76,369.2,67.19,0,0,431.94,2026-03-03 03:11
TR00004,12951,Mumbai Rajdhani,Mumbai Central,New Delhi,Kota Jn,New Delhi,361.86,119.28,10.09,0.112,25.6,12,5,20.31,0.037,12.11,310.17,130.0,0,0,185.32,2026-06-15 15:05
TR00005,12622,Tamil Nadu Express,New Delhi,Chennai Central,Vijayawada,Chennai Central,210.09,97.29,18.93,0.204,32.9,6,4,12.72,0.233,17.86,180.08,99.05,0,0,151.83,2026-01-03 08:31
TR00006,12295,Sanghamitra Express,Bengaluru,Patna Jn,Gaya Jn,Patna Jn,214.3,69.07,12.18,0.136,35.0,5,3,20.92,0.271,7.02,183.68,72.71,0,0,208.87,2026-01-20 08:28
TR00001,12123,Mumbai - Pune Express,Mumbai CST,Pune Jn,Mumbai CST,Dadar,152.18,85.27,16.72,0.089,19.3,16,3,38.66,0.123,2.19,130.44,98.33,0,0,115.67,2026-01-27 17:55
TR00002,11010,Deccan Express,Mumbai CST,Pune Jn,Mumbai CST,Dadar,147.1,44.99,32.38,0.13,26.4,23,1,18.06,0.18,7.33,126.09,35.39,0,0,215.83,2026-03-17 02:35
TR00003,12010,Shatabdi Express,Mumbai Central,Ahmedabad Jn,Borivali,Vapi,284.51,56.42,8.32,0.296,28.7,4,3,4.59,0.294,3.48,243.87,48.77,0,0,348.01,2026-05-10 09:48
TR00004,12951,Mumbai Rajdhani,Mumbai Central,New Delhi,Vadodara,Kota Jn,237.4,63.66,18.93,0.309,40.6,0,2,19.85,0.134,5.15,203.49,62.0,0,0,257.56,2026-05-15 04:17
TR00005,12622,Tamil Nadu Express,New Delhi,Chennai Central,New Delhi,Bhopal Jn,221.77,69.06,32.78,0.055,27.8,0,1,20.99,0.4,13.89,190.09,79.71,0,1,295.7,2026-01-22 04:55
TR00006,12295,Sanghamitra Express,Bengaluru,Patna Jn,Guntakal Jn,Vijayawada,158.65,56.03,10.45,0.219,35.3,5,3,15.5,0.069,14.42,135.98,61.34,0,0,175.96,2026-05-25 07:55
TR00001,12123,Mumbai - Pune Express,Mumbai CST,Pune Jn,Karjat,Lonavala,178.91,103.44,21.16,0.108,32.7,23,3,9.63,0.51,2.99,153.35,93.37,0,0,126.36,2026-01-04 01:06
TR00002,11010,Deccan Express,Mumbai CST,Pune Jn,Lonavala,Pune Jn,168.31,98.13,9.03,0.047,23.1,21,4,4.18,0.273,0.54,144.27,119.49,0,1,154.87,2026-04-02 23:34
TR00003,12010,Shatabdi Express,Mumbai Central,Ahmedabad Jn,Vadodara,Ahmedabad Jn,339.73,81.39,28.01,0.218,31.2,8,5,8.08,0.491,4.73,291.19,87.42,0,1,401.69,2026-04-20 14:41
TR00004,12951,Mumbai Rajdhani,Mumbai Central,New Delhi,Vadodara,Kota Jn,325.55,76.84,25.58,0.127,30.7,16,3,30.94,0.233,8.8,279.05,85.19,0,0,289.23,2026-06-18 20:49
TR00005,12622,Tamil Nadu Express,New Delhi,Chennai Central,Nagpur,Vijayawada,145.43,99.92,17.7,0.239,23.7,3,6,6.3,0.28,4.19,124.66,110.96,0,0,107.93,2026-03-27 04:47
TR00006,12295,Sanghamitra Express,Bengaluru,Patna Jn,Gaya Jn,Patna Jn,208.56,101.38,22.14,0.142,28.8,5,3,25.34,0.441,6.46,178.76,94.33,0,0,154.26,2026-02-28 07:34
TR00001,12123,Mumbai - Pune Express,Mumbai CST,Pune Jn,Kalyan,Karjat,95.84,86.01,7.98,0.015,28.6,21,3,6.41,0.245,3.01,82.15,85.0,0,0,73.59,2026-08-23 22:13
TR00002,11010,Deccan Express,Mumbai CST,Pune Jn,Dadar,Kalyan,196.88,44.18,10.3,0.019,33.2,0,4,12.64,0.214,14.82,168.76,31.96,0,0,289.69,2026-03-09 04:49
TR00003,12010,Shatabdi Express,Mumbai Central,Ahmedabad Jn,Surat,Vadodara,142.93,60.15,25.25,0.153,27.7,10,5,34.81,0.26,19.11,122.51,61.65,0,0,158.93,2026-05-29 12:38
TR00004,12951,Mumbai Rajdhani,Mumbai Central,New Delhi,Kota Jn,New Delhi,222.36,109.15,5.56,0.06,29.8,0,2,12.16,0.228,5.87,190.59,114.05,0,0,131.24,2026-01-10 02:11
TR00005,12622,Tamil Nadu Express,New Delhi,Chennai Central,Bhopal Jn,Nagpur,390.29,81.35,4.09,0.098,29.4,15,2,9.84,0.085,6.16,334.53,88.63,0,0,299.8,2026-08-24 19:59
TR00006,12295,Sanghamitra Express,Bengaluru,Patna Jn,Bengaluru,Guntakal Jn,87.6,61.69,18.24,0.28,30.7,9,3,23.89,0.199,2.39,75.09,60.24,0,0,103.85,2026-02-12 10:43
TR00001,12123,Mumbai - Pune Express,Mumbai CST,Pune Jn,Karjat,Lonavala,483.35,31.99,1.88,0.19,29.0,3,6,5.78,0.064,0.5,414.3,34.35,0,0,950.87,2026-04-12 18:50
TR00002,11010,Deccan Express,Mumbai CST,Pune Jn,Dadar,Kalyan,217.51,61.75,3.36,0.228,25.5,21,6,25.89,0.083,15.1,186.44,61.18,0,0,219.65,2026-05-25 00:39
TR00003,12010,Shatabdi Express,Mumbai Central,Ahmedabad Jn,Surat,Vadodara,146.52,102.78,21.81,0.174,36.8,1,6,15.62,0.124,12.86,125.59,95.17,0,0,106.12,2026-08-08 02:46
TR00004,12951,Mumbai Rajdhani,Mumbai Central,New Delhi,Vadodara,Kota Jn,410.48,83.36,13.84,0.203,27.6,9,0,10.56,0.064,21.12,351.84,92.81,0,0,315.89,2026-08-17 14:15
TR00005,12622,Tamil Nadu Express,New Delhi,Chennai Central,Bhopal Jn,Nagpur,204.55,60.7,16.61,0.477,27.0,8,6,3.61,0.29,5.17,175.33,74.08,0,0,242.2,2026-03-25 12:02
TR00006,12295,Sanghamitra Express,Bengaluru,Patna Jn,Guntakal Jn,Vijayawada,391.8,62.64,10.58,0.103,34.2,7,5,3.97,0.361,4.67,335.83,60.52,0,0,429.26,2026-02-02 14:09
TR00001,12123,Mumbai - Pune Express,Mumbai CST,Pune Jn,Dadar,Kalyan,312.43,48.21,12.86,0.254,26.3,15,2,16.55,0.392,6.72,267.8,45.96,0,0,457.08,2026-08-28 22:37
TR00002,11010,Deccan Express,Mumbai CST,Pune Jn,Dadar,Kalyan,240.62,82.36,33.53,0.196,31.9,6,6,31.82,0.254,29.68,206.24,88.41,0,0,209.81,2026-08-07 09:29
TR00003,12010,Shatabdi Express,Mumbai Central,Ahmedabad Jn,Vadodara,Ahmedabad Jn,46.23,63.16,12.34,0.521,21.8,14,3,8.47,0.129,1.8,39.63,50.88,0,0,54.3,2026-07-07 14:54
TR00004,12951,Mumbai Rajdhani,Mumbai Central,New Delhi,Vadodara,Kota Jn,271.24,68.29,18.27,0.238,35.8,18,1,18.1,0.304,15.85,232.49,60.01,0,0,279.97,2026-02-10 22:39
TR00005,12622,Tamil Nadu Express,New Delhi,Chennai Central,Nagpur,Vijayawada,102.78,81.35,41.54,0.056,25.5,19,1,34.41,0.635,5.97,88.1,78.33,0,0,108.49,2026-04-18 20:48
TR00006,12295,Sanghamitra Express,Bengaluru,Patna Jn,Bengaluru,Guntakal Jn,169.51,70.84,19.8,0.297,19.0,12,6,18.5,0.508,1.54,145.29,60.02,0,0,181.65,2026-02-02 15:01
TR00001,12123,Mumbai - Pune Express,Mumbai CST,Pune Jn,Mumbai CST,Dadar,258.11,106.2,22.21,0.489,34.2,0,5,21.18,0.278,0.84,221.24,96.8,0,0,180.93,2026-01-01 03:00
TR00002,11010,Deccan Express,Mumbai CST,Pune Jn,Lonavala,Pune Jn,208.94,60.37,29.05,0.157,33.1,17,3,20.18,0.121,11.26,179.09,64.02,0,0,231.57,2026-07-16 20:51
TR00003,12010,Shatabdi Express,Mumbai Central,Ahmedabad Jn,Vadodara,Ahmedabad Jn,534.8,90.13,11.71,0.086,33.2,15,1,2.64,0.028,2.15,458.4,80.19,1,0,374.7,2026-06-21 21:14
TR00004,12951,Mumbai Rajdhani,Mumbai Central,New Delhi,Mumbai Central,Surat,128.36,34.31,28.08,0.049,36.6,10,1,12.61,0.658,8.0,110.02,37.4,0,1,375.72,2026-07-22 16:15
TR00005,12622,Tamil Nadu Express,New Delhi,Chennai Central,Bhopal Jn,Nagpur,218.29,88.2,22.08,0.126,26.6,11,2,5.92,0.483,5.03,187.11,83.88,0,1,233.96,2026-05-17 14:53
TR00006,12295,Sanghamitra Express,Bengaluru,Patna Jn,Vijayawada,Gaya Jn,237.45,46.88,37.52,0.2,26.3,1,3,35.72,0.369,8.44,203.53,56.7,1,0,380.58,2026-01-19 07:20
TR00001,12123,Mumbai - Pune Express,Mumbai CST,Pune Jn,Dadar,Kalyan,146.46,106.42,11.37,0.417,19.4,16,2,2.79,0.226,2.48,125.54,103.53,0,0,102.5,2026-03-25 17:42
TR00002,11010,Deccan Express,Mumbai CST,Pune Jn,Dadar,Kalyan,136.07,64.06,4.68,0.156,24.4,15,0,8.23,0.16,8.51,116.64,70.05,0,0,141.93,2026-07-20 17:21
TR00003,12010,Shatabdi Express,Mumbai Central,Ahmedabad Jn,Surat,Vadodara,46.48,92.63,23.57,0.096,23.0,9,2,31.18,0.392,1.38,39.84,96.76,0,0,56.54,2026-06-13 09:56
TR00004,12951,Mumbai Rajdhani,Mumbai Central,New Delhi,Vadodara,Kota Jn,439.39,125.47,13.07,0.107,38.5,14,5,11.68,0.043,5.19,376.62,122.48,0,0,221.82,2026-02-02 17:41
TR00005,12622,Tamil Nadu Express,New Delhi,Chennai Central,Nagpur,Vijayawada,418.83,64.79,19.54,0.254,35.0,2,1,5.97,0.34,8.51,359.0,60.11,0,0,448.09,2026-04-24 09:28
TR00006,12295,Sanghamitra Express,Bengaluru,Patna Jn,Gaya Jn,Patna Jn,368.1,78.79,11.86,0.153,21.1,19,3,3.64,0.204,17.9,315.51,71.36,0,0,302.15,2026-04-27 00:02
TR00001,12123,Mumbai - Pune Express,Mumbai CST,Pune Jn,Dadar,Kalyan,290.83,77.86,13.5,0.033,26.8,14,1,17.12,0.249,1.84,249.28,77.53,0,0,247.99,2026-06-19 18:07
TR00002,11010,Deccan Express,Mumbai CST,Pune Jn,Dadar,Kalyan,178.28,88.07,16.31,0.144,31.3,21,2,13.33,0.321,10.71,152.81,90.58,0,0,145.46,2026-03-26 23:25
TR00003,12010,Shatabdi Express,Mumbai Central,Ahmedabad Jn,Vapi,Surat,261.92,87.33,37.25,0.168,24.0,23,0,11.02,0.302,2.36,224.5,87.07,1,0,226.08,2026-07-17 02:46
TR00004,12951,Mumbai Rajdhani,Mumbai Central,New Delhi,Surat,Vadodara,203.25,69.77,56.68,0.052,25.2,10,3,36.58,0.382,10.51,174.21,74.36,1,0,238.33,2026-04-26 13:58
TR00005,12622,Tamil Nadu Express,New Delhi,Chennai Central,Vijayawada,Chennai Central,396.07,108.54,6.86,0.126,25.4,15,0,10.18,0.161,0.47,339.49,123.38,0,0,233.59,2026-08-03 18:53
TR00006,12295,Sanghamitra Express,Bengaluru,Patna Jn,Vijayawada,Gaya Jn,333.66,84.84,15.12,0.119,23.6,22,6,5.68,0.207,9.59,286.0,85.4,0,0,264.59,2026-01-25 02:24
TR00001,12123,Mumbai - Pune Express,Mumbai CST,Pune Jn,Lonavala,Pune Jn,197.44,100.14,23.74,0.407,23.2,16,3,18.68,0.27,3.38,169.24,96.37,0,0,149.85,2026-08-28 18:29
TR00002,11010,Deccan Express,Mumbai CST,Pune Jn,Dadar,Kalyan,38.16,52.92,32.08,0.299,20.7,4,2,6.51,0.694,8.28,32.71,57.38,0,0,72.03,2026-01-21 05:12
TR00003,12010,Shatabdi Express,Mumbai Central,Ahmedabad Jn,Vapi,Surat,344.72,60.61,32.95,0.457,25.2,18,2,28.26,0.443,4.51,295.48,36.6,0,0,429.05,2026-01-03 01:09
TR00004,12951,Mumbai Rajdhani,Mumbai Central,New Delhi,Surat,Vadodara,295.43,91.81,23.88,0.202,33.4,15,4,28.63,0.459,9.68,253.22,105.49,0,0,242.87,2026-05-18 19:02
TR00005,12622,Tamil Nadu Express,New Delhi,Chennai Central,Nagpur,Vijayawada,262.83,73.32,21.26,0.082,41.1,16,2,13.24,0.375,30.37,225.29,71.63,0,0,245.87,2026-05-08 20:05
TR00006,12295,Sanghamitra Express,Bengaluru,Patna Jn,Gaya Jn,Patna Jn,115.24,45.73,16.63,0.31,21.3,13,4,20.82,0.368,7.06,98.77,59.37,0,0,176.31,2026-04-23 15:56
TR00001,12123,Mumbai - Pune Express,Mumbai CST,Pune Jn,Kalyan,Karjat,147.41,86.13,20.55,0.195,23.6,13,0,21.33,0.529,3.21,126.35,71.26,0,0,127.85,2026-01-05 15:07
TR00002,11010,Deccan Express,Mumbai CST,Pune Jn,Lonavala,Pune Jn,171.95,69.14,22.95,0.046,16.0,18,4,24.35,0.583,7.27,147.38,67.88,0,0,189.89,2026-06-09 21:09
TR00003,12010,Shatabdi Express,Mumbai Central,Ahmedabad Jn,Vapi,Surat,276.03,89.08,16.4,0.112,32.6,15,6,6.93,0.358,16.41,236.6,102.47,0,0,216.84,2026-05-04 18:36
TR00004,12951,Mumbai Rajdhani,Mumbai Central,New Delhi,Surat,Vadodara,30.78,123.43,32.71,0.091,30.8,14,0,26.11,0.009,16.49,26.38,126.25,0,1,35.94,2026-06-27 14:35
TR00005,12622,Tamil Nadu Express,New Delhi,Chennai Central,Nagpur,Vijayawada,291.52,43.53,16.64,0.279,25.1,3,3,7.09,0.323,14.82,249.88,24.23,0,0,472.37,2026-02-09 10:52
TR00006,12295,Sanghamitra Express,Bengaluru,Patna Jn,Gaya Jn,Patna Jn,208.16,101.17,37.31,0.683,33.3,0,6,12.28,0.353,16.96,178.43,100.6,0,0,173.3,2026-05-27 02:53
TR00001,12123,Mumbai - Pune Express,Mumbai CST,Pune Jn,Karjat,Lonavala,194.06,43.24,11.95,0.204,39.2,23,6,15.77,0.041,20.38,166.34,42.19,0,0,281.65,2026-07-04 03:41
TR00002,11010,Deccan Express,Mumbai CST,Pune Jn,Mumbai CST,Dadar,410.09,58.36,18.59,0.344,26.6,12,0,11.08,0.506,5.46,351.51,54.37,0,0,521.57,2026-02-21 20:41
TR00003,12010,Shatabdi Express,Mumbai Central,Ahmedabad Jn,Vapi,Surat,99.33,122.75,18.6,0.193,16.6,13,0,11.0,0.046,5.86,85.14,103.86,0,0,62.32,2026-03-25 14:02
TR00004,12951,Mumbai Rajdhani,Mumbai Central,New Delhi,Surat,Vadodara,248.09,41.04,14.86,0.373,24.5,16,1,19.37,0.176,10.66,212.65,38.72,0,0,405.83,2026-04-18 22:45
TR00005,12622,Tamil Nadu Express,New Delhi,Chennai Central,Nagpur,Vijayawada,152.42,67.29,25.82,0.078,29.0,17,1,7.46,0.624,6.74,130.64,67.03,0,1,223.55,2026-04-13 20:43
TR00006,12295,Sanghamitra Express,Bengaluru,Patna Jn,Guntakal Jn,Vijayawada,178.18,97.59,3.66,0.307,26.3,8,3,3.26,0.204,0.91,152.73,95.54,0,0,122.93,2026-07-31 10:02
TR00001,12123,Mumbai - Pune Express,Mumbai CST,Pune Jn,Dadar,Kalyan,421.2,98.83,20.58,0.365,24.5,10,2,15.83,0.297,18.26,361.03,95.13,0,0,304.38,2026-01-02 15:04
TR00002,11010,Deccan Express,Mumbai CST,Pune Jn,Lonavala,Pune Jn,195.89,127.29,12.01,0.069,29.5,16,6,3.76,0.245,9.26,167.91,121.22,0,0,111.19,2026-04-29 17:51
TR00003,12010,Shatabdi Express,Mumbai Central,Ahmedabad Jn,Mumbai Central,Borivali,111.04,61.16,12.34,0.255,26.4,9,3,8.9,0.45,5.74,95.18,67.91,0,0,138.35,2026-03-25 11:18
TR00004,12951,Mumbai Rajdhani,Mumbai Central,New Delhi,Mumbai Central,Surat,172.88,81.85,40.63,0.098,29.3,15,6,7.58,0.54,21.05,148.18,80.52,1,0,177.94,2026-08-10 17:57
TR00005,12622,Tamil Nadu Express,New Delhi,Chennai Central,Vijayawada,Chennai Central,194.31,112.71,8.79,0.025,26.2,8,5,10.43,0.123,0.78,166.55,110.39,0,0,108.7,2026-01-22 09:48
TR00006,12295,Sanghamitra Express,Bengaluru,Patna Jn,Bengaluru,Guntakal Jn,127.54,85.94,14.7,0.072,23.7,1,2,17.22,0.344,30.1,109.32,71.45,0,0,109.45,2026-02-10 02:49
TR00001,12123,Mumbai - Pune Express,Mumbai CST,Pune Jn,Kalyan,Karjat,163.0,98.46,16.25,0.222,27.7,3,3,15.47,0.119,7.38,139.72,95.2,0,0,112.41,2026-06-21 04:52
TR00002,11010,Deccan Express,Mumbai CST,Pune Jn,Mumbai CST,Dadar,225.41,64.02,22.68,0.424,21.4,17,5,13.24,0.456,17.27,193.21,51.97,0,0,265.34,2026-07-08 21:25
TR00003,12010,Shatabdi Express,Mumbai Central,Ahmedabad Jn,Surat,Vadodara,445.3,69.97,16.81,0.103,36.4,6,2,7.73,0.188,4.59,381.69,81.09,0,0,418.77,2026-05-16 12:58
TR00004,12951,Mumbai Rajdhani,Mumbai Central,New Delhi,Surat,Vadodara,241.95,73.87,10.25,0.098,22.5,7,5,10.31,0.29,19.6,207.39,80.76,0,0,226.31,2026-05-25 10:46
TR00005,12622,Tamil Nadu Express,New Delhi,Chennai Central,Nagpur,Vijayawada,210.46,101.72,35.71,0.136,26.3,15,6,22.0,0.076,25.97,180.4,100.34,1,0,159.5,2026-07-24 17:39
TR00006,12295,Sanghamitra Express,Bengaluru,Patna Jn,Bengaluru,Guntakal Jn,30.03,21.34,12.29,0.074,30.6,17,6,30.05,0.075,2.11,25.74,20.0,0,0,86.26,2026-05-19 18:26
TR00001,12123,Mumbai - Pune Express,Mumbai CST,Pune Jn,Kalyan,Karjat,163.64,50.0,13.96,0.193,34.7,4,6,22.72,0.321,0.36,140.26,64.93,0,0,230.59,2026-03-28 07:50
TR00002,11010,Deccan Express,Mumbai CST,Pune Jn,Dadar,Kalyan,156.96,80.0,14.46,0.143,40.3,10,2,14.17,0.408,8.77,134.54,80.71,0,0,144.25,2026-07-09 12:24
TR00003,12010,Shatabdi Express,Mumbai Central,Ahmedabad Jn,Mumbai Central,Borivali,142.24,78.54,24.57,0.247,33.5,22,3,5.49,0.625,3.48,121.92,76.43,0,0,141.99,2026-01-30 00:21
TR00004,12951,Mumbai Rajdhani,Mumbai Central,New Delhi,Vadodara,Kota Jn,209.65,73.38,37.0,0.353,25.0,4,4,17.58,0.458,1.56,179.7,64.62,1,0,240.42,2026-03-18 08:00
TR00005,12622,Tamil Nadu Express,New Delhi,Chennai Central,New Delhi,Bhopal Jn,219.42,23.02,2.58,0.054,24.1,3,1,15.52,0.268,15.37,188.07,24.11,0,0,609.05,2026-03-04 13:09
TR00006,12295,Sanghamitra Express,Bengaluru,Patna Jn,Bengaluru,Guntakal Jn,229.66,26.19,11.41,0.118,28.7,1,6,12.49,0.27,6.5,196.85,26.19,0,0,573.86,2026-08-28 10:33
TR00001,12123,Mumbai - Pune Express,Mumbai CST,Pune Jn,Lonavala,Pune Jn,436.85,98.83,20.83,0.2,31.2,18,2,1.85,0.327,24.02,374.44,105.95,0,0,316.93,2026-05-19 23:16
TR00002,11010,Deccan Express,Mumbai CST,Pune Jn,Kalyan,Lonavala,315.81,49.13,17.69,0.11,18.5,11,2,15.62,0.28,2.45,270.7,51.51,0,0,424.05,2026-07-18 18:04
TR00003,12010,Shatabdi Express,Mumbai Central,Ahmedabad Jn,Surat,Vadodara,74.46,124.79,27.05,0.28,22.6,15,5,13.77,0.041,12.68,63.82,130.0,0,0,51.41,2026-06-12 15:51
TR00004,12951,Mumbai Rajdhani,Mumbai Central,New Delhi,Surat,Vadodara,307.55,44.95,12.31,0.033,31.4,6,1,11.02,0.176,0.23,263.61,32.49,0,0,435.99,2026-03-28 13:15
TR00005,12622,Tamil Nadu Express,New Delhi,Chennai Central,Bhopal Jn,Nagpur,304.99,84.13,27.94,0.023,15.0,3,4,13.49,0.309,5.12,261.42,78.72,1,0,254.29,2026-02-18 07:14
TR00006,12295,Sanghamitra Express,Bengaluru,Patna Jn,Vijayawada,Gaya Jn,104.91,37.34,24.49,0.248,34.2,18,6,9.71,0.391,16.67,89.93,30.51,0,0,211.6,2026-04-16 21:31
TR00001,12123,Mumbai - Pune Express,Mumbai CST,Pune Jn,Mumbai CST,Dadar,214.98,74.59,21.13,0.068,13.5,14,2,7.86,0.446,10.36,184.27,65.61,0,1,265.39,2026-05-08 18:25
TR00002,11010,Deccan Express,Mumbai CST,Pune Jn,Dadar,Kalyan,235.71,69.37,31.66,0.013,34.5,21,5,5.27,0.481,16.29,202.03,77.7,0,0,252.82,2026-03-27 01:12
TR00003,12010,Shatabdi Express,Mumbai Central,Ahmedabad Jn,Mumbai Central,Borivali,336.76,105.82,20.8,0.268,43.4,20,5,11.52,0.26,4.02,288.65,111.63,0,0,221.24,2026-01-27 23:41
TR00004,12951,Mumbai Rajdhani,Mumbai Central,New Delhi,Mumbai Central,Surat,117.67,94.03,29.08,0.202,23.6,10,0,8.41,0.376,12.99,100.86,100.67,0,0,93.3,2026-01-18 11:33
TR00005,12622,Tamil Nadu Express,New Delhi,Chennai Central,Bhopal Jn,Nagpur,171.72,54.12,21.75,0.15,31.0,0,4,12.05,0.33,0.96,147.19,57.91,0,0,222.37,2026-02-07 03:42
TR00006,12295,Sanghamitra Express,Bengaluru,Patna Jn,Bengaluru,Guntakal Jn,194.99,85.89,2.13,0.173,23.0,23,5,3.85,0.21,2.34,167.14,85.23,0,0,152.4,2026-04-09 01:32
TR00001,12123,Mumbai - Pune Express,Mumbai CST,Pune Jn,Mumbai CST,Dadar,171.29,55.81,29.14,0.345,35.3,22,3,3.72,0.287,6.77,146.82,58.43,0,1,289.04,2026-04-26 02:49
TR00002,11010,Deccan Express,Mumbai CST,Pune Jn,Dadar,Kalyan,285.55,87.58,0.0,0.043,29.7,11,4,4.42,0.125,3.88,244.75,94.94,0,0,204.67,2026-08-08 14:24
TR00003,12010,Shatabdi Express,Mumbai Central,Ahmedabad Jn,Surat,Vadodara,207.91,83.54,20.78,0.433,26.8,15,3,9.6,0.617,8.63,178.21,77.92,0,0,202.02,2026-04-14 18:22
TR00004,12951,Mumbai Rajdhani,Mumbai Central,New Delhi,Surat,Vadodara,252.36,107.95,23.02,0.069,25.0,16,1,6.34,0.164,14.55,216.31,107.53,0,1,196.17,2026-08-25 19:16
TR00005,12622,Tamil Nadu Express,New Delhi,Chennai Central,Vijayawada,Chennai Central,172.23,79.61,46.9,0.394,29.8,5,3,21.92,0.745,15.95,147.63,87.06,1,0,206.31,2026-08-03 08:26
TR00006,12295,Sanghamitra Express,Bengaluru,Patna Jn,Vijayawada,Gaya Jn,407.14,91.57,7.11,0.138,27.7,10,4,0.86,0.193,13.59,348.98,94.88,0,0,286.64,2026-03-07 14:46
TR00001,12123,Mumbai - Pune Express,Mumbai CST,Pune Jn,Dadar,Kalyan,439.23,50.97,16.83,0.099,26.0,19,6,11.51,0.262,17.48,376.49,46.79,0,0,569.82,2026-03-07 04:29
TR00002,11010,Deccan Express,Mumbai CST,Pune Jn,Mumbai CST,Dadar,284.85,28.23,35.16,0.011,21.4,15,1,41.27,0.341,4.15,244.16,27.38,0,0,680.04,2026-04-10 02:20
TR00003,12010,Shatabdi Express,Mumbai Central,Ahmedabad Jn,Vadodara,Ahmedabad Jn,92.92,99.92,28.0,0.061,29.4,10,2,43.8,0.308,8.04,79.64,108.55,0,0,72.45,2026-04-07 11:12
TR00004,12951,Mumbai Rajdhani,Mumbai Central,New Delhi,Surat,Vadodara,142.91,89.93,37.22,0.386,38.1,23,5,31.14,0.407,3.0,122.5,94.64,0,0,135.65,2026-08-13 01:15
TR00005,12622,Tamil Nadu Express,New Delhi,Chennai Central,Vijayawada,Chennai Central,41.86,72.93,17.17,0.28,23.4,3,6,15.25,0.351,13.9,35.88,66.53,0,0,46.21,2026-02-21 03:46
TR00006,12295,Sanghamitra Express,Bengaluru,Patna Jn,Guntakal Jn,Vijayawada,131.64,70.01,15.51,0.308,27.3,4,0,24.3,0.138,13.71,112.84,80.98,0,0,127.35,2026-02-26 06:07
TR00001,12123,Mumbai - Pune Express,Mumbai CST,Pune Jn,Dadar,Kalyan,329.36,88.48,22.77,0.003,21.2,20,5,11.51,0.434,3.54,282.31,96.83,0,0,259.84,2026-03-25 00:19
TR00002,11010,Deccan Express,Mumbai CST,Pune Jn,Mumbai CST,Dadar,427.08,75.13,47.75,0.496,26.8,20,3,38.86,0.337,12.39,366.07,73.93,0,1,552.48,2026-07-01 05:12
TR00003,12010,Shatabdi Express,Mumbai Central,Ahmedabad Jn,Vapi,Surat,204.89,94.76,40.02,0.182,34.5,21,6,20.52,0.769,1.96,175.62,78.12,0,0,186.78,2026-01-25 00:06
TR00004,12951,Mumbai Rajdhani,Mumbai Central,New Delhi,Vadodara,Kota Jn,164.41,47.29,9.23,0.323,29.6,12,6,10.35,0.038,27.39,140.92,44.25,0,0,230.59,2026-04-22 15:50
TR00005,12622,Tamil Nadu Express,New Delhi,Chennai Central,Nagpur,Vijayawada,174.96,78.31,20.7,0.349,38.8,5,2,22.3,0.111,4.0,149.97,74.28,0,0,162.59,2026-06-28 07:42
TR00006,12295,Sanghamitra Express,Bengaluru,Patna Jn,Bengaluru,Guntakal Jn,235.1,82.52,14.7,0.143,31.3,20,4,10.14,0.245,11.86,201.51,90.28,0,1,241.67,2026-01-28 00:01
TR00001,12123,Mumbai - Pune Express,Mumbai CST,Pune Jn,Kalyan,Karjat,228.03,67.91,4.38,0.205,27.4,20,0,19.26,0.027,19.98,195.45,69.1,0,0,207.0,2026-08-15 23:26
TR00002,11010,Deccan Express,Mumbai CST,Pune Jn,Lonavala,Pune Jn,234.88,70.73,18.52,0.105,28.9,16,2,5.46,0.305,5.12,201.32,73.42,0,0,224.27,2026-01-05 19:44
TR00003,12010,Shatabdi Express,Mumbai Central,Ahmedabad Jn,Mumbai Central,Borivali,289.66,93.74,52.1,0.431,27.5,4,0,2.76,0.611,14.63,248.28,92.28,1,0,275.11,2026-02-24 08:35
TR00004,12951,Mumbai Rajdhani,Mumbai Central,New Delhi,Kota Jn,New Delhi,317.58,105.37,19.79,0.089,23.3,7,0,28.21,0.231,7.0,272.21,114.49,0,0,202.79,2026-08-15 10:22
TR00005,12622,Tamil Nadu Express,New Delhi,Chennai Central,Nagpur,Vijayawada,131.7,100.11,31.91,0.114,24.5,3,2,17.13,0.36,20.1,112.89,109.74,0,0,101.97,2026-02-25 04:41
TR00006,12295,Sanghamitra Express,Bengaluru,Patna Jn,Guntakal Jn,Vijayawada,420.22,62.05,21.0,0.253,33.9,12,0,26.69,0.077,0.74,360.18,46.0,0,0,429.51,2026-04-06 19:09
TR00001,12123,Mumbai - Pune Express,Mumbai CST,Pune Jn,Dadar,Kalyan,301.79,72.93,13.74,0.367,33.7,13,0,3.39,0.035,10.35,258.68,75.78,0,0,278.13,2026-07-05 17:38
TR00002,11010,Deccan Express,Mumbai CST,Pune Jn,Mumbai CST,Dadar,125.1,93.53,26.72,0.069,26.8,22,5,23.43,0.513,5.14,107.23,80.85,0,0,106.28,2026-06-25 23:46
TR00003,12010,Shatabdi Express,Mumbai Central,Ahmedabad Jn,Borivali,Vapi,138.02,26.31,9.86,0.18,32.4,17,3,8.4,0.322,1.04,118.3,29.01,0,0,353.28,2026-08-20 22:53
TR00004,12951,Mumbai Rajdhani,Mumbai Central,New Delhi,Kota Jn,New Delhi,241.68,50.18,37.18,0.176,25.9,22,4,5.17,0.734,7.23,207.16,61.99,0,1,509.89,2026-05-17 06:29
TR00005,12622,Tamil Nadu Express,New Delhi,Chennai Central,New Delhi,Bhopal Jn,343.89,20.0,20.45,0.436,33.3,6,2,40.13,0.202,0.63,294.76,20.0,0,0,1178.51,2026-01-20 01:38
TR00006,12295,Sanghamitra Express,Bengaluru,Patna Jn,Vijayawada,Gaya Jn,318.74,61.17,24.97,0.096,13.6,15,0,25.81,0.284,6.35,273.21,53.4,0,0,353.81,2026-02-05 20:53
TR00001,12123,Mumbai - Pune Express,Mumbai CST,Pune Jn,Kalyan,Karjat,107.39,73.47,24.16,0.186,15.3,3,5,34.79,0.055,6.4,92.05,80.08,0,0,102.71,2026-03-11 04:42
TR00002,11010,Deccan Express,Mumbai CST,Pune Jn,Lonavala,Pune Jn,52.47,84.89,26.05,0.163,25.7,7,5,2.63,0.521,2.74,44.97,90.89,0,1,69.13,2026-04-15 08:09
TR00003,12010,Shatabdi Express,Mumbai Central,Ahmedabad Jn,Vadodara,Ahmedabad Jn,81.33,45.18,10.7,0.139,14.4,13,4,13.0,0.175,15.26,69.71,50.88,0,0,119.31,2026-03-07 14:59
TR00004,12951,Mumbai Rajdhani,Mumbai Central,New Delhi,Vadodara,Kota Jn,314.94,87.73,11.3,0.236,32.2,22,3,4.32,0.292,6.67,269.95,80.72,0,0,244.54,2026-02-14 02:04
TR00005,12622,Tamil Nadu Express,New Delhi,Chennai Central,Bhopal Jn,Nagpur,305.82,68.34,18.82,0.279,30.7,19,4,10.36,0.443,19.26,262.13,61.05,0,0,326.49,2026-02-26 00:26
TR00006,12295,Sanghamitra Express,Bengaluru,Patna Jn,Gaya Jn,Patna Jn,220.52,29.57,11.5,0.56,36.4,9,6,15.42,0.028,14.19,189.02,20.0,0,0,504.03,2026-08-16 17:24
TR00001,12123,Mumbai - Pune Express,Mumbai CST,Pune Jn,Mumbai CST,Dadar,456.53,53.49,14.11,0.388,24.7,20,5,0.71,0.318,5.59,391.31,55.49,0,0,594.5,2026-05-13 05:54
TR00002,11010,Deccan Express,Mumbai CST,Pune Jn,Dadar,Kalyan,251.98,50.48,25.42,0.125,21.3,23,1,34.34,0.347,16.77,215.98,58.17,0,0,344.67,2026-08-12 04:44
TR00003,12010,Shatabdi Express,Mumbai Central,Ahmedabad Jn,Borivali,Vapi,271.57,86.49,5.74,0.117,20.7,5,5,12.82,0.324,14.51,232.78,88.41,0,0,210.51,2026-05-14 08:30
TR00004,12951,Mumbai Rajdhani,Mumbai Central,New Delhi,Kota Jn,New Delhi,277.21,58.73,33.85,0.169,14.5,1,1,31.38,0.136,11.36,237.61,39.25,0,0,317.13,2026-05-28 06:17
TR00005,12622,Tamil Nadu Express,New Delhi,Chennai Central,Bhopal Jn,Nagpur,434.12,130.0,23.18,0.046,31.0,12,4,2.68,0.163,4.73,372.1,130.0,1,0,230.58,2026-08-21 15:50
TR00006,12295,Sanghamitra Express,Bengaluru,Patna Jn,Vijayawada,Gaya Jn,241.86,101.53,32.43,0.084,23.5,4,0,16.52,0.354,26.67,207.3,87.62,0,0,178.25,2026-03-16 06:58
TR00001,12123,Mumbai - Pune Express,Mumbai CST,Pune Jn,Mumbai CST,Dadar,83.52,86.68,9.24,0.252,24.1,1,1,5.55,0.109,11.38,71.58,75.79,0,0,76.11,2026-07-25 02:16
TR00002,11010,Deccan Express,Mumbai CST,Pune Jn,Lonavala,Pune Jn,402.09,51.55,24.46,0.307,36.1,15,6,10.69,0.384,17.16,344.65,41.24,0,0,560.29,2026-01-31 00:20
TR00003,12010,Shatabdi Express,Mumbai Central,Ahmedabad Jn,Surat,Vadodara,88.79,83.73,9.14,0.182,23.5,21,4,4.9,0.305,16.21,76.1,92.77,0,0,75.03,2026-03-04 22:15
TR00004,12951,Mumbai Rajdhani,Mumbai Central,New Delhi,Surat,Vadodara,146.52,46.67,39.69,0.114,30.1,23,0,31.47,0.45,1.5,125.59,30.6,1,0,247.67,2026-04-02 03:07
TR00005,12622,Tamil Nadu Express,New Delhi,Chennai Central,Bhopal Jn,Nagpur,367.76,130.0,24.95,0.4,21.2,4,0,13.05,0.104,4.82,315.22,130.0,0,0,193.1,2026-06-30 07:13
TR00006,12295,Sanghamitra Express,Bengaluru,Patna Jn,Vijayawada,Gaya Jn,276.45,94.72,32.31,0.335,32.3,6,0,13.01,0.571,26.6,236.96,90.12,0,0,232.6,2026-03-11 09:52
TR00001,12123,Mumbai - Pune Express,Mumbai CST,Pune Jn,Karjat,Lonavala,267.97,74.27,12.58,0.157,28.1,13,4,18.04,0.016,10.09,229.69,64.74,0,0,233.74,2026-04-27 16:53
TR00002,11010,Deccan Express,Mumbai CST,Pune Jn,Lonavala,Pune Jn,168.06,72.45,20.9,0.383,23.1,0,3,21.85,0.067,6.39,144.05,70.8,0,1,202.04,2026-02-09 03:22
TR00003,12010,Shatabdi Express,Mumbai Central,Ahmedabad Jn,Mumbai Central,Borivali,228.44,114.8,11.61,0.246,31.0,9,3,21.6,0.095,14.66,195.81,114.94,0,0,128.57,2026-02-03 11:08
TR00004,12951,Mumbai Rajdhani,Mumbai Central,New Delhi,Surat,Vadodara,211.38,88.69,5.51,0.219,35.1,3,2,11.26,0.295,10.64,181.18,83.79,0,0,162.53,2026-07-20 05:42
TR00005,12622,Tamil Nadu Express,New Delhi,Chennai Central,Bhopal Jn,Nagpur,158.97,85.97,21.13,0.202,25.2,17,0,6.4,0.143,14.96,136.26,76.21,0,0,133.72,2026-02-10 19:13
TR00006,12295,Sanghamitra Express,Bengaluru,Patna Jn,Guntakal Jn,Vijayawada,70.11,58.97,32.83,0.135,30.0,1,4,18.59,0.336,14.39,60.09,73.53,0,0,90.62,2026-06-20 02:30
TR00001,12123,Mumbai - Pune Express,Mumbai CST,Pune Jn,Karjat,Lonavala,258.54,68.04,33.13,0.115,22.1,10,1,15.25,0.377,15.68,221.61,77.38,1,0,282.08,2026-05-13 14:42
TR00002,11010,Deccan Express,Mumbai CST,Pune Jn,Kalyan,Lonavala,462.47,88.01,19.94,0.099,36.6,15,4,16.96,0.147,13.32,396.41,86.8,0,0,340.12,2026-04-30 20:40
TR00003,12010,Shatabdi Express,Mumbai Central,Ahmedabad Jn,Vadodara,Ahmedabad Jn,144.49,20.0,16.67,0.084,30.6,1,4,19.23,0.143,24.97,123.85,29.95,0,0,461.91,2026-02-28 08:41
TR00004,12951,Mumbai Rajdhani,Mumbai Central,New Delhi,Vadodara,Kota Jn,119.04,56.47,18.86,0.202,33.4,4,6,30.13,0.111,2.82,102.03,51.46,0,0,142.96,2026-01-09 06:22
TR00005,12622,Tamil Nadu Express,New Delhi,Chennai Central,Vijayawada,Chennai Central,219.0,92.39,17.62,0.031,17.5,12,5,12.38,0.244,12.62,187.71,97.94,0,0,161.33,2026-08-23 14:41
TR00006,12295,Sanghamitra Express,Bengaluru,Patna Jn,Vijayawada,Gaya Jn,213.58,99.69,27.5,0.068,30.6,15,2,3.89,0.425,6.26,183.07,93.26,0,0,156.45,2026-04-11 17:36
TR00001,12123,Mumbai - Pune Express,Mumbai CST,Pune Jn,Dadar,Kalyan,280.32,37.7,10.41,0.196,38.7,9,3,5.46,0.328,9.99,240.28,35.54,0,0,499.71,2026-05-14 17:19
TR00002,11010,Deccan Express,Mumbai CST,Pune Jn,Lonavala,Pune Jn,154.11,87.8,9.93,0.057,29.9,4,4,3.29,0.332,6.91,132.1,92.36,0,0,124.9,2026-04-06 06:04
TR00003,12010,Shatabdi Express,Mumbai Central,Ahmedabad Jn,Mumbai Central,Borivali,267.47,71.27,33.4,0.141,28.1,19,3,23.67,0.569,5.25,229.26,57.93,0,0,289.0,2026-07-17 23:49
TR00004,12951,Mumbai Rajdhani,Mumbai Central,New Delhi,Vadodara,Kota Jn,355.77,94.59,38.86,0.589,37.1,3,2,7.19,0.633,1.64,304.95,88.98,0,0,320.22,2026-03-03 08:20
TR00005,12622,Tamil Nadu Express,New Delhi,Chennai Central,Bhopal Jn,Nagpur,153.48,95.89,29.35,0.289,26.3,5,5,8.63,0.227,16.91,131.55,104.4,0,1,150.52,2026-01-03 07:30
TR00006,12295,Sanghamitra Express,Bengaluru,Patna Jn,Vijayawada,Gaya Jn,183.39,48.54,20.91,0.234,24.2,20,0,10.52,0.177,10.44,157.19,41.46,0,1,328.72,2026-06-09 01:28
TR00001,12123,Mumbai - Pune Express,Mumbai CST,Pune Jn,Karjat,Lonavala,362.29,69.28,20.6,0.14,19.7,1,1,9.62,0.336,0.79,310.53,59.21,0,1,463.67,2026-05-18 08:43
TR00002,11010,Deccan Express,Mumbai CST,Pune Jn,Lonavala,Pune Jn,130.88,102.89,20.98,0.189,12.7,0,0,10.24,0.483,12.58,112.18,88.8,0,0,104.34,2026-05-30 01:44
TR00003,12010,Shatabdi Express,Mumbai Central,Ahmedabad Jn,Vapi,Surat,214.44,130.0,37.88,0.19,23.8,10,2,29.09,0.283,3.95,183.81,121.59,0,0,132.84,2026-06-02 12:12
TR00004,12951,Mumbai Rajdhani,Mumbai Central,New Delhi,Surat,Vadodara,128.7,112.26,15.78,0.246,22.6,6,1,7.44,0.269,10.69,110.32,118.97,0,0,86.35,2026-06-01 07:26
TR00005,12622,Tamil Nadu Express,New Delhi,Chennai Central,Nagpur,Vijayawada,50.52,56.82,9.07,0.086,19.3,12,0,2.25,0.15,6.04,43.31,55.25,0,0,63.34,2026-05-28 13:03
TR00006,12295,Sanghamitra Express,Bengaluru,Patna Jn,Gaya Jn,Patna Jn,304.13,130.0,24.73,0.209,23.4,11,6,20.65,0.124,10.76,260.69,123.11,0,0,162.58,2026-08-11 13:42
TR00001,12123,Mumbai - Pune Express,Mumbai CST,Pune Jn,Kalyan,Karjat,476.1,63.56,12.43,0.069,33.7,21,3,11.66,0.323,8.89,408.09,71.75,0,0,493.74,2026-02-06 05:13
TR00002,11010,Deccan Express,Mumbai CST,Pune Jn,Mumbai CST,Dadar,58.9,68.6,6.26,0.088,38.0,14,2,2.02,0.18,0.88,50.49,76.9,0,0,64.81,2026-06-11 15:04
TR00003,12010,Shatabdi Express,Mumbai Central,Ahmedabad Jn,Vadodara,Ahmedabad Jn,229.49,106.11,24.92,0.113,36.5,23,4,6.81,0.475,5.61,196.71,110.18,0,1,206.29,2026-03-27 02:26
TR00004,12951,Mumbai Rajdhani,Mumbai Central,New Delhi,Mumbai Central,Surat,361.7,82.63,23.69,0.161,26.3,17,5,19.74,0.292,2.63,310.03,87.0,0,1,382.94,2026-08-23 23:22
TR00005,12622,Tamil Nadu Express,New Delhi,Chennai Central,Bhopal Jn,Nagpur,518.17,84.76,15.6,0.269,24.7,20,6,6.64,0.26,8.99,444.14,78.93,0,0,415.17,2026-05-11 02:55
TR00006,12295,Sanghamitra Express,Bengaluru,Patna Jn,Bengaluru,Guntakal Jn,153.25,75.49,9.55,0.198,30.9,18,1,6.08,0.173,9.0,131.36,71.61,0,0,135.21,2026-02-02 20:15
TR00001,12123,Mumbai - Pune Express,Mumbai CST,Pune Jn,Karjat,Lonavala,175.6,112.93,40.01,0.278,26.7,20,0,35.93,0.049,5.16,150.52,111.16,1,0,129.54,2026-05-20 22:09
TR00002,11010,Deccan Express,Mumbai CST,Pune Jn,Kalyan,Lonavala,229.04,68.97,19.77,0.392,15.2,5,6,20.06,0.142,2.75,196.32,75.64,0,0,225.86,2026-05-19 08:45
TR00003,12010,Shatabdi Express,Mumbai Central,Ahmedabad Jn,Vapi,Surat,268.52,55.4,13.8,0.031,35.8,2,1,12.03,0.511,6.72,230.16,37.37,0,0,341.94,2026-02-27 07:41
TR00004,12951,Mumbai Rajdhani,Mumbai Central,New Delhi,Kota Jn,New Delhi,197.16,75.18,14.64,0.363,39.9,11,3,3.16,0.309,5.14,169.0,54.69,0,0,194.45,2026-05-14 14:14
TR00005,12622,Tamil Nadu Express,New Delhi,Chennai Central,Vijayawada,Chennai Central,189.46,63.9,16.39,0.04,28.9,1,1,14.31,0.387,22.61,162.39,70.56,0,0,211.73,2026-02-22 04:31
TR00006,12295,Sanghamitra Express,Bengaluru,Patna Jn,Gaya Jn,Patna Jn,174.86,56.32,25.21,0.276,21.5,17,1,9.06,0.448,12.58,149.88,50.67,0,0,233.28,2026-04-15 20:53
TR00001,12123,Mumbai - Pune Express,Mumbai CST,Pune Jn,Mumbai CST,Dadar,328.49,113.47,18.59,0.404,27.2,22,1,13.53,0.222,3.09,281.56,104.35,0,0,211.97,2026-01-07 01:31
TR00002,11010,Deccan Express,Mumbai CST,Pune Jn,Dadar,Kalyan,309.0,47.75,29.82,0.175,29.4,22,4,48.9,0.5,18.81,264.86,49.76,0,0,474.59,2026-06-20 05:54
TR00003,12010,Shatabdi Express,Mumbai Central,Ahmedabad Jn,Vapi,Surat,202.71,20.1,9.8,0.254,21.5,3,4,16.11,0.061,8.59,173.75,20.0,0,0,644.51,2026-08-05 13:44
TR00004,12951,Mumbai Rajdhani,Mumbai Central,New Delhi,Surat,Vadodara,301.04,109.77,34.41,0.397,19.2,3,6,37.1,0.475,11.85,258.03,109.89,0,0,223.81,2026-05-29 06:43
TR00005,12622,Tamil Nadu Express,New Delhi,Chennai Central,New Delhi,Bhopal Jn,71.76,94.49,31.94,0.279,24.2,18,1,12.02,0.387,34.23,61.51,89.0,0,0,62.54,2026-07-15 19:02
TR00006,12295,Sanghamitra Express,Bengaluru,Patna Jn,Gaya Jn,Patna Jn,159.6,36.74,7.83,0.015,26.6,6,5,15.56,0.283,0.11,136.8,35.42,0,0,280.55,2026-05-25 10:40
TR00001,12123,Mumbai - Pune Express,Mumbai CST,Pune Jn,Dadar,Kalyan,284.27,97.48,15.48,0.197,33.0,19,6,12.42,0.154,12.6,243.66,96.92,0,0,196.73,2026-03-01 22:16
TR00002,11010,Deccan Express,Mumbai CST,Pune Jn,Mumbai CST,Dadar,139.31,60.65,33.74,0.057,33.2,23,6,27.46,0.328,7.15,119.41,55.15,1,0,175.91,2026-01-14 01:55
TR00003,12010,Shatabdi Express,Mumbai Central,Ahmedabad Jn,Vadodara,Ahmedabad Jn,449.49,97.99,22.89,0.101,44.9,18,4,6.23,0.719,5.85,385.28,92.91,0,0,353.92,2026-04-28 23:53
TR00004,12951,Mumbai Rajdhani,Mumbai Central,New Delhi,Kota Jn,New Delhi,102.66,106.54,19.96,0.276,17.3,3,6,3.28,0.395,4.58,87.99,98.35,0,0,77.95,2026-05-21 04:17
TR00005,12622,Tamil Nadu Express,New Delhi,Chennai Central,Nagpur,Vijayawada,426.11,95.93,23.81,0.013,21.2,2,6,3.98,0.299,16.07,365.23,111.0,0,1,380.02,2026-02-20 08:20
TR00006,12295,Sanghamitra Express,Bengaluru,Patna Jn,Guntakal Jn,Vijayawada,245.63,77.14,25.28,0.347,30.3,18,2,33.4,0.087,10.28,210.54,81.97,0,1,272.79,2026-05-09 22:32
TR00001,12123,Mumbai - Pune Express,Mumbai CST,Pune Jn,Dadar,Kalyan,235.49,81.46,14.02,0.199,32.9,1,1,29.4,0.043,1.73,201.85,84.09,0,0,185.55,2026-05-16 04:05
TR00002,11010,Deccan Express,Mumbai CST,Pune Jn,Dadar,Kalyan,294.01,117.02,24.48,0.228,28.2,2,6,51.96,0.216,16.31,252.01,130.0,0,0,174.9,2026-08-13 04:54
TR00003,12010,Shatabdi Express,Mumbai Central,Ahmedabad Jn,Vadodara,Ahmedabad Jn,194.43,53.76,17.99,0.488,28.9,23,0,2.03,0.171,8.05,166.65,47.4,0,0,245.1,2026-04-26 03:05
TR00004,12951,Mumbai Rajdhani,Mumbai Central,New Delhi,Mumbai Central,Surat,226.13,60.96,17.22,0.057,26.4,2,1,12.21,0.224,9.2,193.82,65.3,0,1,308.92,2026-04-15 07:08
TR00005,12622,Tamil Nadu Express,New Delhi,Chennai Central,New Delhi,Bhopal Jn,137.02,68.6,33.08,0.133,34.7,16,4,19.32,0.165,12.99,117.45,70.72,0,0,147.72,2026-07-02 18:27
TR00006,12295,Sanghamitra Express,Bengaluru,Patna Jn,Vijayawada,Gaya Jn,171.16,76.59,22.7,0.378,17.4,20,2,18.94,0.129,5.19,146.71,87.05,0,0,155.27,2026-07-28 22:35
TR00001,12123,Mumbai - Pune Express,Mumbai CST,Pune Jn,Dadar,Kalyan,176.93,63.03,21.62,0.083,31.4,3,1,14.55,0.166,5.95,151.65,67.16,0,0,183.15,2026-06-22 06:03
TR00002,11010,Deccan Express,Mumbai CST,Pune Jn,Dadar,Kalyan,346.66,96.76,35.96,0.244,21.1,23,1,14.3,0.644,2.64,297.14,102.42,0,1,375.2,2026-07-21 05:15
TR00003,12010,Shatabdi Express,Mumbai Central,Ahmedabad Jn,Borivali,Vapi,268.09,81.98,35.15,0.216,33.4,2,1,43.04,0.241,6.51,229.79,93.18,0,1,294.61,2026-08-06 06:54
TR00004,12951,Mumbai Rajdhani,Mumbai Central,New Delhi,Surat,Vadodara,232.82,37.99,13.62,0.622,32.1,20,6,16.86,0.226,2.02,199.56,41.6,0,0,444.41,2026-08-04 03:24
TR00005,12622,Tamil Nadu Express,New Delhi,Chennai Central,Bhopal Jn,Nagpur,500.2,52.77,31.52,0.205,19.5,19,5,19.45,0.443,15.41,428.74,49.81,1,0,679.71,2026-04-17 06:19
TR00006,12295,Sanghamitra Express,Bengaluru,Patna Jn,Bengaluru,Guntakal Jn,377.42,94.84,34.06,0.206,28.0,17,4,18.63,0.256,2.96,323.5,86.74,0,0,278.7,2026-08-21 21:38
TR00001,12123,Mumbai - Pune Express,Mumbai CST,Pune Jn,Karjat,Lonavala,159.48,76.14,20.32,0.076,26.8,6,0,9.81,0.255,21.88,136.69,56.29,0,0,150.35,2026-04-01 08:30
TR00002,11010,Deccan Express,Mumbai CST,Pune Jn,Dadar,Kalyan,612.02,55.3,25.73,0.046,19.6,1,5,14.58,0.332,6.19,524.59,66.45,0,1,950.49,2026-05-02 16:50
TR00003,12010,Shatabdi Express,Mumbai Central,Ahmedabad Jn,Borivali,Vapi,69.78,87.77,36.92,0.26,26.9,3,3,31.28,0.337,14.98,59.81,80.54,0,0,72.4,2026-03-31 04:12
TR00004,12951,Mumbai Rajdhani,Mumbai Central,New Delhi,Surat,Vadodara,236.59,68.5,13.47,0.337,40.4,6,3,3.55,0.422,6.07,202.79,72.13,0,0,258.62,2026-06-21 10:18
TR00005,12622,Tamil Nadu Express,New Delhi,Chennai Central,Bhopal Jn,Nagpur,191.87,55.71,36.45,0.501,30.8,7,4,7.43,0.708,3.42,164.46,58.76,0,0,288.16,2026-07-25 11:48
TR00006,12295,Sanghamitra Express,Bengaluru,Patna Jn,Bengaluru,Guntakal Jn,212.6,105.73,17.99,0.009,22.0,16,6,8.53,0.359,17.54,182.23,114.33,0,0,141.99,2026-05-04 18:21
TR00001,12123,Mumbai - Pune Express,Mumbai CST,Pune Jn,Karjat,Lonavala,101.81,84.78,21.22,0.336,35.8,11,3,8.86,0.218,4.14,87.27,90.66,0,0,89.51,2026-08-27 12:29
TR00002,11010,Deccan Express,Mumbai CST,Pune Jn,Mumbai CST,Dadar,178.71,51.01,26.1,0.044,24.9,12,1,18.84,0.452,21.06,153.18,68.04,0,0,248.94,2026-04-01 16:08
TR00003,12010,Shatabdi Express,Mumbai Central,Ahmedabad Jn,Surat,Vadodara,55.35,63.97,12.25,0.149,35.8,13,0,6.54,0.312,5.04,47.44,78.91,0,0,59.26,2026-03-23 13:59
TR00004,12951,Mumbai Rajdhani,Mumbai Central,New Delhi,Mumbai Central,Surat,118.24,98.32,27.32,0.092,22.4,21,3,23.79,0.244,10.87,101.35,98.76,1,0,100.28,2026-07-03 22:40
TR00005,12622,Tamil Nadu Express,New Delhi,Chennai Central,New Delhi,Bhopal Jn,317.41,51.01,36.8,0.253,29.4,15,4,15.04,0.273,19.64,272.06,57.47,1,0,443.76,2026-07-10 22:23
TR00006,12295,Sanghamitra Express,Bengaluru,Patna Jn,Guntakal Jn,Vijayawada,268.58,58.55,20.09,0.207,20.6,11,1,9.54,0.322,10.55,230.21,74.53,0,0,314.48,2026-05-08 16:14
TR00001,12123,Mumbai - Pune Express,Mumbai CST,Pune Jn,Mumbai CST,Dadar,279.65,48.03,18.66,0.148,27.3,16,4,19.39,0.18,4.91,239.7,45.12,0,0,381.48,2026-06-20 22:21
TR00002,11010,Deccan Express,Mumbai CST,Pune Jn,Mumbai CST,Dadar,119.47,91.97,29.14,0.439,25.3,9,0,21.23,0.134,3.84,102.41,102.91,0,0,100.61,2026-05-13 10:40
TR00003,12010,Shatabdi Express,Mumbai Central,Ahmedabad Jn,Vapi,Surat,67.48,73.02,12.26,0.108,40.0,15,0,25.47,0.172,25.71,57.84,74.03,0,0,74.11,2026-01-12 16:14
TR00004,12951,Mumbai Rajdhani,Mumbai Central,New Delhi,Vadodara,Kota Jn,227.12,49.12,23.91,0.206,31.1,7,2,16.84,0.448,18.85,194.68,51.17,0,0,339.01,2026-07-11 12:39
TR00005,12622,Tamil Nadu Express,New Delhi,Chennai Central,Bhopal Jn,Nagpur,201.53,47.65,37.45,0.195,48.0,15,2,23.94,0.66,4.54,172.74,50.35,0,0,332.54,2026-07-14 20:32
TR00006,12295,Sanghamitra Express,Bengaluru,Patna Jn,Guntakal Jn,Vijayawada,263.5,63.99,33.96,0.03,28.0,8,4,23.09,0.435,6.9,225.85,50.88,0,1,378.85,2026-03-09 14:18
TR00001,12123,Mumbai - Pune Express,Mumbai CST,Pune Jn,Lonavala,Pune Jn,547.95,61.33,32.02,0.545,39.3,21,4,16.39,0.407,13.83,469.67,83.95,0,0,682.11,2026-02-22 08:22
TR00002,11010,Deccan Express,Mumbai CST,Pune Jn,Dadar,Kalyan,190.81,86.03,42.19,0.259,20.1,2,2,46.12,0.026,11.84,163.55,76.76,1,0,170.31,2026-03-24 04:50
TR00003,12010,Shatabdi Express,Mumbai Central,Ahmedabad Jn,Borivali,Vapi,181.84,61.8,22.15,0.028,33.9,1,3,8.96,0.429,17.17,155.86,55.33,0,1,264.97,2026-06-18 05:24
TR00004,12951,Mumbai Rajdhani,Mumbai Central,New Delhi,Vadodara,Kota Jn,250.02,123.89,34.25,0.383,30.4,0,1,32.97,0.582,6.48,214.3,128.1,0,0,174.32,2026-06-15 02:54
TR00005,12622,Tamil Nadu Express,New Delhi,Chennai Central,Nagpur,Vijayawada,211.93,82.23,9.83,0.203,31.8,5,4,7.78,0.184,4.02,181.66,75.91,0,0,169.53,2026-08-04 07:49
TR00006,12295,Sanghamitra Express,Bengaluru,Patna Jn,Bengaluru,Guntakal Jn,109.78,104.09,14.23,0.181,22.1,18,4,9.96,0.278,22.75,94.09,103.3,0,0,73.88,2026-08-24 19:13
TR00001,12123,Mumbai - Pune Express,Mumbai CST,Pune Jn,Dadar,Kalyan,358.64,63.63,24.27,0.174,19.4,6,1,10.18,0.496,6.06,307.4,68.45,0,0,410.52,2026-06-01 12:50
TR00002,11010,Deccan Express,Mumbai CST,Pune Jn,Lonavala,Pune Jn,306.03,67.67,6.86,0.231,20.5,21,3,14.69,0.182,5.42,262.31,61.4,0,0,299.58,2026-05-30 01:59
TR00003,12010,Shatabdi Express,Mumbai Central,Ahmedabad Jn,Vapi,Surat,223.86,74.02,26.27,0.402,25.3,9,0,7.09,0.319,0.78,191.88,85.32,1,0,235.92,2026-02-27 12:55
TR00004,12951,Mumbai Rajdhani,Mumbai Central,New Delhi,Vadodara,Kota Jn,146.66,20.46,17.42,0.362,31.9,11,1,19.6,0.178,10.55,125.71,20.0,0,0,484.9,2026-08-15 19:04
TR00005,12622,Tamil Nadu Express,New Delhi,Chennai Central,New Delhi,Bhopal Jn,177.69,95.08,24.18,0.458,15.8,2,2,12.59,0.326,13.13,152.31,95.88,0,0,141.81,2026-06-11 04:21
TR00006,12295,Sanghamitra Express,Bengaluru,Patna Jn,Vijayawada,Gaya Jn,251.42,93.47,37.74,0.165,31.9,6,2,23.23,0.405,16.11,215.5,106.57,0,0,203.81,2026-01-03 09:23
TR00001,12123,Mumbai - Pune Express,Mumbai CST,Pune Jn,Lonavala,Pune Jn,159.58,111.48,38.14,0.073,23.7,14,6,3.83,0.416,9.34,136.79,116.0,0,1,143.42,2026-01-15 16:23
TR00002,11010,Deccan Express,Mumbai CST,Pune Jn,Mumbai CST,Dadar,133.34,83.02,6.82,0.136,37.2,4,4,0.39,0.256,2.26,114.3,92.57,0,0,109.68,2026-03-05 05:49
TR00003,12010,Shatabdi Express,Mumbai Central,Ahmedabad Jn,Mumbai Central,Borivali,246.57,106.78,5.14,0.068,23.2,1,6,23.14,0.143,8.62,211.34,96.42,0,0,146.22,2026-06-18 03:26
TR00004,12951,Mumbai Rajdhani,Mumbai Central,New Delhi,Mumbai Central,Surat,293.62,130.0,0.13,0.112,33.2,8,3,0.44,0.148,10.93,251.68,122.71,0,0,142.51,2026-08-03 10:22
TR00005,12622,Tamil Nadu Express,New Delhi,Chennai Central,Bhopal Jn,Nagpur,188.29,59.91,29.71,0.185,22.7,13,0,16.0,0.328,7.18,161.4,54.58,1,0,243.08,2026-06-02 17:03
TR00006,12295,Sanghamitra Express,Bengaluru,Patna Jn,Bengaluru,Guntakal Jn,238.38,48.37,15.8,0.49,24.4,23,3,5.05,0.306,3.4,204.33,43.8,0,0,354.74,2026-04-16 04:54
TR00001,12123,Mumbai - Pune Express,Mumbai CST,Pune Jn,Kalyan,Karjat,446.94,40.6,27.82,0.293,31.5,16,1,15.53,0.323,7.32,383.09,39.84,0,0,765.76,2026-08-21 04:45
TR00002,11010,Deccan Express,Mumbai CST,Pune Jn,Lonavala,Pune Jn,312.59,50.52,23.52,0.03,24.9,12,1,28.07,0.397,9.18,267.94,51.08,0,0,427.21,2026-02-25 19:07
TR00003,12010,Shatabdi Express,Mumbai Central,Ahmedabad Jn,Vapi,Surat,190.05,78.63,35.2,0.552,29.1,20,6,12.57,0.223,16.43,162.9,81.53,0,1,235.66,2026-02-24 23:55
TR00004,12951,Mumbai Rajdhani,Mumbai Central,New Delhi,Mumbai Central,Surat,48.17,74.22,27.72,0.632,26.9,1,6,3.22,0.266,8.26,41.29,70.14,0,1,68.69,2026-06-16 02:08
TR00005,12622,Tamil Nadu Express,New Delhi,Chennai Central,New Delhi,Bhopal Jn,185.72,69.61,15.3,0.329,29.5,14,2,25.75,0.181,6.19,159.19,66.6,0,0,183.46,2026-06-01 17:03
TR00006,12295,Sanghamitra Express,Bengaluru,Patna Jn,Gaya Jn,Patna Jn,255.55,59.22,23.19,0.21,15.8,14,6,11.29,0.361,2.84,219.04,61.65,0,0,302.47,2026-07-17 19:02
TR00001,12123,Mumbai - Pune Express,Mumbai CST,Pune Jn,Lonavala,Pune Jn,118.99,97.38,16.72,0.115,36.4,6,6,14.05,0.254,9.33,101.99,80.57,0,0,92.82,2026-07-03 07:32
TR00002,11010,Deccan Express,Mumbai CST,Pune Jn,Lonavala,Pune Jn,111.97,107.65,4.69,0.008,17.6,21,2,4.95,0.121,2.67,95.97,112.07,0,0,68.06,2026-02-03 22:08
TR00003,12010,Shatabdi Express,Mumbai Central,Ahmedabad Jn,Surat,Vadodara,335.01,97.04,37.77,0.001,35.1,14,6,10.8,0.606,20.85,287.15,97.6,0,0,262.88,2026-07-10 18:22
TR00004,12951,Mumbai Rajdhani,Mumbai Central,New Delhi,Kota Jn,New Delhi,133.65,79.77,17.04,0.197,31.6,5,5,19.5,0.174,14.92,114.56,76.9,0,0,115.78,2026-03-08 06:55
TR00005,12622,Tamil Nadu Express,New Delhi,Chennai Central,Bhopal Jn,Nagpur,237.11,72.51,23.44,0.033,30.4,20,2,26.0,0.203,5.63,203.24,74.0,0,0,220.21,2026-06-29 23:40
TR00006,12295,Sanghamitra Express,Bengaluru,Patna Jn,Vijayawada,Gaya Jn,301.3,130.0,13.89,0.104,22.8,0,4,12.05,0.218,12.22,258.26,124.77,0,0,159.19,2026-04-02 02:39
TR00001,12123,Mumbai - Pune Express,Mumbai CST,Pune Jn,Karjat,Lonavala,122.23,112.05,23.45,0.341,32.6,5,3,43.69,0.228,10.2,104.77,105.14,0,0,80.73,2026-03-19 06:20
TR00002,11010,Deccan Express,Mumbai CST,Pune Jn,Mumbai CST,Dadar,350.22,81.89,17.22,0.035,36.5,8,4,2.5,0.066,17.87,300.19,79.65,0,0,269.18,2026-08-01 12:29
TR00003,12010,Shatabdi Express,Mumbai Central,Ahmedabad Jn,Vapi,Surat,530.78,85.47,31.09,0.08,16.3,11,1,12.68,0.313,7.27,454.95,77.35,1,0,435.53,2026-07-19 18:15
TR00004,12951,Mumbai Rajdhani,Mumbai Central,New Delhi,Vadodara,Kota Jn,107.46,89.1,24.27,0.064,25.6,12,4,20.94,0.513,23.07,92.11,78.78,0,0,88.36,2026-07-17 13:28
TR00005,12622,Tamil Nadu Express,New Delhi,Chennai Central,Nagpur,Vijayawada,236.71,60.26,17.39,0.238,38.7,2,1,10.25,0.178,18.27,202.89,78.45,0,0,254.78,2026-01-05 06:14
TR00006,12295,Sanghamitra Express,Bengaluru,Patna Jn,Vijayawada,Gaya Jn,43.27,55.28,10.87,0.081,23.8,5,6,1.87,0.271,6.67,37.09,52.16,0,0,62.75,2026-06-04 06:02
TR00001,12123,Mumbai - Pune Express,Mumbai CST,Pune Jn,Kalyan,Karjat,209.79,90.86,14.92,0.008,31.2,6,2,3.14,0.311,24.19,179.82,92.05,0,0,156.26,2026-01-12 08:36
TR00002,11010,Deccan Express,Mumbai CST,Pune Jn,Dadar,Kalyan,162.66,76.86,22.31,0.14,33.5,17,0,14.85,0.567,20.57,139.42,85.28,0,0,164.5,2026-08-22 19:44
TR00003,12010,Shatabdi Express,Mumbai Central,Ahmedabad Jn,Borivali,Vapi,189.21,84.11,37.29,0.333,23.3,17,1,6.59,0.363,32.16,162.18,87.64,0,0,172.35,2026-05-02 19:52
TR00004,12951,Mumbai Rajdhani,Mumbai Central,New Delhi,Surat,Vadodara,156.19,65.37,5.39,0.2,27.5,16,0,8.42,0.187,1.55,133.87,59.33,0,0,160.36,2026-05-25 18:40
TR00005,12622,Tamil Nadu Express,New Delhi,Chennai Central,Nagpur,Vijayawada,421.47,80.82,48.56,0.078,26.1,4,0,6.37,0.487,4.05,361.26,78.1,1,1,503.62,2026-08-25 12:23
TR00006,12295,Sanghamitra Express,Bengaluru,Patna Jn,Guntakal Jn,Vijayawada,367.93,64.28,10.25,0.326,38.0,23,2,6.03,0.229,25.7,315.37,58.62,0,0,390.93,2026-05-06 05:30
TR00001,12123,Mumbai - Pune Express,Mumbai CST,Pune Jn,Lonavala,Pune Jn,298.02,84.68,17.82,0.068,22.0,5,1,17.87,0.344,14.91,255.44,90.48,0,0,244.68,2026-04-26 09:04
TR00002,11010,Deccan Express,Mumbai CST,Pune Jn,Kalyan,Lonavala,56.19,56.54,12.66,0.209,22.8,15,1,36.26,0.098,2.81,48.16,75.82,0,0,69.79,2026-01-10 16:09
TR00003,12010,Shatabdi Express,Mumbai Central,Ahmedabad Jn,Borivali,Vapi,179.42,68.84,8.82,0.049,26.8,3,3,12.23,0.458,10.38,153.79,58.96,0,0,176.85,2026-01-14 05:56
TR00004,12951,Mumbai Rajdhani,Mumbai Central,New Delhi,Surat,Vadodara,181.88,114.66,10.57,0.018,30.9,3,3,3.86,0.553,7.87,155.9,110.68,0,0,116.36,2026-02-04 04:56
TR00005,12622,Tamil Nadu Express,New Delhi,Chennai Central,Nagpur,Vijayawada,295.87,61.03,11.3,0.108,31.1,10,3,3.13,0.282,4.05,253.6,55.5,0,0,322.19,2026-01-08 15:22
TR00006,12295,Sanghamitra Express,Bengaluru,Patna Jn,Vijayawada,Gaya Jn,221.17,120.87,5.57,0.378,30.1,8,6,11.93,0.198,11.97,189.57,116.86,0,0,122.54,2026-01-04 10:02
TR00001,12123,Mumbai - Pune Express,Mumbai CST,Pune Jn,Dadar,Kalyan,386.2,53.07,1.45,0.072,18.1,23,4,5.86,0.123,1.1,331.03,64.89,0,0,454.37,2026-03-02 06:34
TR00002,11010,Deccan Express,Mumbai CST,Pune Jn,Lonavala,Pune Jn,283.25,79.51,13.32,0.241,33.2,12,3,4.59,0.186,6.56,242.78,86.55,0,0,240.87,2026-01-19 16:00
TR00003,12010,Shatabdi Express,Mumbai Central,Ahmedabad Jn,Vadodara,Ahmedabad Jn,150.63,94.28,23.95,0.279,21.3,9,6,23.17,0.224,1.05,129.11,98.39,1,0,131.03,2026-07-02 11:11
TR00004,12951,Mumbai Rajdhani,Mumbai Central,New Delhi,Surat,Vadodara,109.87,31.24,33.17,0.33,27.1,22,1,23.45,0.274,8.69,94.18,24.5,1,0,269.88,2026-07-30 02:29
TR00005,12622,Tamil Nadu Express,New Delhi,Chennai Central,Bhopal Jn,Nagpur,220.18,69.11,28.89,0.136,12.6,10,1,26.99,0.319,4.52,188.73,65.76,0,0,229.12,2026-07-22 13:49
TR00006,12295,Sanghamitra Express,Bengaluru,Patna Jn,Vijayawada,Gaya Jn,157.31,106.12,25.09,0.271,26.1,20,3,26.59,0.227,5.57,134.84,116.23,0,0,104.74,2026-08-13 21:44
TR00001,12123,Mumbai - Pune Express,Mumbai CST,Pune Jn,Karjat,Lonavala,104.18,85.07,32.21,0.231,24.2,9,2,39.13,0.343,11.31,89.3,84.52,0,0,100.14,2026-03-08 10:40
TR00002,11010,Deccan Express,Mumbai CST,Pune Jn,Lonavala,Pune Jn,120.77,64.9,7.34,0.111,36.8,14,1,8.64,0.225,4.4,103.51,67.12,0,0,118.72,2026-01-24 15:58
TR00003,12010,Shatabdi Express,Mumbai Central,Ahmedabad Jn,Borivali,Vapi,116.66,74.25,29.77,0.104,41.4,3,6,29.67,0.28,2.4,99.99,76.36,0,0,117.62,2026-05-12 04:57
TR00004,12951,Mumbai Rajdhani,Mumbai Central,New Delhi,Kota Jn,New Delhi,228.92,89.02,13.89,0.191,24.8,15,2,19.65,0.208,8.12,196.22,75.69,0,0,177.48,2026-07-13 17:57
TR00005,12622,Tamil Nadu Express,New Delhi,Chennai Central,New Delhi,Bhopal Jn,98.18,79.86,52.1,0.171,16.6,15,0,35.25,0.617,17.82,84.15,87.18,1,0,128.36,2026-07-25 17:08
TR00006,12295,Sanghamitra Express,Bengaluru,Patna Jn,Vijayawada,Gaya Jn,121.14,44.32,14.75,0.16,40.6,17,3,4.92,0.098,7.56,103.83,40.28,1,0,189.38,2026-07-30 20:09
TR00001,12123,Mumbai - Pune Express,Mumbai CST,Pune Jn,Karjat,Lonavala,104.26,110.49,7.96,0.153,33.6,12,5,12.19,0.072,2.31,89.36,109.98,0,0,66.92,2026-07-30 13:06
TR00002,11010,Deccan Express,Mumbai CST,Pune Jn,Kalyan,Lonavala,146.43,83.48,7.71,0.114,30.7,14,0,6.4,0.227,4.34,125.51,73.28,0,0,113.61,2026-07-16 15:53
TR00003,12010,Shatabdi Express,Mumbai Central,Ahmedabad Jn,Vadodara,Ahmedabad Jn,106.81,86.34,24.63,0.255,19.7,10,3,22.46,0.239,5.47,91.55,84.36,0,0,91.93,2026-03-14 11:31
TR00004,12951,Mumbai Rajdhani,Mumbai Central,New Delhi,Surat,Vadodara,188.81,88.61,12.09,0.146,35.5,21,4,18.38,0.222,5.76,161.84,80.13,0,0,148.76,2026-05-19 23:28
TR00005,12622,Tamil Nadu Express,New Delhi,Chennai Central,Vijayawada,Chennai Central,209.18,116.92,4.55,0.04,27.8,10,1,6.93,0.146,21.19,179.3,112.77,0,0,118.73,2026-08-14 11:58
TR00006,12295,Sanghamitra Express,Bengaluru,Patna Jn,Vijayawada,Gaya Jn,176.56,56.84,21.35,0.024,27.3,10,2,10.9,0.136,8.4,151.34,67.86,0,0,204.86,2026-08-13 13:24
TR00001,12123,Mumbai - Pune Express,Mumbai CST,Pune Jn,Mumbai CST,Dadar,254.99,94.51,29.52,0.403,24.8,9,5,14.94,0.342,3.07,218.56,85.17,0,1,258.08,2026-06-25 13:18
TR00002,11010,Deccan Express,Mumbai CST,Pune Jn,Dadar,Kalyan,268.93,80.44,26.66,0.083,36.0,6,0,12.62,0.371,11.23,230.51,82.11,0,0,231.16,2026-02-27 09:51
TR00003,12010,Shatabdi Express,Mumbai Central,Ahmedabad Jn,Mumbai Central,Borivali,100.24,67.96,19.75,0.155,20.3,9,6,9.28,0.163,13.2,85.92,65.18,0,0,104.31,2026-05-13 10:44
TR00004,12951,Mumbai Rajdhani,Mumbai Central,New Delhi,Vadodara,Kota Jn,259.62,60.01,23.25,0.113,25.5,7,2,11.5,0.521,7.45,222.53,46.69,0,1,413.34,2026-04-15 13:53
TR00005,12622,Tamil Nadu Express,New Delhi,Chennai Central,New Delhi,Bhopal Jn,151.44,105.51,8.63,0.098,21.7,2,6,8.39,0.19,3.07,129.81,101.4,0,0,88.6,2026-07-03 03:28
TR00006,12295,Sanghamitra Express,Bengaluru,Patna Jn,Vijayawada,Gaya Jn,532.44,39.11,14.34,0.596,27.2,12,1,4.67,0.191,10.99,456.38,53.84,0,0,946.92,2026-04-08 03:46
TR00001,12123,Mumbai - Pune Express,Mumbai CST,Pune Jn,Karjat,Lonavala,139.43,83.96,24.93,0.505,28.5,3,0,1.19,0.067,6.99,119.51,86.07,0,1,158.81,2026-03-04 05:38
TR00002,11010,Deccan Express,Mumbai CST,Pune Jn,Mumbai CST,Dadar,132.38,71.68,24.23,0.116,37.3,21,1,26.8,0.226,4.93,113.47,61.21,0,0,131.74,2026-07-26 23:11
TR00003,12010,Shatabdi Express,Mumbai Central,Ahmedabad Jn,Surat,Vadodara,147.23,48.28,12.36,0.093,25.5,16,4,8.16,0.39,2.17,126.2,38.06,0,0,219.59,2026-08-21 19:39
TR00004,12951,Mumbai Rajdhani,Mumbai Central,New Delhi,Surat,Vadodara,306.78,120.45,11.19,0.113,26.5,23,5,12.97,0.303,11.88,262.95,120.06,0,0,172.06,2026-03-08 01:52
TR00005,12622,Tamil Nadu Express,New Delhi,Chennai Central,Bhopal Jn,Nagpur,321.26,105.62,35.12,0.063,31.6,22,2,30.77,0.484,49.27,275.37,121.65,0,1,291.03,2026-01-18 02:51
TR00006,12295,Sanghamitra Express,Bengaluru,Patna Jn,Guntakal Jn,Vijayawada,393.89,61.68,17.04,0.282,20.4,9,2,10.62,0.101,10.21,337.62,71.18,0,0,414.24,2026-01-18 15:54
TR00001,12123,Mumbai - Pune Express,Mumbai CST,Pune Jn,Lonavala,Pune Jn,185.24,47.71,34.36,0.539,29.3,4,0,46.23,0.345,10.3,158.77,42.36,0,0,301.67,2026-07-17 09:01
TR00002,11010,Deccan Express,Mumbai CST,Pune Jn,Lonavala,Pune Jn,161.26,84.69,19.44,0.3,33.4,3,3,2.7,0.306,2.92,138.22,75.49,0,0,137.33,2026-01-11 05:17
TR00003,12010,Shatabdi Express,Mumbai Central,Ahmedabad Jn,Vadodara,Ahmedabad Jn,388.87,59.25,57.14,0.273,38.8,3,1,12.06,0.518,16.35,333.32,59.64,1,1,662.42,2026-04-12 14:02
TR00004,12951,Mumbai Rajdhani,Mumbai Central,New Delhi,Mumbai Central,Surat,282.05,93.08,9.83,0.086,31.5,13,6,11.01,0.415,14.72,241.76,94.77,0,0,211.62,2026-02-16 16:31
TR00005,12622,Tamil Nadu Express,New Delhi,Chennai Central,Bhopal Jn,Nagpur,65.14,48.43,21.36,0.232,34.4,4,4,4.09,0.431,4.32,55.84,48.42,0,0,105.3,2026-02-12 05:45
TR00006,12295,Sanghamitra Express,Bengaluru,Patna Jn,Gaya Jn,Patna Jn,252.51,110.15,27.84,0.172,14.8,3,0,19.98,0.453,4.36,216.43,112.8,0,0,175.1,2026-05-14 05:55
TR00001,12123,Mumbai - Pune Express,Mumbai CST,Pune Jn,Kalyan,Karjat,218.88,115.7,25.06,0.12,23.7,13,3,15.36,0.484,7.74,187.61,122.99,0,1,186.94,2026-06-14 16:06
TR00002,11010,Deccan Express,Mumbai CST,Pune Jn,Mumbai CST,Dadar,220.87,104.57,22.48,0.041,37.7,13,6,12.96,0.296,3.92,189.32,114.3,0,1,188.89,2026-04-30 16:08
TR00003,12010,Shatabdi Express,Mumbai Central,Ahmedabad Jn,Vadodara,Ahmedabad Jn,209.41,68.35,23.63,0.234,18.2,8,4,9.3,0.379,5.72,179.49,79.68,0,0,222.77,2026-06-16 11:42
TR00004,12951,Mumbai Rajdhani,Mumbai Central,New Delhi,Vadodara,Kota Jn,38.41,95.07,24.92,0.044,27.9,19,0,16.74,0.236,4.28,32.93,75.02,0,1,39.78,2026-03-19 19:39
TR00005,12622,Tamil Nadu Express,New Delhi,Chennai Central,Vijayawada,Chennai Central,167.73,73.07,20.22,0.119,24.0,10,5,14.68,0.246,1.09,143.77,74.44,0,0,161.72,2026-08-04 12:41
TR00006,12295,Sanghamitra Express,Bengaluru,Patna Jn,Vijayawada,Gaya Jn,214.67,53.55,14.23,0.379,31.0,18,4,9.99,0.303,2.58,184.0,50.94,0,0,287.11,2026-08-13 22:47
TR00001,12123,Mumbai - Pune Express,Mumbai CST,Pune Jn,Kalyan,Karjat,282.68,25.54,11.73,0.518,18.2,4,3,2.64,0.164,7.3,242.3,20.0,0,0,752.86,2026-06-07 16:32
TR00002,11010,Deccan Express,Mumbai CST,Pune Jn,Lonavala,Pune Jn,224.08,46.15,24.28,0.158,30.1,7,0,23.03,0.301,12.01,192.07,30.14,0,0,339.96,2026-01-30 12:39
TR00003,12010,Shatabdi Express,Mumbai Central,Ahmedabad Jn,Mumbai Central,Borivali,135.29,53.85,41.17,0.099,26.5,16,0,23.45,0.365,19.2,115.96,57.94,1,1,249.35,2026-08-25 20:09
TR00004,12951,Mumbai Rajdhani,Mumbai Central,New Delhi,Mumbai Central,Surat,258.18,57.11,22.35,0.126,28.6,17,2,17.87,0.163,13.33,221.3,45.95,0,0,296.41,2026-07-31 21:56
TR00005,12622,Tamil Nadu Express,New Delhi,Chennai Central,Nagpur,Vijayawada,142.53,80.27,20.03,0.035,19.3,21,5,12.01,0.323,16.04,122.17,71.04,0,0,125.18,2026-05-30 23:05
TR00006,12295,Sanghamitra Express,Bengaluru,Patna Jn,Gaya Jn,Patna Jn,340.8,61.99,18.04,0.022,32.0,15,3,10.62,0.329,18.16,292.12,66.69,0,0,365.67,2026-05-21 21:05
TR00001,12123,Mumbai - Pune Express,Mumbai CST,Pune Jn,Kalyan,Karjat,187.0,43.21,4.02,0.228,31.9,7,6,11.27,0.091,9.2,160.29,39.51,0,0,273.88,2026-08-09 11:33
TR00002,11010,Deccan Express,Mumbai CST,Pune Jn,Lonavala,Pune Jn,265.37,96.18,11.35,0.306,23.6,7,0,3.17,0.289,4.54,227.46,117.47,0,0,197.63,2026-01-31 10:17
TR00003,12010,Shatabdi Express,Mumbai Central,Ahmedabad Jn,Mumbai Central,Borivali,100.23,76.62,25.8,0.624,24.0,6,2,22.18,0.24,7.81,85.91,74.38,0,0,107.31,2026-05-19 07:47
TR00004,12951,Mumbai Rajdhani,Mumbai Central,New Delhi,Surat,Vadodara,200.44,95.24,11.42,0.03,40.4,16,3,2.14,0.209,7.66,171.81,95.82,0,0,140.52,2026-07-15 18:20
TR00005,12622,Tamil Nadu Express,New Delhi,Chennai Central,New Delhi,Bhopal Jn,292.15,76.37,12.55,0.095,31.2,6,3,8.86,0.389,2.74,250.42,73.32,0,0,274.9,2026-06-10 10:34
TR00006,12295,Sanghamitra Express,Bengaluru,Patna Jn,Gaya Jn,Patna Jn,79.49,81.37,36.53,0.361,25.7,14,5,4.11,0.658,5.52,68.13,100.76,0,0,94.41,2026-05-03 15:34
TR00001,12123,Mumbai - Pune Express,Mumbai CST,Pune Jn,Dadar,Kalyan,285.74,65.91,25.46,0.186,18.5,5,0,2.99,0.249,26.64,244.92,75.28,0,0,292.93,2026-05-22 09:52
TR00002,11010,Deccan Express,Mumbai CST,Pune Jn,Lonavala,Pune Jn,213.23,51.38,12.97,0.144,38.6,16,2,7.12,0.295,4.28,182.77,61.06,0,0,286.09,2026-06-14 20:46
TR00003,12010,Shatabdi Express,Mumbai Central,Ahmedabad Jn,Vadodara,Ahmedabad Jn,44.12,83.96,9.77,0.158,18.7,21,0,6.94,0.108,1.58,37.81,82.94,0,0,37.28,2026-07-03 21:37
TR00004,12951,Mumbai Rajdhani,Mumbai Central,New Delhi,Vadodara,Kota Jn,214.29,99.67,11.48,0.08,40.0,5,5,3.08,0.389,3.09,183.68,100.23,0,0,150.27,2026-05-20 07:30
TR00005,12622,Tamil Nadu Express,New Delhi,Chennai Central,New Delhi,Bhopal Jn,147.6,64.45,20.85,0.352,21.6,12,3,27.25,0.449,1.78,126.51,56.09,0,0,168.48,2026-05-25 14:48
TR00006,12295,Sanghamitra Express,Bengaluru,Patna Jn,Guntakal Jn,Vijayawada,386.08,57.45,14.74,0.177,35.4,8,3,19.07,0.147,8.8,330.92,61.29,0,0,441.17,2026-03-31 15:21
TR00001,12123,Mumbai - Pune Express,Mumbai CST,Pune Jn,Kalyan,Karjat,162.18,48.96,30.35,0.255,28.0,19,1,18.98,0.55,1.29,139.01,50.8,1,0,268.09,2026-03-13 23:28
TR00002,11010,Deccan Express,Mumbai CST,Pune Jn,Mumbai CST,Dadar,200.91,47.5,30.94,0.376,16.6,12,5,6.3,0.277,7.94,172.2,52.42,0,1,393.86,2026-06-14 18:33
TR00003,12010,Shatabdi Express,Mumbai Central,Ahmedabad Jn,Surat,Vadodara,263.85,71.32,19.52,0.574,39.3,17,1,4.21,0.258,4.3,226.16,77.79,0,0,265.44,2026-03-30 21:25
TR00004,12951,Mumbai Rajdhani,Mumbai Central,New Delhi,Vadodara,Kota Jn,280.93,101.5,28.06,0.392,29.5,8,5,31.86,0.213,5.73,240.8,103.06,0,0,195.76,2026-06-10 11:15
TR00005,12622,Tamil Nadu Express,New Delhi,Chennai Central,Vijayawada,Chennai Central,61.58,74.24,22.41,0.081,24.4,22,3,11.75,0.301,18.64,52.78,83.19,0,0,69.64,2026-07-14 23:09
TR00006,12295,Sanghamitra Express,Bengaluru,Patna Jn,Guntakal Jn,Vijayawada,425.97,86.49,26.41,0.171,31.4,17,3,13.84,0.567,1.44,365.11,85.74,0,0,368.18,2026-08-10 23:08
TR00001,12123,Mumbai - Pune Express,Mumbai CST,Pune Jn,Kalyan,Karjat,174.75,102.48,53.32,0.204,19.7,23,4,66.27,0.296,4.1,149.78,94.14,1,0,153.55,2026-03-29 01:33
TR00002,11010,Deccan Express,Mumbai CST,Pune Jn,Lonavala,Pune Jn,254.33,36.96,23.63,0.358,19.6,7,3,14.94,0.275,13.58,218.0,38.48,0,0,478.25,2026-06-26 14:58
TR00003,12010,Shatabdi Express,Mumbai Central,Ahmedabad Jn,Vapi,Surat,165.99,35.44,19.49,0.083,33.2,4,2,28.03,0.025,0.46,142.28,41.71,0,0,295.47,2026-05-11 08:55
TR00004,12951,Mumbai Rajdhani,Mumbai Central,New Delhi,Surat,Vadodara,560.17,98.67,28.53,0.012,29.3,0,0,15.51,0.31,14.19,480.15,108.97,1,0,391.46,2026-04-19 06:31
TR00005,12622,Tamil Nadu Express,New Delhi,Chennai Central,Nagpur,Vijayawada,120.3,72.87,0.0,0.021,24.3,9,5,1.76,0.129,8.54,103.12,69.23,0,0,105.91,2026-01-11 10:45
TR00006,12295,Sanghamitra Express,Bengaluru,Patna Jn,Vijayawada,Gaya Jn,172.47,59.01,20.05,0.066,24.7,17,0,15.58,0.203,12.85,147.83,57.74,0,0,190.45,2026-05-01 20:10
TR00001,12123,Mumbai - Pune Express,Mumbai CST,Pune Jn,Dadar,Kalyan,258.33,76.02,16.02,0.145,30.4,7,3,1.95,0.273,13.76,221.42,84.71,0,0,228.18,2026-05-04 10:48
TR00002,11010,Deccan Express,Mumbai CST,Pune Jn,Mumbai CST,Dadar,222.96,67.53,34.56,0.108,43.0,20,4,13.14,0.11,6.24,191.11,54.63,1,1,292.76,2026-05-12 00:52
TR00003,12010,Shatabdi Express,Mumbai Central,Ahmedabad Jn,Borivali,Vapi,163.39,95.54,7.16,0.151,27.6,5,6,2.71,0.156,2.13,140.05,103.7,0,0,112.86,2026-05-25 06:52
TR00004,12951,Mumbai Rajdhani,Mumbai Central,New Delhi,Kota Jn,New Delhi,179.93,68.22,9.77,0.051,23.0,12,6,1.06,0.286,5.76,154.23,60.82,0,0,183.59,2026-06-09 15:03
TR00005,12622,Tamil Nadu Express,New Delhi,Chennai Central,New Delhi,Bhopal Jn,326.41,85.88,14.68,0.03,26.0,19,5,5.13,0.345,5.37,279.78,93.72,0,0,256.4,2026-08-06 23:16
TR00006,12295,Sanghamitra Express,Bengaluru,Patna Jn,Bengaluru,Guntakal Jn,260.62,98.91,12.65,0.205,28.1,3,1,16.54,0.119,7.48,223.39,107.34,0,0,174.34,2026-06-10 05:54
TR00001,12123,Mumbai - Pune Express,Mumbai CST,Pune Jn,Mumbai CST,Dadar,275.63,90.54,19.01,0.265,21.9,18,1,8.56,0.277,15.94,236.25,96.63,0,0,213.84,2026-03-20 21:33
TR00002,11010,Deccan Express,Mumbai CST,Pune Jn,Dadar,Kalyan,277.09,44.28,14.82,0.336,29.1,11,5,11.24,0.158,12.12,237.5,45.3,0,0,423.41,2026-04-14 18:03
TR00003,12010,Shatabdi Express,Mumbai Central,Ahmedabad Jn,Vadodara,Ahmedabad Jn,470.08,56.12,16.83,0.096,16.9,10,4,9.85,0.306,8.15,402.93,69.62,0,0,563.54,2026-07-09 19:23
TR00004,12951,Mumbai Rajdhani,Mumbai Central,New Delhi,Kota Jn,New Delhi,66.05,104.46,18.93,0.255,29.5,9,6,9.33,0.301,3.25,56.61,97.28,0,0,55.83,2026-04-30 09:55
TR00005,12622,Tamil Nadu Express,New Delhi,Chennai Central,New Delhi,Bhopal Jn,266.42,86.85,8.51,0.09,32.3,15,6,2.04,0.233,6.62,228.36,94.48,0,0,207.36,2026-07-12 18:27
TR00006,12295,Sanghamitra Express,Bengaluru,Patna Jn,Guntakal Jn,Vijayawada,217.71,74.37,25.82,0.3,30.1,3,2,19.32,0.434,4.45,186.61,57.4,0,0,223.79,2026-05-25 06:43
TR00001,12123,Mumbai - Pune Express,Mumbai CST,Pune Jn,Karjat,Lonavala,365.71,75.72,33.5,0.019,33.8,5,5,9.34,0.338,5.72,313.46,91.43,1,0,347.92,2026-08-01 10:47
TR00002,11010,Deccan Express,Mumbai CST,Pune Jn,Mumbai CST,Dadar,219.19,77.52,14.7,0.038,27.0,3,1,9.07,0.23,2.52,187.88,71.78,0,0,187.02,2026-04-25 06:07
TR00003,12010,Shatabdi Express,Mumbai Central,Ahmedabad Jn,Vapi,Surat,167.21,83.48,35.46,0.543,22.0,22,0,3.44,0.558,31.71,143.33,86.67,0,0,172.18,2026-04-04 00:52
TR00004,12951,Mumbai Rajdhani,Mumbai Central,New Delhi,Surat,Vadodara,178.34,129.04,2.22,0.33,26.6,14,6,9.86,0.167,0.97,152.87,116.67,0,0,91.74,2026-02-28 15:31
TR00005,12622,Tamil Nadu Express,New Delhi,Chennai Central,Nagpur,Vijayawada,194.92,79.64,15.29,0.012,25.0,20,2,21.2,0.447,3.53,167.07,63.85,0,0,176.78,2026-08-12 22:56
TR00006,12295,Sanghamitra Express,Bengaluru,Patna Jn,Bengaluru,Guntakal Jn,165.69,81.54,15.23,0.124,14.6,11,1,39.74,0.112,0.74,142.02,77.93,0,0,137.86,2026-04-30 13:17
TR00001,12123,Mumbai - Pune Express,Mumbai CST,Pune Jn,Karjat,Lonavala,344.1,111.65,22.76,0.549,25.1,3,6,13.09,0.62,5.22,294.94,104.91,0,0,257.71,2026-07-05 07:17
TR00002,11010,Deccan Express,Mumbai CST,Pune Jn,Lonavala,Pune Jn,147.0,52.45,25.3,0.042,32.3,15,0,12.58,0.365,5.27,126.0,50.26,0,0,197.98,2026-08-17 18:17
TR00003,12010,Shatabdi Express,Mumbai Central,Ahmedabad Jn,Borivali,Vapi,73.6,106.07,9.85,0.033,31.4,16,3,1.91,0.086,11.58,63.09,93.47,0,0,55.16,2026-03-22 16:55
TR00004,12951,Mumbai Rajdhani,Mumbai Central,New Delhi,Surat,Vadodara,226.55,79.63,8.05,0.121,37.2,7,1,5.24,0.119,5.06,194.19,85.92,1,0,195.64,2026-03-04 10:15
TR00005,12622,Tamil Nadu Express,New Delhi,Chennai Central,New Delhi,Bhopal Jn,230.77,94.89,2.14,0.075,35.2,1,1,3.11,0.205,3.74,197.8,100.0,0,0,155.02,2026-04-02 03:35
TR00006,12295,Sanghamitra Express,Bengaluru,Patna Jn,Guntakal Jn,Vijayawada,124.25,124.97,19.76,0.094,33.6,4,0,12.92,0.378,6.96,106.5,130.0,0,0,79.12,2026-07-10 05:19
TR00001,12123,Mumbai - Pune Express,Mumbai CST,Pune Jn,Dadar,Kalyan,90.3,71.17,22.88,0.6,33.0,13,6,25.8,0.218,4.79,77.4,77.17,0,0,103.86,2026-05-07 14:43
TR00002,11010,Deccan Express,Mumbai CST,Pune Jn,Kalyan,Lonavala,144.31,123.81,28.86,0.282,16.0,16,1,6.03,0.502,7.68,123.69,115.97,0,0,105.24,2026-04-10 17:45
TR00003,12010,Shatabdi Express,Mumbai Central,Ahmedabad Jn,Surat,Vadodara,46.17,54.45,12.14,0.116,38.5,7,4,10.56,0.439,7.91,39.57,43.33,0,0,61.46,2026-06-08 08:01
TR00004,12951,Mumbai Rajdhani,Mumbai Central,New Delhi,Kota Jn,New Delhi,198.9,84.04,18.77,0.036,39.8,17,3,10.96,0.108,21.03,170.49,72.3,0,1,189.57,2026-06-20 20:09
TR00005,12622,Tamil Nadu Express,New Delhi,Chennai Central,New Delhi,Bhopal Jn,93.59,74.64,12.56,0.084,31.5,13,5,10.53,0.415,2.59,80.22,73.97,0,0,96.89,2026-07-08 14:36
TR00006,12295,Sanghamitra Express,Bengaluru,Patna Jn,Gaya Jn,Patna Jn,228.38,67.93,28.57,0.029,29.3,11,2,20.87,0.338,3.99,195.75,70.98,1,0,251.01,2026-05-04 15:11
TR00001,12123,Mumbai - Pune Express,Mumbai CST,Pune Jn,Kalyan,Karjat,147.72,75.18,26.19,0.03,34.1,5,1,16.86,0.189,7.23,126.61,68.43,0,1,174.74,2026-04-21 07:54
TR00002,11010,Deccan Express,Mumbai CST,Pune Jn,Lonavala,Pune Jn,267.95,45.2,33.9,0.16,15.1,17,4,22.44,0.368,11.07,229.67,50.25,0,0,422.09,2026-08-12 00:02
TR00003,12010,Shatabdi Express,Mumbai Central,Ahmedabad Jn,Vapi,Surat,127.2,44.64,33.33,0.584,27.1,17,0,38.97,0.376,1.8,109.03,42.34,0,0,222.47,2026-03-04 20:42
TR00004,12951,Mumbai Rajdhani,Mumbai Central,New Delhi,Surat,Vadodara,454.39,57.95,32.35,0.023,34.8,4,4,16.34,0.529,14.84,389.48,57.55,0,1,719.94,2026-02-13 15:59
TR00005,12622,Tamil Nadu Express,New Delhi,Chennai Central,Vijayawada,Chennai Central,54.35,110.18,0.54,0.072,17.7,10,3,6.1,0.047,2.67,46.59,97.22,0,0,34.14,2026-07-13 10:34
TR00006,12295,Sanghamitra Express,Bengaluru,Patna Jn,Guntakal Jn,Vijayawada,175.88,67.95,12.75,0.127,25.6,0,0,7.77,0.312,14.03,150.76,53.35,0,0,175.67,2026-02-06 02:55
TR00001,12123,Mumbai - Pune Express,Mumbai CST,Pune Jn,Kalyan,Karjat,191.29,70.67,22.54,0.077,20.6,3,5,8.44,0.426,4.7,163.96,70.06,0,0,196.7,2026-07-09 06:16
TR00002,11010,Deccan Express,Mumbai CST,Pune Jn,Mumbai CST,Dadar,176.47,50.97,40.3,0.377,23.6,9,6,54.56,0.143,4.62,151.26,70.97,0,1,317.67,2026-06-19 14:17
TR00003,12010,Shatabdi Express,Mumbai Central,Ahmedabad Jn,Borivali,Vapi,137.67,103.48,3.06,0.2,33.0,9,6,14.27,0.164,1.6,118.01,101.63,0,0,89.71,2026-01-06 10:29
TR00004,12951,Mumbai Rajdhani,Mumbai Central,New Delhi,Surat,Vadodara,213.26,80.56,42.98,0.106,26.8,9,1,5.98,0.548,2.55,182.79,64.11,1,0,225.85,2026-08-10 12:45
TR00005,12622,Tamil Nadu Express,New Delhi,Chennai Central,Bhopal Jn,Nagpur,186.69,116.59,10.12,0.404,32.8,13,6,1.77,0.159,2.01,160.02,104.78,0,0,107.7,2026-05-20 14:47
TR00006,12295,Sanghamitra Express,Bengaluru,Patna Jn,Bengaluru,Guntakal Jn,321.55,76.05,29.26,0.733,19.2,0,2,7.34,0.382,15.3,275.62,73.39,0,0,334.64,2026-03-23 05:34
TR00001,12123,Mumbai - Pune Express,Mumbai CST,Pune Jn,Karjat,Lonavala,212.12,36.32,31.06,0.206,27.7,20,2,10.02,0.531,15.08,181.82,48.3,0,1,572.7,2026-04-12 05:32
TR00002,11010,Deccan Express,Mumbai CST,Pune Jn,Lonavala,Pune Jn,245.3,20.0,14.73,0.006,25.5,23,6,9.13,0.117,3.99,210.26,20.0,0,1,963.96,2026-01-14 15:03
TR00003,12010,Shatabdi Express,Mumbai Central,Ahmedabad Jn,Vapi,Surat,203.91,119.86,16.31,0.09,29.3,14,0,5.93,0.417,9.81,174.78,130.0,0,0,119.99,2026-07-04 15:59
TR00004,12951,Mumbai Rajdhani,Mumbai Central,New Delhi,Vadodara,Kota Jn,465.71,79.29,24.87,0.252,36.4,4,5,29.28,0.037,6.21,399.18,62.99,0,0,383.26,2026-04-24 10:23
TR00005,12622,Tamil Nadu Express,New Delhi,Chennai Central,Bhopal Jn,Nagpur,275.5,59.31,13.13,0.165,34.3,20,3,8.46,0.444,5.16,236.14,49.08,0,0,326.69,2026-02-22 01:26
TR00006,12295,Sanghamitra Express,Bengaluru,Patna Jn,Guntakal Jn,Vijayawada,134.73,103.54,24.28,0.497,20.3,19,3,13.82,0.273,7.19,115.48,89.17,0,0,107.89,2026-07-11 20:47
TR00001,12123,Mumbai - Pune Express,Mumbai CST,Pune Jn,Kalyan,Karjat,111.6,96.36,23.87,0.068,30.2,2,5,38.99,0.186,1.62,95.66,97.88,0,0,82.05,2026-06-28 03:22
TR00002,11010,Deccan Express,Mumbai CST,Pune Jn,Mumbai CST,Dadar,188.05,69.01,8.65,0.035,29.9,17,5,22.48,0.146,16.48,161.19,73.27,0,0,175.35,2026-02-26 19:55
TR00003,12010,Shatabdi Express,Mumbai Central,Ahmedabad Jn,Borivali,Vapi,210.9,86.15,37.14,0.1,30.2,7,3,2.7,0.768,46.99,180.77,72.08,0,0,211.12,2026-01-13 10:31
TR00004,12951,Mumbai Rajdhani,Mumbai Central,New Delhi,Kota Jn,New Delhi,256.5,67.53,26.1,0.039,34.5,14,3,11.21,0.445,9.24,219.85,62.6,0,0,268.94,2026-02-01 18:28
TR00005,12622,Tamil Nadu Express,New Delhi,Chennai Central,New Delhi,Bhopal Jn,250.81,81.38,23.89,0.105,31.5,12,5,5.8,0.479,8.13,214.98,74.72,0,1,293.14,2026-05-20 16:53
TR00006,12295,Sanghamitra Express,Bengaluru,Patna Jn,Guntakal Jn,Vijayawada,259.99,80.94,8.25,0.249,35.8,5,5,2.18,0.194,4.28,222.85,81.14,0,0,214.64,2026-06-06 08:34
TR00001,12123,Mumbai - Pune Express,Mumbai CST,Pune Jn,Lonavala,Pune Jn,353.48,32.43,16.46,0.258,31.0,2,4,4.75,0.381,4.16,302.98,25.52,0,0,765.55,2026-08-19 14:45
TR00002,11010,Deccan Express,Mumbai CST,Pune Jn,Kalyan,Lonavala,206.91,65.01,6.74,0.231,32.6,12,2,5.38,0.124,2.09,177.35,52.56,0,0,204.54,2026-03-02 15:24
TR00003,12010,Shatabdi Express,Mumbai Central,Ahmedabad Jn,Vapi,Surat,56.35,87.77,17.91,0.16,34.4,5,5,21.99,0.011,26.76,48.3,104.87,0,0,47.68,2026-02-18 05:47
TR00004,12951,Mumbai Rajdhani,Mumbai Central,New Delhi,Surat,Vadodara,279.31,52.26,42.89,0.135,39.9,12,1,19.72,0.178,1.92,239.41,49.24,1,0,376.72,2026-05-15 18:16
TR00005,12622,Tamil Nadu Express,New Delhi,Chennai Central,Nagpur,Vijayawada,434.66,75.8,29.97,0.247,32.7,19,3,19.91,0.173,9.42,372.57,71.0,0,0,390.67,2026-02-03 01:30
TR00006,12295,Sanghamitra Express,Bengaluru,Patna Jn,Vijayawada,Gaya Jn,125.27,82.09,0.05,0.154,31.3,6,3,4.88,0.149,5.56,107.37,79.63,0,0,98.68,2026-05-23 07:38
TR00001,12123,Mumbai - Pune Express,Mumbai CST,Pune Jn,Kalyan,Karjat,67.46,76.23,27.95,0.303,35.0,11,6,15.61,0.061,6.2,57.83,68.22,0,0,72.95,2026-03-03 12:12
TR00002,11010,Deccan Express,Mumbai CST,Pune Jn,Lonavala,Pune Jn,118.89,64.57,28.92,0.14,36.5,4,3,10.22,0.612,2.35,101.91,63.0,0,1,195.02,2026-05-17 07:15
TR00003,12010,Shatabdi Express,Mumbai Central,Ahmedabad Jn,Mumbai Central,Borivali,226.24,63.33,10.34,0.558,29.2,10,2,6.49,0.039,10.55,193.92,75.56,0,0,245.81,2026-01-06 14:05
TR00004,12951,Mumbai Rajdhani,Mumbai Central,New Delhi,Surat,Vadodara,127.74,63.96,12.48,0.129,35.9,11,5,8.49,0.305,9.33,109.49,56.76,0,0,140.49,2026-06-22 13:20
TR00005,12622,Tamil Nadu Express,New Delhi,Chennai Central,Bhopal Jn,Nagpur,222.55,63.97,3.11,0.064,27.1,3,4,6.41,0.139,5.04,190.76,70.82,0,0,221.51,2026-06-11 06:41
TR00006,12295,Sanghamitra Express,Bengaluru,Patna Jn,Gaya Jn,Patna Jn,154.4,80.49,43.66,0.391,25.7,13,4,17.85,0.429,6.53,132.34,76.95,1,0,165.18,2026-01-22 15:45
TR00001,12123,Mumbai - Pune Express,Mumbai CST,Pune Jn,Kalyan,Karjat,368.25,56.79,16.83,0.186,24.9,11,3,8.84,0.268,7.03,315.64,67.72,0,0,442.01,2026-03-27 18:22
TR00002,11010,Deccan Express,Mumbai CST,Pune Jn,Kalyan,Lonavala,325.79,43.98,19.63,0.469,37.6,3,6,6.3,0.358,5.81,279.25,40.72,0,0,535.47,2026-08-15 11:55
TR00003,12010,Shatabdi Express,Mumbai Central,Ahmedabad Jn,Vapi,Surat,134.14,47.22,35.18,0.363,21.8,15,0,6.71,0.023,8.86,114.98,53.25,1,1,254.98,2026-04-01 19:14
TR00004,12951,Mumbai Rajdhani,Mumbai Central,New Delhi,Kota Jn,New Delhi,251.77,78.47,14.35,0.223,18.9,13,4,16.0,0.622,1.68,215.81,74.28,0,0,244.84,2026-06-27 17:04
TR00005,12622,Tamil Nadu Express,New Delhi,Chennai Central,Bhopal Jn,Nagpur,132.28,78.49,34.91,0.396,18.3,21,0,9.72,0.449,10.07,113.38,81.08,0,0,140.94,2026-02-10 23:20
TR00006,12295,Sanghamitra Express,Bengaluru,Patna Jn,Vijayawada,Gaya Jn,140.83,106.14,23.29,0.072,27.4,19,2,23.76,0.296,18.08,120.71,109.28,0,0,97.19,2026-04-16 20:37
TR00001,12123,Mumbai - Pune Express,Mumbai CST,Pune Jn,Karjat,Lonavala,146.27,65.74,27.31,0.109,16.0,3,0,26.32,0.318,2.38,125.38,63.4,0,0,158.23,2026-06-23 05:38
TR00002,11010,Deccan Express,Mumbai CST,Pune Jn,Kalyan,Lonavala,291.24,91.84,19.8,0.181,32.1,19,3,19.1,0.308,3.65,249.63,94.03,0,0,230.57,2026-07-19 22:50
TR00003,12010,Shatabdi Express,Mumbai Central,Ahmedabad Jn,Mumbai Central,Borivali,316.95,82.51,7.33,0.274,36.2,15,6,12.99,0.177,10.27,271.67,87.75,0,0,258.2,2026-04-20 19:18
TR00004,12951,Mumbai Rajdhani,Mumbai Central,New Delhi,Mumbai Central,Surat,331.12,88.94,26.32,0.05,28.1,21,5,6.76,0.225,9.64,283.82,81.83,0,1,325.72,2026-02-27 02:25
TR00005,12622,Tamil Nadu Express,New Delhi,Chennai Central,Nagpur,Vijayawada,173.01,64.17,11.88,0.152,29.1,10,6,6.87,0.324,14.05,148.3,53.76,0,0,182.18,2026-02-26 13:02
TR00006,12295,Sanghamitra Express,Bengaluru,Patna Jn,Gaya Jn,Patna Jn,194.02,65.73,36.43,0.295,17.2,19,1,14.83,0.626,3.5,166.3,71.94,0,0,242.96,2026-06-22 23:02
TR00001,12123,Mumbai - Pune Express,Mumbai CST,Pune Jn,Kalyan,Karjat,383.01,45.49,14.46,0.497,35.3,4,1,13.18,0.392,5.42,328.3,40.03,0,0,625.79,2026-06-06 14:25
TR00002,11010,Deccan Express,Mumbai CST,Pune Jn,Lonavala,Pune Jn,364.06,102.26,40.0,0.456,30.9,18,3,15.99,0.236,8.63,312.05,101.07,1,0,279.13,2026-05-04 22:39
TR00003,12010,Shatabdi Express,Mumbai Central,Ahmedabad Jn,Borivali,Vapi,50.27,87.12,29.09,0.126,16.0,1,2,21.4,0.44,7.79,43.09,93.31,0,0,53.39,2026-01-04 01:53
TR00004,12951,Mumbai Rajdhani,Mumbai Central,New Delhi,Kota Jn,New Delhi,221.97,89.32,43.56,0.456,22.4,12,6,40.17,0.544,11.93,190.26,87.89,0,0,203.86,2026-03-07 15:23
TR00005,12622,Tamil Nadu Express,New Delhi,Chennai Central,Vijayawada,Chennai Central,223.81,116.88,8.27,0.07,36.6,11,1,11.44,0.126,9.8,191.84,110.81,0,0,129.19,2026-04-08 13:09
TR00006,12295,Sanghamitra Express,Bengaluru,Patna Jn,Guntakal Jn,Vijayawada,126.7,56.31,23.76,0.096,39.8,19,4,13.77,0.296,15.36,108.6,42.59,0,1,199.05,2026-05-08 22:19
TR00001,12123,Mumbai - Pune Express,Mumbai CST,Pune Jn,Karjat,Lonavala,136.42,31.26,45.06,0.424,26.7,16,4,5.4,0.272,11.94,116.93,21.29,1,0,332.47,2026-01-25 21:32
TR00002,11010,Deccan Express,Mumbai CST,Pune Jn,Kalyan,Lonavala,288.94,42.22,31.35,0.49,26.0,5,2,14.87,0.339,10.64,247.66,39.85,0,0,510.51,2026-02-08 13:30
TR00003,12010,Shatabdi Express,Mumbai Central,Ahmedabad Jn,Mumbai Central,Borivali,304.62,84.46,20.02,0.108,29.8,17,4,7.06,0.559,11.76,261.11,102.25,0,0,263.66,2026-05-22 21:23
TR00004,12951,Mumbai Rajdhani,Mumbai Central,New Delhi,Vadodara,Kota Jn,344.49,75.09,27.18,0.315,31.9,18,1,22.33,0.323,3.76,295.28,68.85,0,0,325.41,2026-02-14 23:25
TR00005,12622,Tamil Nadu Express,New Delhi,Chennai Central,Bhopal Jn,Nagpur,318.49,80.24,26.79,0.064,32.8,17,3,8.76,0.424,3.27,272.99,95.49,0,0,288.81,2026-06-04 21:48
TR00006,12295,Sanghamitra Express,Bengaluru,Patna Jn,Bengaluru,Guntakal Jn,94.2,69.56,38.32,0.421,26.2,9,3,11.87,0.213,1.61,80.74,70.67,0,1,131.27,2026-06-02 11:11
TR00001,12123,Mumbai - Pune Express,Mumbai CST,Pune Jn,Lonavala,Pune Jn,156.51,75.68,10.13,0.125,12.9,18,2,15.7,0.293,0.67,134.15,89.79,0,0,141.22,2026-03-22 20:21
TR00002,11010,Deccan Express,Mumbai CST,Pune Jn,Lonavala,Pune Jn,401.46,104.61,43.44,0.634,36.8,12,4,20.11,0.446,2.5,344.11,103.67,0,0,304.82,2026-07-23 17:04
TR00003,12010,Shatabdi Express,Mumbai Central,Ahmedabad Jn,Vadodara,Ahmedabad Jn,459.76,70.44,20.55,0.142,35.1,21,1,7.45,0.224,14.02,394.08,59.33,0,0,438.98,2026-01-23 04:18
TR00004,12951,Mumbai Rajdhani,Mumbai Central,New Delhi,Surat,Vadodara,193.42,84.27,20.8,0.286,38.9,5,3,28.9,0.323,2.05,165.79,89.91,0,0,170.88,2026-07-28 07:50
TR00005,12622,Tamil Nadu Express,New Delhi,Chennai Central,Nagpur,Vijayawada,285.29,88.59,22.3,0.658,42.8,19,2,10.0,0.387,2.55,244.54,87.91,0,0,254.24,2026-06-24 23:14
TR00006,12295,Sanghamitra Express,Bengaluru,Patna Jn,Gaya Jn,Patna Jn,671.25,67.3,9.88,0.08,22.0,18,6,2.05,0.141,29.09,575.36,61.73,0,0,637.23,2026-08-05 04:37
TR00001,12123,Mumbai - Pune Express,Mumbai CST,Pune Jn,Lonavala,Pune Jn,221.0,59.01,21.07,0.548,39.5,16,0,11.82,0.19,2.94,189.43,66.59,0,0,269.17,2026-03-08 20:29
TR00002,11010,Deccan Express,Mumbai CST,Pune Jn,Dadar,Kalyan,210.82,96.17,26.39,0.173,21.2,12,6,15.11,0.053,8.14,180.7,93.6,0,1,191.22,2026-01-06 15:11
TR00003,12010,Shatabdi Express,Mumbai Central,Ahmedabad Jn,Borivali,Vapi,447.48,116.0,10.01,0.131,27.9,1,5,1.35,0.358,5.93,383.56,109.69,0,1,340.03,2026-02-08 06:40
TR00004,12951,Mumbai Rajdhani,Mumbai Central,New Delhi,Mumbai Central,Surat,59.07,80.11,0.0,0.154,30.7,19,3,14.34,0.19,4.97,50.63,82.98,0,0,49.92,2026-05-12 19:49
TR00005,12622,Tamil Nadu Express,New Delhi,Chennai Central,Bhopal Jn,Nagpur,248.13,66.99,18.83,0.366,11.0,11,2,11.89,0.349,4.27,212.68,49.59,0,0,268.03,2026-01-22 15:28
TR00006,12295,Sanghamitra Express,Bengaluru,Patna Jn,Guntakal Jn,Vijayawada,166.12,94.44,38.79,0.348,17.8,10,4,28.16,0.098,7.0,142.39,88.19,1,0,148.37,2026-06-09 12:28
TR00001,12123,Mumbai - Pune Express,Mumbai CST,Pune Jn,Mumbai CST,Dadar,253.83,67.35,19.78,0.255,12.8,1,2,32.9,0.269,11.4,217.56,71.2,0,0,266.57,2026-05-23 05:26
TR00002,11010,Deccan Express,Mumbai CST,Pune Jn,Kalyan,Lonavala,282.69,58.75,49.96,0.675,39.4,5,1,4.85,0.423,24.48,242.31,53.55,1,0,399.64,2026-02-05 11:39
TR00003,12010,Shatabdi Express,Mumbai Central,Ahmedabad Jn,Mumbai Central,Borivali,465.32,97.81,22.52,0.047,20.2,18,4,12.04,0.273,12.38,398.85,104.21,0,0,320.28,2026-07-09 23:20
TR00004,12951,Mumbai Rajdhani,Mumbai Central,New Delhi,Surat,Vadodara,196.77,66.33,27.64,0.196,34.7,0,1,18.47,0.189,1.92,168.66,67.55,0,1,260.0,2026-05-15 04:20
TR00005,12622,Tamil Nadu Express,New Delhi,Chennai Central,Nagpur,Vijayawada,290.23,83.36,9.57,0.04,19.3,7,4,12.0,0.366,6.89,248.77,79.82,0,0,237.31,2026-06-27 10:57
TR00006,12295,Sanghamitra Express,Bengaluru,Patna Jn,Bengaluru,Guntakal Jn,344.02,86.25,2.9,0.057,30.0,13,6,6.06,0.102,6.2,294.87,87.62,0,0,252.84,2026-04-21 17:12
TR00001,12123,Mumbai - Pune Express,Mumbai CST,Pune Jn,Kalyan,Karjat,141.14,101.5,31.52,0.291,19.7,12,2,40.36,0.175,11.82,120.98,98.4,0,0,100.62,2026-03-19 13:40
TR00002,11010,Deccan Express,Mumbai CST,Pune Jn,Kalyan,Lonavala,232.18,78.46,3.06,0.091,33.3,19,3,7.08,0.117,14.83,199.01,71.53,0,0,187.48,2026-06-16 22:07
TR00003,12010,Shatabdi Express,Mumbai Central,Ahmedabad Jn,Surat,Vadodara,638.22,37.3,39.93,0.351,34.4,0,3,51.87,0.606,6.89,547.04,32.34,0,0,1309.4,2026-01-30 21:49
TR00004,12951,Mumbai Rajdhani,Mumbai Central,New Delhi,Vadodara,Kota Jn,284.98,39.74,19.52,0.123,31.1,2,4,8.45,0.525,15.61,244.27,37.69,0,1,670.5,2026-05-19 13:10
TR00005,12622,Tamil Nadu Express,New Delhi,Chennai Central,Vijayawada,Chennai Central,324.61,53.25,17.16,0.303,26.9,18,3,18.34,0.508,1.69,278.24,47.76,0,0,456.69,2026-05-13 01:36
TR00006,12295,Sanghamitra Express,Bengaluru,Patna Jn,Guntakal Jn,Vijayawada,340.4,108.23,18.54,0.302,38.2,18,2,14.73,0.494,3.92,291.77,100.89,0,0,229.33,2026-03-14 21:49
TR00001,12123,Mumbai - Pune Express,Mumbai CST,Pune Jn,Karjat,Lonavala,108.77,37.86,5.87,0.037,23.3,23,5,7.74,0.108,0.67,93.23,41.95,0,0,183.9,2026-08-19 02:03
TR00002,11010,Deccan Express,Mumbai CST,Pune Jn,Kalyan,Lonavala,987.17,88.24,21.51,0.177,18.6,19,0,16.92,0.097,4.25,846.15,89.18,0,0,718.24,2026-08-02 06:58
TR00003,12010,Shatabdi Express,Mumbai Central,Ahmedabad Jn,Borivali,Vapi,283.93,103.85,2.02,0.191,26.6,13,4,7.11,0.139,2.63,243.37,114.79,0,0,170.43,2026-06-05 15:50
TR00004,12951,Mumbai Rajdhani,Mumbai Central,New Delhi,Mumbai Central,Surat,417.12,68.22,29.52,0.378,25.4,17,2,26.11,0.317,13.61,357.53,66.05,0,0,441.39,2026-03-28 00:21
TR00005,12622,Tamil Nadu Express,New Delhi,Chennai Central,Vijayawada,Chennai Central,241.2,48.15,15.1,0.177,28.7,13,2,10.46,0.46,6.25,206.74,55.32,0,0,357.16,2026-06-20 18:57
TR00006,12295,Sanghamitra Express,Bengaluru,Patna Jn,Guntakal Jn,Vijayawada,118.68,98.55,0.0,0.165,30.5,14,0,11.69,0.127,0.84,101.72,98.87,0,0,82.03,2026-06-02 15:22
TR00001,12123,Mumbai - Pune Express,Mumbai CST,Pune Jn,Karjat,Lonavala,343.77,74.71,19.46,0.221,25.6,9,2,1.61,0.441,8.16,294.66,82.37,0,0,325.53,2026-06-08 14:25
TR00002,11010,Deccan Express,Mumbai CST,Pune Jn,Kalyan,Lonavala,327.63,49.84,20.02,0.002,20.9,21,2,5.43,0.198,7.5,280.82,69.6,0,0,427.55,2026-04-23 04:07
TR00003,12010,Shatabdi Express,Mumbai Central,Ahmedabad Jn,Vadodara,Ahmedabad Jn,447.43,78.67,22.06,0.224,26.8,3,5,23.53,0.248,13.17,383.52,84.81,0,0,394.69,2026-07-10 09:34
TR00004,12951,Mumbai Rajdhani,Mumbai Central,New Delhi,Surat,Vadodara,127.22,63.59,27.06,0.113,25.5,13,2,41.61,0.145,38.1,109.05,67.26,0,0,136.49,2026-08-16 15:16
TR00005,12622,Tamil Nadu Express,New Delhi,Chennai Central,Vijayawada,Chennai Central,224.51,79.85,6.29,0.125,20.5,4,6,5.4,0.465,3.13,192.44,72.37,0,0,198.46,2026-03-27 07:18
TR00006,12295,Sanghamitra Express,Bengaluru,Patna Jn,Bengaluru,Guntakal Jn,99.82,22.91,20.12,0.577,36.0,2,1,9.8,0.228,6.68,85.56,26.52,0,0,323.8,2026-03-28 07:23
TR00001,12123,Mumbai - Pune Express,Mumbai CST,Pune Jn,Dadar,Kalyan,213.38,83.05,27.43,0.278,28.7,13,5,5.99,0.301,17.24,182.9,85.9,0,0,187.03,2026-05-14 16:07
TR00002,11010,Deccan Express,Mumbai CST,Pune Jn,Kalyan,Lonavala,349.9,67.04,20.25,0.55,32.9,22,5,15.15,0.044,4.78,299.92,61.49,0,0,358.58,2026-07-29 03:58
TR00003,12010,Shatabdi Express,Mumbai Central,Ahmedabad Jn,Surat,Vadodara,195.02,55.83,23.97,0.627,23.7,9,5,7.11,0.41,6.11,167.16,74.33,0,0,271.12,2026-08-18 13:31
TR00004,12951,Mumbai Rajdhani,Mumbai Central,New Delhi,Vadodara,Kota Jn,311.35,53.1,17.68,0.08,27.5,6,3,30.77,0.511,9.63,266.87,41.45,0,0,414.39,2026-06-01 12:54
TR00005,12622,Tamil Nadu Express,New Delhi,Chennai Central,Nagpur,Vijayawada,422.5,83.17,13.83,0.009,34.4,2,0,4.77,0.439,11.16,362.14,88.46,0,0,345.41,2026-01-24 07:45
TR00006,12295,Sanghamitra Express,Bengaluru,Patna Jn,Bengaluru,Guntakal Jn,322.2,76.95,20.64,0.192,27.7,9,5,8.38,0.18,7.52,276.17,74.56,0,0,282.59,2026-08-18 13:42
TR00001,12123,Mumbai - Pune Express,Mumbai CST,Pune Jn,Karjat,Lonavala,369.44,66.39,14.26,0.018,26.8,10,0,20.34,0.072,8.65,316.66,74.52,0,0,348.12,2026-03-23 15:48
TR00002,11010,Deccan Express,Mumbai CST,Pune Jn,Lonavala,Pune Jn,305.32,72.89,18.02,0.388,26.5,15,3,14.66,0.279,2.43,261.7,66.67,0,1,386.88,2026-04-16 21:26
TR00003,12010,Shatabdi Express,Mumbai Central,Ahmedabad Jn,Borivali,Vapi,99.46,67.76,24.88,0.111,27.9,15,3,7.16,0.607,2.07,85.25,63.45,0,0,121.09,2026-06-03 17:01
TR00004,12951,Mumbai Rajdhani,Mumbai Central,New Delhi,Vadodara,Kota Jn,195.68,65.82,39.82,0.116,39.2,21,6,3.68,0.397,1.45,167.72,70.23,1,1,288.81,2026-04-04 01:48
TR00005,12622,Tamil Nadu Express,New Delhi,Chennai Central,Vijayawada,Chennai Central,287.25,115.55,24.49,0.308,17.4,7,3,1.11,0.326,23.65,246.21,106.12,0,0,180.96,2026-07-29 10:00
TR00006,12295,Sanghamitra Express,Bengaluru,Patna Jn,Guntakal Jn,Vijayawada,123.6,90.95,3.79,0.226,31.6,12,3,12.73,0.118,3.99,105.94,86.09,0,0,92.04,2026-03-19 13:32
TR00001,12123,Mumbai - Pune Express,Mumbai CST,Pune Jn,Dadar,Kalyan,131.29,55.79,13.79,0.102,34.2,8,4,10.8,0.438,14.66,112.53,69.6,0,0,163.51,2026-05-15 10:43
TR00002,11010,Deccan Express,Mumbai CST,Pune Jn,Lonavala,Pune Jn,377.85,89.95,32.84,0.11,25.1,1,1,25.42,0.338,0.24,323.87,89.68,0,1,377.1,2026-07-15 07:17
TR00003,12010,Shatabdi Express,Mumbai Central,Ahmedabad Jn,Vadodara,Ahmedabad Jn,319.02,76.94,31.87,0.429,34.6,1,4,4.9,0.252,7.87,273.44,68.05,1,0,314.4,2026-05-17 06:14
TR00004,12951,Mumbai Rajdhani,Mumbai Central,New Delhi,Mumbai Central,Surat,303.01,56.76,26.86,0.199,37.0,6,3,18.21,0.299,12.91,259.72,44.33,0,0,375.83,2026-08-16 12:15
TR00005,12622,Tamil Nadu Express,New Delhi,Chennai Central,Bhopal Jn,Nagpur,155.44,94.27,32.61,0.148,20.6,7,6,8.75,0.257,22.5,133.24,87.19,1,1,171.69,2026-05-04 09:51
TR00006,12295,Sanghamitra Express,Bengaluru,Patna Jn,Vijayawada,Gaya Jn,326.2,53.89,28.06,0.044,43.9,10,6,31.8,0.329,11.16,279.6,52.04,0,0,410.33,2026-06-20 16:50
TR00001,12123,Mumbai - Pune Express,Mumbai CST,Pune Jn,Kalyan,Karjat,349.91,68.19,18.39,0.068,27.7,13,4,16.78,0.195,6.47,299.92,67.64,0,0,333.46,2026-02-11 18:33
TR00002,11010,Deccan Express,Mumbai CST,Pune Jn,Lonavala,Pune Jn,359.38,77.73,13.72,0.108,17.0,0,3,2.69,0.073,28.59,308.04,90.07,0,0,284.9,2026-05-12 04:44
TR00003,12010,Shatabdi Express,Mumbai Central,Ahmedabad Jn,Vapi,Surat,252.97,98.82,12.35,0.062,42.4,2,0,15.09,0.147,20.54,216.83,91.26,0,0,165.48,2026-07-28 04:45
TR00004,12951,Mumbai Rajdhani,Mumbai Central,New Delhi,Surat,Vadodara,141.36,108.98,0.76,0.01,27.7,19,4,3.71,0.254,9.26,121.16,116.33,0,0,78.16,2026-01-09 20:18
TR00005,12622,Tamil Nadu Express,New Delhi,Chennai Central,New Delhi,Bhopal Jn,56.18,103.6,7.75,0.181,26.0,6,6,7.38,0.284,1.19,48.16,116.46,0,0,42.62,2026-03-31 06:42
TR00006,12295,Sanghamitra Express,Bengaluru,Patna Jn,Gaya Jn,Patna Jn,170.28,52.0,14.02,0.159,23.0,17,1,8.23,0.406,13.68,145.96,54.41,0,0,232.12,2026-06-21 20:52
TR00001,12123,Mumbai - Pune Express,Mumbai CST,Pune Jn,Kalyan,Karjat,263.17,29.81,5.77,0.492,36.4,12,1,14.75,0.096,9.0,225.57,35.91,0,0,591.52,2026-06-21 21:51
TR00002,11010,Deccan Express,Mumbai CST,Pune Jn,Dadar,Kalyan,161.19,59.67,36.19,0.393,45.6,16,3,8.02,0.614,3.02,138.16,66.74,0,0,223.85,2026-03-25 19:43
TR00003,12010,Shatabdi Express,Mumbai Central,Ahmedabad Jn,Surat,Vadodara,223.97,121.17,22.31,0.067,25.0,9,0,8.82,0.292,7.13,191.97,117.61,0,0,138.08,2026-04-13 11:18
TR00004,12951,Mumbai Rajdhani,Mumbai Central,New Delhi,Kota Jn,New Delhi,207.5,57.1,14.39,0.042,29.8,7,0,30.66,0.214,4.85,177.86,55.38,0,0,235.06,2026-06-29 10:55
TR00005,12622,Tamil Nadu Express,New Delhi,Chennai Central,Nagpur,Vijayawada,148.37,68.41,16.49,0.083,33.3,10,0,18.59,0.217,2.51,127.18,54.24,0,0,148.07,2026-03-21 12:28
TR00006,12295,Sanghamitra Express,Bengaluru,Patna Jn,Bengaluru,Guntakal Jn,58.84,85.05,32.23,0.155,21.1,5,5,29.18,0.279,10.46,50.43,84.28,0,1,75.5,2026-06-28 06:15
TR00001,12123,Mumbai - Pune Express,Mumbai CST,Pune Jn,Mumbai CST,Dadar,272.54,96.45,39.51,0.077,25.4,6,2,38.83,0.614,28.89,233.6,97.76,0,0,216.93,2026-06-30 09:36
TR00002,11010,Deccan Express,Mumbai CST,Pune Jn,Mumbai CST,Dadar,120.78,91.36,20.13,0.1,36.1,10,1,34.11,0.312,6.42,103.52,95.15,0,0,93.15,2026-03-10 11:33
TR00003,12010,Shatabdi Express,Mumbai Central,Ahmedabad Jn,Surat,Vadodara,78.73,56.97,16.89,0.224,32.4,1,2,5.67,0.314,1.51,67.48,51.29,0,0,97.94,2026-01-07 02:37
TR00004,12951,Mumbai Rajdhani,Mumbai Central,New Delhi,Vadodara,Kota Jn,443.88,78.17,43.59,0.042,17.7,4,0,40.45,0.781,20.35,380.47,72.45,0,0,451.96,2026-06-14 11:31
TR00005,12622,Tamil Nadu Express,New Delhi,Chennai Central,Bhopal Jn,Nagpur,206.79,55.13,31.23,0.087,21.4,2,2,21.74,0.309,10.88,177.25,58.34,0,0,260.36,2026-03-17 06:20
TR00006,12295,Sanghamitra Express,Bengaluru,Patna Jn,Bengaluru,Guntakal Jn,268.97,77.93,15.27,0.037,33.5,19,2,15.95,0.614,2.23,230.55,84.97,0,0,256.84,2026-04-14 23:16
TR00001,12123,Mumbai - Pune Express,Mumbai CST,Pune Jn,Kalyan,Karjat,164.35,108.91,17.53,0.374,32.2,12,5,1.42,0.295,1.56,140.87,105.42,0,0,118.47,2026-03-20 13:58
TR00002,11010,Deccan Express,Mumbai CST,Pune Jn,Dadar,Kalyan,267.36,79.1,16.27,0.141,34.2,7,0,28.35,0.53,5.77,229.17,78.75,0,0,258.62,2026-04-27 11:18
TR00003,12010,Shatabdi Express,Mumbai Central,Ahmedabad Jn,Borivali,Vapi,142.31,79.58,16.01,0.036,12.4,6,0,0.37,0.295,14.09,121.98,91.09,0,0,123.81,2026-08-12 08:03
TR00004,12951,Mumbai Rajdhani,Mumbai Central,New Delhi,Mumbai Central,Surat,151.76,109.92,21.18,0.006,32.7,21,5,26.8,0.144,18.06,130.08,107.87,0,0,93.08,2026-08-06 22:33
TR00005,12622,Tamil Nadu Express,New Delhi,Chennai Central,New Delhi,Bhopal Jn,371.2,54.06,14.96,0.145,24.1,13,3,11.52,0.356,15.58,318.17,51.48,0,0,468.19,2026-01-09 20:48
TR00006,12295,Sanghamitra Express,Bengaluru,Patna Jn,Gaya Jn,Patna Jn,190.18,49.08,24.19,0.195,29.7,9,3,12.33,0.428,2.41,163.01,56.37,0,0,282.58,2026-04-05 13:42
TR00001,12123,Mumbai - Pune Express,Mumbai CST,Pune Jn,Karjat,Lonavala,81.53,76.85,20.46,0.249,28.1,21,5,13.16,0.298,15.04,69.88,79.87,0,0,82.76,2026-03-09 22:22
TR00002,11010,Deccan Express,Mumbai CST,Pune Jn,Dadar,Kalyan,173.28,78.63,22.87,0.14,12.8,16,4,15.69,0.309,1.17,148.53,62.63,0,1,203.5,2026-04-26 19:23
TR00003,12010,Shatabdi Express,Mumbai Central,Ahmedabad Jn,Surat,Vadodara,181.01,77.75,14.15,0.182,23.8,21,5,13.31,0.112,10.94,155.15,79.32,0,0,155.75,2026-08-16 23:35
TR00004,12951,Mumbai Rajdhani,Mumbai Central,New Delhi,Vadodara,Kota Jn,206.68,51.72,31.88,0.313,29.6,21,3,12.87,0.628,1.91,177.15,58.66,0,0,318.41,2026-01-26 02:18
TR00005,12622,Tamil Nadu Express,New Delhi,Chennai Central,Bhopal Jn,Nagpur,218.84,83.93,9.63,0.264,25.8,10,1,11.06,0.118,12.82,187.58,84.62,0,0,167.65,2026-01-28 12:47
TR00006,12295,Sanghamitra Express,Bengaluru,Patna Jn,Bengaluru,Guntakal Jn,198.49,92.55,22.18,0.01,18.6,21,1,38.7,0.532,17.7,170.13,99.78,0,0,163.0,2026-01-04 23:43
TR00001,12123,Mumbai - Pune Express,Mumbai CST,Pune Jn,Karjat,Lonavala,188.66,67.05,36.42,0.448,21.3,0,3,24.41,0.143,40.75,161.71,58.87,1,0,221.13,2026-06-20 03:41
TR00002,11010,Deccan Express,Mumbai CST,Pune Jn,Lonavala,Pune Jn,244.26,95.57,25.47,0.659,25.8,8,4,6.86,0.378,4.87,209.36,91.69,0,0,209.53,2026-03-09 11:29
TR00003,12010,Shatabdi Express,Mumbai Central,Ahmedabad Jn,Borivali,Vapi,112.07,82.87,20.5,0.155,35.5,21,1,5.91,0.154,0.84,96.06,86.15,0,1,118.38,2026-08-11 22:58
TR00004,12951,Mumbai Rajdhani,Mumbai Central,New Delhi,Kota Jn,New Delhi,180.22,89.04,21.07,0.079,35.8,5,4,25.81,0.236,16.05,154.47,95.52,0,0,143.17,2026-06-07 07:23
TR00005,12622,Tamil Nadu Express,New Delhi,Chennai Central,Nagpur,Vijayawada,278.31,111.3,18.63,0.167,35.3,10,2,16.84,0.259,13.85,238.55,102.34,0,0,171.47,2026-05-10 12:51
TR00006,12295,Sanghamitra Express,Bengaluru,Patna Jn,Guntakal Jn,Vijayawada,192.9,57.03,17.04,0.28,29.1,2,6,25.22,0.324,6.67,165.34,45.27,0,0,238.48,2026-02-14 05:58
TR00001,12123,Mumbai - Pune Express,Mumbai CST,Pune Jn,Kalyan,Karjat,110.62,72.75,27.99,0.339,34.8,12,2,16.39,0.141,12.97,94.81,80.6,0,0,118.27,2026-08-15 13:58
TR00002,11010,Deccan Express,Mumbai CST,Pune Jn,Lonavala,Pune Jn,515.84,96.85,10.83,0.192,28.6,12,4,4.02,0.379,3.18,442.14,110.87,0,0,374.25,2026-08-05 18:14
TR00003,12010,Shatabdi Express,Mumbai Central,Ahmedabad Jn,Borivali,Vapi,139.41,70.47,23.66,0.253,37.8,15,6,12.87,0.112,10.61,119.49,90.02,0,1,170.35,2026-07-04 17:50
TR00004,12951,Mumbai Rajdhani,Mumbai Central,New Delhi,Surat,Vadodara,147.19,108.44,28.58,0.08,21.9,4,2,45.69,0.359,2.88,126.16,112.84,0,0,102.18,2026-03-13 05:42
TR00005,12622,Tamil Nadu Express,New Delhi,Chennai Central,Nagpur,Vijayawada,446.52,103.05,24.1,0.347,18.9,20,1,20.07,0.191,13.26,382.73,96.03,0,0,303.66,2026-05-31 01:03
TR00006,12295,Sanghamitra Express,Bengaluru,Patna Jn,Bengaluru,Guntakal Jn,138.46,37.57,10.82,0.17,33.6,12,2,15.82,0.252,7.73,118.68,33.65,0,0,245.15,2026-01-11 16:05
TR00001,12123,Mumbai - Pune Express,Mumbai CST,Pune Jn,Karjat,Lonavala,309.16,75.52,38.94,0.204,29.3,9,3,2.57,0.468,13.29,265.0,68.9,0,0,308.59,2026-06-12 14:08
TR00002,11010,Deccan Express,Mumbai CST,Pune Jn,Lonavala,Pune Jn,379.77,73.29,8.48,0.26,30.5,6,3,24.08,0.197,3.4,325.52,67.6,0,0,343.55,2026-08-01 11:43
TR00003,12010,Shatabdi Express,Mumbai Central,Ahmedabad Jn,Surat,Vadodara,158.87,89.32,44.88,0.035,34.6,9,1,15.29,0.556,6.69,136.17,82.32,1,0,152.24,2026-01-25 11:32
TR00004,12951,Mumbai Rajdhani,Mumbai Central,New Delhi,Vadodara,Kota Jn,167.16,35.42,35.97,0.206,31.6,7,1,34.08,0.22,3.27,143.28,40.75,0,1,413.11,2026-03-08 13:53
TR00005,12622,Tamil Nadu Express,New Delhi,Chennai Central,Nagpur,Vijayawada,220.77,32.97,23.74,0.258,28.3,4,5,4.57,0.489,2.78,189.23,28.02,0,0,491.99,2026-01-01 12:11
TR00006,12295,Sanghamitra Express,Bengaluru,Patna Jn,Bengaluru,Guntakal Jn,210.4,80.02,42.79,0.356,27.1,12,0,32.69,0.47,10.14,180.34,87.25,0,0,207.92,2026-04-10 15:27
TR00001,12123,Mumbai - Pune Express,Mumbai CST,Pune Jn,Mumbai CST,Dadar,234.15,85.21,13.45,0.13,29.1,14,4,11.8,0.11,6.64,200.7,71.81,0,0,183.06,2026-05-14 17:03
TR00002,11010,Deccan Express,Mumbai CST,Pune Jn,Mumbai CST,Dadar,191.29,86.03,29.6,0.22,23.7,11,0,2.15,0.346,11.37,163.96,88.44,0,1,210.64,2026-05-21 14:30
TR00003,12010,Shatabdi Express,Mumbai Central,Ahmedabad Jn,Borivali,Vapi,489.0,90.92,36.43,0.117,25.4,5,3,28.85,0.402,12.42,419.14,85.84,0,0,378.3,2026-08-09 11:18
TR00004,12951,Mumbai Rajdhani,Mumbai Central,New Delhi,Mumbai Central,Surat,385.67,31.84,28.34,0.1,36.4,6,3,16.0,0.63,31.33,330.57,32.92,0,0,886.92,2026-05-26 20:46
TR00005,12622,Tamil Nadu Express,New Delhi,Chennai Central,New Delhi,Bhopal Jn,128.44,67.38,35.42,0.342,37.0,22,3,25.14,0.496,8.01,110.09,64.51,0,0,153.31,2026-04-26 00:33
TR00006,12295,Sanghamitra Express,Bengaluru,Patna Jn,Bengaluru,Guntakal Jn,232.99,108.24,17.44,0.078,27.2,14,2,5.42,0.394,7.83,199.7,99.8,0,0,160.98,2026-08-21 16:40
TR00001,12123,Mumbai - Pune Express,Mumbai CST,Pune Jn,Kalyan,Karjat,210.59,95.39,20.71,0.372,24.3,5,3,19.56,0.425,5.57,180.5,89.16,0,0,168.46,2026-03-10 07:48
TR00002,11010,Deccan Express,Mumbai CST,Pune Jn,Lonavala,Pune Jn,191.99,37.04,16.04,0.364,18.5,9,3,0.15,0.501,4.59,164.56,31.04,0,0,381.26,2026-01-02 15:21
TR00003,12010,Shatabdi Express,Mumbai Central,Ahmedabad Jn,Vadodara,Ahmedabad Jn,212.21,74.21,13.49,0.18,21.0,0,0,13.17,0.28,13.14,181.89,78.79,0,0,192.35,2026-05-14 03:12
TR00004,12951,Mumbai Rajdhani,Mumbai Central,New Delhi,Mumbai Central,Surat,92.21,117.65,13.89,0.155,26.9,0,1,15.84,0.254,2.64,79.04,107.42,0,0,60.77,2026-07-30 01:00
TR00005,12622,Tamil Nadu Express,New Delhi,Chennai Central,Vijayawada,Chennai Central,537.37,79.48,7.75,0.161,25.6,19,2,18.95,0.089,8.68,460.61,74.4,0,0,432.45,2026-07-16 02:12
TR00006,12295,Sanghamitra Express,Bengaluru,Patna Jn,Gaya Jn,Patna Jn,203.42,106.81,20.19,0.234,21.7,22,5,1.97,0.337,1.53,174.36,124.2,0,0,132.55,2026-01-20 00:12
TR00001,12123,Mumbai - Pune Express,Mumbai CST,Pune Jn,Dadar,Kalyan,248.33,88.49,10.29,0.305,36.0,0,4,5.88,0.057,8.46,212.85,79.42,0,0,181.12,2026-08-24 03:01
TR00002,11010,Deccan Express,Mumbai CST,Pune Jn,Kalyan,Lonavala,320.16,75.8,10.34,0.486,30.1,14,0,2.04,0.138,3.73,274.43,69.03,0,0,281.45,2026-07-09 18:41
TR00003,12010,Shatabdi Express,Mumbai Central,Ahmedabad Jn,Vapi,Surat,404.58,85.3,13.87,0.122,21.6,21,2,10.03,0.231,5.69,346.78,84.25,0,0,316.63,2026-08-26 02:16
TR00004,12951,Mumbai Rajdhani,Mumbai Central,New Delhi,Surat,Vadodara,282.56,87.5,22.75,0.04,18.3,16,6,11.58,0.187,4.41,242.2,86.84,1,0,227.43,2026-06-21 19:47
TR00005,12622,Tamil Nadu Express,New Delhi,Chennai Central,New Delhi,Bhopal Jn,60.47,75.81,35.2,0.383,19.5,17,2,14.9,0.665,3.26,51.83,80.32,0,0,70.99,2026-02-10 18:10
TR00006,12295,Sanghamitra Express,Bengaluru,Patna Jn,Guntakal Jn,Vijayawada,372.26,49.73,34.28,0.121,26.6,6,5,37.73,0.507,4.33,319.08,68.21,0,0,541.19,2026-04-19 15:01
TR00001,12123,Mumbai - Pune Express,Mumbai CST,Pune Jn,Mumbai CST,Dadar,135.39,20.0,0.39,0.014,28.4,6,1,11.63,0.123,2.15,116.04,23.31,0,0,417.61,2026-06-03 12:57
TR00002,11010,Deccan Express,Mumbai CST,Pune Jn,Lonavala,Pune Jn,254.2,55.19,14.14,0.072,26.1,4,2,9.87,0.217,23.29,217.89,57.96,0,0,302.59,2026-06-04 09:02
TR00003,12010,Shatabdi Express,Mumbai Central,Ahmedabad Jn,Borivali,Vapi,98.24,29.46,26.11,0.197,37.3,15,0,40.59,0.305,9.16,84.2,32.96,0,0,237.11,2026-07-24 18:57
TR00004,12951,Mumbai Rajdhani,Mumbai Central,New Delhi,Mumbai Central,Surat,140.5,44.02,18.64,0.123,33.0,15,1,3.57,0.534,5.22,120.43,46.53,0,0,232.57,2026-04-11 18:52
TR00005,12622,Tamil Nadu Express,New Delhi,Chennai Central,New Delhi,Bhopal Jn,286.74,69.87,30.32,0.268,34.2,11,6,4.83,0.079,13.21,245.78,78.28,1,0,291.93,2026-01-08 15:51
TR00006,12295,Sanghamitra Express,Bengaluru,Patna Jn,Bengaluru,Guntakal Jn,432.06,52.72,15.64,0.092,38.9,10,3,19.64,0.063,0.28,370.34,54.03,0,0,512.62,2026-02-09 18:32
TR00001,12123,Mumbai - Pune Express,Mumbai CST,Pune Jn,Lonavala,Pune Jn,159.86,61.65,10.91,0.162,24.5,13,0,20.49,0.181,3.12,137.03,56.65,0,0,174.38,2026-04-07 15:54
TR00002,11010,Deccan Express,Mumbai CST,Pune Jn,Dadar,Kalyan,230.63,89.26,14.97,0.324,32.5,16,1,9.33,0.139,0.61,197.68,86.08,0,0,176.09,2026-05-06 18:56
TR00003,12010,Shatabdi Express,Mumbai Central,Ahmedabad Jn,Vadodara,Ahmedabad Jn,284.73,57.17,16.64,0.122,26.2,14,2,35.67,0.185,8.87,244.05,58.1,0,0,325.96,2026-06-25 19:25
TR00004,12951,Mumbai Rajdhani,Mumbai Central,New Delhi,Mumbai Central,Surat,229.23,97.43,30.77,0.224,20.1,19,6,2.66,0.32,20.47,196.48,99.4,0,1,223.87,2026-08-03 22:43
TR00005,12622,Tamil Nadu Express,New Delhi,Chennai Central,Vijayawada,Chennai Central,417.24,117.09,11.74,0.019,20.0,12,4,6.05,0.448,17.29,357.63,125.89,0,0,248.84,2026-01-15 16:08
TR00006,12295,Sanghamitra Express,Bengaluru,Patna Jn,Bengaluru,Guntakal Jn,117.17,72.81,18.91,0.005,26.9,20,0,1.76,0.292,4.1,100.43,69.32,1,0,125.76,2026-05-13 22:05
TR00001,12123,Mumbai - Pune Express,Mumbai CST,Pune Jn,Karjat,Lonavala,107.06,47.19,27.13,0.19,33.2,21,2,17.4,0.504,15.38,91.77,63.9,0,0,179.02,2026-05-30 23:59
TR00002,11010,Deccan Express,Mumbai CST,Pune Jn,Dadar,Kalyan,370.88,20.0,23.57,0.335,25.0,5,3,24.93,0.168,22.27,317.89,20.26,0,0,1229.57,2026-06-28 01:29
TR00003,12010,Shatabdi Express,Mumbai Central,Ahmedabad Jn,Vapi,Surat,342.75,95.56,22.35,0.828,31.1,10,3,7.8,0.234,0.08,293.79,97.58,0,0,276.95,2026-01-29 14:36
TR00004,12951,Mumbai Rajdhani,Mumbai Central,New Delhi,Kota Jn,New Delhi,531.39,82.96,8.76,0.079,32.3,6,1,12.17,0.391,2.67,455.48,79.05,0,0,435.86,2026-01-26 13:15
TR00005,12622,Tamil Nadu Express,New Delhi,Chennai Central,Vijayawada,Chennai Central,294.39,100.68,30.65,0.154,15.6,17,0,49.06,0.262,6.2,252.33,93.85,0,0,201.86,2026-08-07 20:21
TR00006,12295,Sanghamitra Express,Bengaluru,Patna Jn,Gaya Jn,Patna Jn,310.88,75.09,20.81,0.166,31.8,23,5,27.84,0.169,7.4,266.47,77.15,0,0,278.32,2026-04-25 03:38
TR00001,12123,Mumbai - Pune Express,Mumbai CST,Pune Jn,Lonavala,Pune Jn,82.09,30.49,15.82,0.077,22.8,13,3,17.97,0.31,9.76,70.36,20.0,0,0,185.52,2026-03-06 16:05
TR00002,11010,Deccan Express,Mumbai CST,Pune Jn,Dadar,Kalyan,254.03,66.64,13.46,0.164,37.6,6,5,4.14,0.108,6.12,217.74,61.09,0,0,256.5,2026-08-21 10:16
TR00003,12010,Shatabdi Express,Mumbai Central,Ahmedabad Jn,Surat,Vadodara,314.5,68.73,12.95,0.132,32.6,13,5,13.47,0.046,21.22,269.57,76.93,0,0,293.86,2026-04-30 17:53
TR00004,12951,Mumbai Rajdhani,Mumbai Central,New Delhi,Vadodara,Kota Jn,404.28,74.1,29.51,0.218,23.9,18,0,10.09,0.65,3.38,346.52,63.7,0,1,561.65,2026-01-20 03:21
TR00005,12622,Tamil Nadu Express,New Delhi,Chennai Central,Bhopal Jn,Nagpur,380.87,114.08,23.57,0.076,29.5,5,2,1.65,0.108,8.76,326.46,123.26,1,0,235.62,2026-02-10 08:55
TR00006,12295,Sanghamitra Express,Bengaluru,Patna Jn,Bengaluru,Guntakal Jn,468.18,56.52,35.43,0.095,28.2,15,3,23.67,0.602,2.39,401.3,54.72,0,0,617.2,2026-06-17 01:17
TR00001,12123,Mumbai - Pune Express,Mumbai CST,Pune Jn,Kalyan,Karjat,352.72,85.39,19.32,0.306,28.1,19,1,41.65,0.04,2.29,302.33,78.87,0,0,275.2,2026-07-11 23:35
TR00002,11010,Deccan Express,Mumbai CST,Pune Jn,Mumbai CST,Dadar,254.25,85.75,41.3,0.476,13.1,4,4,42.17,0.388,22.79,217.93,79.49,0,0,238.92,2026-07-21 07:58
TR00003,12010,Shatabdi Express,Mumbai Central,Ahmedabad Jn,Borivali,Vapi,98.22,67.3,34.05,0.307,22.0,15,2,17.97,0.46,12.21,84.18,65.84,0,0,121.75,2026-01-28 17:01
TR00004,12951,Mumbai Rajdhani,Mumbai Central,New Delhi,Vadodara,Kota Jn,86.78,34.82,20.53,0.03,26.9,17,3,27.77,0.304,2.52,74.38,23.65,0,0,174.21,2026-01-17 19:54
TR00005,12622,Tamil Nadu Express,New Delhi,Chennai Central,Bhopal Jn,Nagpur,191.06,54.13,31.43,0.008,33.0,17,1,34.71,0.357,3.76,163.76,59.89,0,0,246.91,2026-05-28 21:06
TR00006,12295,Sanghamitra Express,Bengaluru,Patna Jn,Guntakal Jn,Vijayawada,50.77,45.43,45.48,0.081,36.4,1,6,27.03,0.207,11.9,43.51,47.1,1,0,105.76,2026-08-06 02:45
TR00001,12123,Mumbai - Pune Express,Mumbai CST,Pune Jn,Dadar,Kalyan,208.08,107.22,15.24,0.107,24.4,13,6,20.86,0.364,4.8,178.35,107.85,0,0,142.18,2026-05-14 15:22
TR00002,11010,Deccan Express,Mumbai CST,Pune Jn,Lonavala,Pune Jn,134.53,91.75,24.31,0.411,30.8,21,3,16.41,0.039,4.3,115.31,92.34,0,0,101.52,2026-07-10 22:41
TR00003,12010,Shatabdi Express,Mumbai Central,Ahmedabad Jn,Vadodara,Ahmedabad Jn,109.67,130.0,28.6,0.161,26.4,15,3,21.63,0.599,7.67,94.0,130.0,0,0,84.83,2026-02-19 16:24
TR00004,12951,Mumbai Rajdhani,Mumbai Central,New Delhi,Surat,Vadodara,170.96,99.84,14.7,0.422,29.1,19,2,6.45,0.353,5.75,146.54,93.7,0,0,135.23,2026-01-29 21:15
TR00005,12622,Tamil Nadu Express,New Delhi,Chennai Central,Bhopal Jn,Nagpur,354.12,92.79,20.99,0.097,25.4,11,5,11.8,0.072,11.84,303.53,88.08,0,1,310.5,2026-03-10 16:10
TR00006,12295,Sanghamitra Express,Bengaluru,Patna Jn,Gaya Jn,Patna Jn,583.09,53.05,12.04,0.423,13.8,17,3,7.78,0.071,7.53,499.79,38.07,0,0,718.86,2026-05-13 04:58
TR00001,12123,Mumbai - Pune Express,Mumbai CST,Pune Jn,Kalyan,Karjat,335.5,73.42,26.52,0.083,22.6,6,1,6.3,0.019,9.51,287.57,68.21,0,1,364.52,2026-03-13 12:04
TR00002,11010,Deccan Express,Mumbai CST,Pune Jn,Mumbai CST,Dadar,194.56,75.22,40.7,0.061,21.3,15,0,29.13,0.544,7.91,166.76,77.23,0,0,200.02,2026-01-07 18:20
TR00003,12010,Shatabdi Express,Mumbai Central,Ahmedabad Jn,Vapi,Surat,316.67,56.3,14.43,0.153,34.7,16,6,12.37,0.077,15.24,271.43,71.67,0,0,366.71,2026-02-23 22:06
TR00004,12951,Mumbai Rajdhani,Mumbai Central,New Delhi,Kota Jn,New Delhi,172.91,68.22,26.33,0.098,34.0,23,4,27.5,0.213,8.08,148.21,72.17,0,0,174.09,2026-07-16 01:54
TR00005,12622,Tamil Nadu Express,New Delhi,Chennai Central,New Delhi,Bhopal Jn,166.78,112.17,18.88,0.131,35.0,9,2,4.69,0.134,3.61,142.95,123.93,0,0,102.41,2026-03-20 10:42
TR00006,12295,Sanghamitra Express,Bengaluru,Patna Jn,Vijayawada,Gaya Jn,171.12,89.79,25.07,0.081,31.0,15,2,24.6,0.32,5.76,146.68,93.58,0,0,133.23,2026-05-10 17:13
TR00001,12123,Mumbai - Pune Express,Mumbai CST,Pune Jn,Kalyan,Karjat,250.2,67.34,23.31,0.416,18.7,1,4,25.78,0.301,2.92,214.46,63.97,0,0,271.82,2026-07-13 05:31
TR00002,11010,Deccan Express,Mumbai CST,Pune Jn,Mumbai CST,Dadar,110.07,73.48,29.21,0.164,38.6,16,0,39.31,0.424,0.76,94.35,72.62,0,0,117.9,2026-03-16 17:57
TR00003,12010,Shatabdi Express,Mumbai Central,Ahmedabad Jn,Vadodara,Ahmedabad Jn,166.0,58.72,10.88,0.142,36.3,2,4,5.13,0.163,4.52,142.29,58.12,0,0,183.22,2026-02-25 05:03
TR00004,12951,Mumbai Rajdhani,Mumbai Central,New Delhi,Mumbai Central,Surat,131.49,20.0,8.03,0.26,28.2,2,2,14.58,0.348,4.87,112.7,35.82,0,0,450.12,2026-07-09 09:30
TR00005,12622,Tamil Nadu Express,New Delhi,Chennai Central,Nagpur,Vijayawada,90.87,82.03,25.42,0.036,39.5,14,5,22.22,0.455,7.67,77.89,75.07,0,0,91.21,2026-08-19 15:31
TR00006,12295,Sanghamitra Express,Bengaluru,Patna Jn,Vijayawada,Gaya Jn,300.9,49.44,26.05,0.443,31.0,0,3,18.57,0.202,2.24,257.91,41.98,0,0,427.07,2026-05-19 07:07
TR00001,12123,Mumbai - Pune Express,Mumbai CST,Pune Jn,Mumbai CST,Dadar,244.99,28.81,35.14,0.484,18.3,1,1,18.23,0.396,3.6,209.99,30.39,1,0,642.91,2026-04-21 11:42
TR00002,11010,Deccan Express,Mumbai CST,Pune Jn,Mumbai CST,Dadar,171.8,58.79,22.41,0.177,33.6,22,3,4.99,0.164,17.29,147.25,64.21,0,0,198.96,2026-04-25 01:18
TR00003,12010,Shatabdi Express,Mumbai Central,Ahmedabad Jn,Mumbai Central,Borivali,517.42,75.82,11.68,0.198,31.2,13,1,7.89,0.23,0.66,443.5,66.15,0,0,450.53,2026-02-05 20:30
TR00004,12951,Mumbai Rajdhani,Mumbai Central,New Delhi,Vadodara,Kota Jn,290.19,67.78,28.28,0.173,34.9,3,2,21.41,0.236,6.03,248.73,64.74,0,1,372.15,2026-07-02 09:12
TR00005,12622,Tamil Nadu Express,New Delhi,Chennai Central,Nagpur,Vijayawada,417.81,108.52,16.98,0.422,22.4,16,2,21.18,0.229,14.39,358.12,102.93,0,0,270.21,2026-07-27 20:30
TR00006,12295,Sanghamitra Express,Bengaluru,Patna Jn,Vijayawada,Gaya Jn,154.23,69.96,44.12,0.281,25.2,3,5,21.4,0.572,3.54,132.19,67.49,0,1,237.69,2026-03-31 06:57
TR00001,12123,Mumbai - Pune Express,Mumbai CST,Pune Jn,Kalyan,Karjat,187.73,61.45,18.96,0.375,25.3,10,2,13.38,0.296,6.67,160.91,54.48,0,0,220.44,2026-08-11 13:40
TR00002,11010,Deccan Express,Mumbai CST,Pune Jn,Lonavala,Pune Jn,282.0,54.44,39.02,0.073,36.3,23,5,19.73,0.446,11.99,241.71,61.3,0,0,367.16,2026-04-29 05:07
TR00003,12010,Shatabdi Express,Mumbai Central,Ahmedabad Jn,Vadodara,Ahmedabad Jn,126.85,53.55,28.87,0.461,21.5,2,5,28.38,0.405,10.68,108.73,55.06,0,0,180.49,2026-01-21 05:00
TR00004,12951,Mumbai Rajdhani,Mumbai Central,New Delhi,Surat,Vadodara,280.01,73.24,16.52,0.22,28.3,15,4,18.32,0.375,7.98,240.01,85.28,0,0,265.63,2026-08-23 19:25
TR00005,12622,Tamil Nadu Express,New Delhi,Chennai Central,Vijayawada,Chennai Central,142.49,79.1,40.05,0.103,17.9,8,4,36.6,0.227,15.34,122.13,82.4,1,0,144.91,2026-07-17 10:24
TR00006,12295,Sanghamitra Express,Bengaluru,Patna Jn,Bengaluru,Guntakal Jn,118.82,52.62,15.83,0.29,27.5,5,2,7.35,0.223,18.02,101.84,47.02,0,0,165.11,2026-05-23 07:45
TR00001,12123,Mumbai - Pune Express,Mumbai CST,Pune Jn,Kalyan,Karjat,313.03,74.08,26.02,0.337,30.9,1,2,12.45,0.381,11.67,268.31,73.42,0,0,312.91,2026-05-12 06:12
TR00002,11010,Deccan Express,Mumbai CST,Pune Jn,Kalyan,Lonavala,209.14,23.8,19.78,0.227,15.6,6,6,6.44,0.348,6.21,179.26,20.0,0,0,612.94,2026-02-16 16:12
TR00003,12010,Shatabdi Express,Mumbai Central,Ahmedabad Jn,Borivali,Vapi,176.69,78.96,26.45,0.155,28.8,5,0,11.95,0.22,6.21,151.45,86.55,1,0,166.29,2026-01-25 07:46
TR00004,12951,Mumbai Rajdhani,Mumbai Central,New Delhi,Mumbai Central,Surat,143.59,42.3,15.85,0.019,27.7,5,2,13.34,0.187,17.6,123.08,50.98,0,0,220.77,2026-06-29 08:40
TR00005,12622,Tamil Nadu Express,New Delhi,Chennai Central,Vijayawada,Chennai Central,308.15,30.1,30.96,0.251,23.3,19,2,24.02,0.364,14.0,264.13,41.55,0,0,723.33,2026-06-08 07:03
TR00006,12295,Sanghamitra Express,Bengaluru,Patna Jn,Guntakal Jn,Vijayawada,163.67,86.52,1.02,0.182,25.3,12,3,15.91,0.201,3.43,140.29,76.03,0,0,126.01,2026-02-03 14:06
TR00001,12123,Mumbai - Pune Express,Mumbai CST,Pune Jn,Dadar,Kalyan,319.01,103.0,9.7,0.331,18.8,5,6,33.85,0.096,1.7,273.43,114.85,0,0,200.33,2026-01-09 08:20
TR00002,11010,Deccan Express,Mumbai CST,Pune Jn,Lonavala,Pune Jn,278.49,100.49,11.97,0.189,34.9,21,2,18.18,0.225,10.49,238.71,111.36,0,0,184.34,2026-07-29 00:04
TR00003,12010,Shatabdi Express,Mumbai Central,Ahmedabad Jn,Vadodara,Ahmedabad Jn,116.08,67.19,19.39,0.153,17.3,0,2,20.94,0.446,5.58,99.49,68.25,0,0,131.88,2026-03-06 02:11
TR00004,12951,Mumbai Rajdhani,Mumbai Central,New Delhi,Kota Jn,New Delhi,278.53,75.16,13.08,0.083,23.7,9,5,10.25,0.342,6.31,238.74,80.47,0,0,255.69,2026-06-10 13:15
TR00005,12622,Tamil Nadu Express,New Delhi,Chennai Central,Nagpur,Vijayawada,128.5,119.78,35.61,0.073,34.1,20,6,33.59,0.256,21.84,110.15,114.82,0,1,110.56,2026-08-27 21:50
TR00006,12295,Sanghamitra Express,Bengaluru,Patna Jn,Bengaluru,Guntakal Jn,123.6,75.88,41.45,0.041,38.5,1,6,16.4,0.628,10.6,105.94,77.66,0,1,177.91,2026-03-10 03:57
TR00001,12123,Mumbai - Pune Express,Mumbai CST,Pune Jn,Dadar,Kalyan,237.36,67.28,15.1,0.145,33.2,23,6,19.1,0.273,2.92,203.45,52.63,0,0,233.06,2026-05-28 02:53
TR00002,11010,Deccan Express,Mumbai CST,Pune Jn,Kalyan,Lonavala,161.83,49.7,3.01,0.149,26.8,20,0,7.12,0.021,19.3,138.71,39.1,0,0,205.52,2026-03-12 23:25
TR00003,12010,Shatabdi Express,Mumbai Central,Ahmedabad Jn,Borivali,Vapi,74.36,54.52,37.85,0.143,13.7,20,4,48.9,0.455,5.34,63.74,48.2,0,0,115.14,2026-07-12 21:55
TR00004,12951,Mumbai Rajdhani,Mumbai Central,New Delhi,Vadodara,Kota Jn,128.34,75.1,16.21,0.048,23.1,2,5,16.55,0.246,0.95,110.0,65.96,0,0,125.65,2026-02-22 04:05
TR00005,12622,Tamil Nadu Express,New Delhi,Chennai Central,Vijayawada,Chennai Central,361.75,71.06,20.02,0.314,39.1,0,4,21.54,0.342,5.99,310.07,60.89,0,0,359.43,2026-05-19 05:59
TR00006,12295,Sanghamitra Express,Bengaluru,Patna Jn,Gaya Jn,Patna Jn,340.76,69.51,15.86,0.349,25.1,19,1,13.42,0.531,5.3,292.08,65.34,0,0,371.9,2026-08-24 01:11
TR00001,12123,Mumbai - Pune Express,Mumbai CST,Pune Jn,Lonavala,Pune Jn,229.74,61.32,21.58,0.236,30.1,2,6,17.96,0.399,6.02,196.92,70.19,0,0,268.09,2026-01-24 06:28
TR00002,11010,Deccan Express,Mumbai CST,Pune Jn,Dadar,Kalyan,189.0,100.33,30.53,0.268,21.7,2,6,12.12,0.707,19.81,162.0,107.38,0,0,160.36,2026-07-08 04:40
TR00003,12010,Shatabdi Express,Mumbai Central,Ahmedabad Jn,Vadodara,Ahmedabad Jn,196.93,92.35,33.91,0.253,32.2,11,2,33.55,0.241,9.86,168.8,88.93,0,1,200.68,2026-01-02 14:20
TR00004,12951,Mumbai Rajdhani,Mumbai Central,New Delhi,Kota Jn,New Delhi,409.05,75.28,12.76,0.216,30.3,16,5,23.25,0.056,1.94,350.62,85.09,0,0,349.39,2026-06-08 21:49
TR00005,12622,Tamil Nadu Express,New Delhi,Chennai Central,Bhopal Jn,Nagpur,231.79,78.12,10.15,0.151,29.5,9,2,21.02,0.238,9.56,198.67,74.28,0,0,196.68,2026-03-25 12:16
TR00006,12295,Sanghamitra Express,Bengaluru,Patna Jn,Guntakal Jn,Vijayawada,209.91,42.34,4.2,0.159,33.9,5,4,10.46,0.404,11.63,179.92,37.06,0,0,340.8,2026-06-16 10:40
TR00001,12123,Mumbai - Pune Express,Mumbai CST,Pune Jn,Mumbai CST,Dadar,94.9,69.76,3.88,0.052,21.0,0,3,4.46,0.338,9.98,81.34,70.36,0,0,88.97,2026-06-24 01:28
TR00002,11010,Deccan Express,Mumbai CST,Pune Jn,Mumbai CST,Dadar,208.64,84.0,25.44,0.103,33.9,10,6,7.95,0.353,9.55,178.84,78.82,0,1,226.93,2026-05-13 13:46
TR00003,12010,Shatabdi Express,Mumbai Central,Ahmedabad Jn,Vapi,Surat,180.34,64.43,47.03,0.217,30.3,14,3,47.03,0.484,4.76,154.57,74.3,0,0,221.33,2026-03-17 17:41
TR00004,12951,Mumbai Rajdhani,Mumbai Central,New Delhi,Mumbai Central,Surat,193.63,93.06,16.67,0.141,28.1,11,4,6.41,0.208,12.66,165.96,99.5,0,0,147.34,2026-02-11 13:27
TR00005,12622,Tamil Nadu Express,New Delhi,Chennai Central,Vijayawada,Chennai Central,115.42,84.66,26.94,0.425,40.9,18,1,10.0,0.558,1.01,98.93,85.44,0,0,113.56,2026-03-05 19:53
TR00006,12295,Sanghamitra Express,Bengaluru,Patna Jn,Guntakal Jn,Vijayawada,119.88,37.49,14.48,0.072,26.6,1,3,26.62,0.114,5.05,102.76,34.96,0,0,207.23,2026-05-31 04:27
TR00001,12123,Mumbai - Pune Express,Mumbai CST,Pune Jn,Lonavala,Pune Jn,459.16,86.07,17.22,0.098,24.5,13,5,8.01,0.463,5.91,393.57,91.72,0,0,388.48,2026-05-12 19:28
TR00002,11010,Deccan Express,Mumbai CST,Pune Jn,Dadar,Kalyan,86.46,125.08,29.02,0.344,28.1,3,1,3.28,0.375,5.38,74.11,124.67,0,1,79.78,2026-07-09 04:19
TR00003,12010,Shatabdi Express,Mumbai Central,Ahmedabad Jn,Surat,Vadodara,257.97,66.89,16.68,0.01,6.2,14,3,24.32,0.482,7.87,221.12,56.89,0,0,268.81,2026-06-19 18:28
TR00004,12951,Mumbai Rajdhani,Mumbai Central,New Delhi,Mumbai Central,Surat,364.86,81.21,15.18,0.296,38.9,1,6,4.45,0.34,14.62,312.73,81.12,0,0,312.81,2026-08-28 06:12
TR00005,12622,Tamil Nadu Express,New Delhi,Chennai Central,Vijayawada,Chennai Central,325.41,64.26,20.67,0.497,28.8,12,3,4.26,0.098,3.2,278.92,66.17,0,0,344.03,2026-08-28 17:44
TR00006,12295,Sanghamitra Express,Bengaluru,Patna Jn,Bengaluru,Guntakal Jn,152.23,71.73,7.92,0.219,23.1,0,5,10.74,0.112,22.54,130.48,78.53,0,0,138.01,2026-07-04 02:18
TR00001,12123,Mumbai - Pune Express,Mumbai CST,Pune Jn,Karjat,Lonavala,445.74,58.35,18.07,0.106,13.3,1,5,10.42,0.078,9.04,382.07,56.42,1,0,498.1,2026-02-21 09:18
TR00002,11010,Deccan Express,Mumbai CST,Pune Jn,Kalyan,Lonavala,207.96,58.45,33.73,0.472,29.7,22,2,4.68,0.254,7.98,178.25,49.87,0,0,265.29,2026-01-03 02:25
TR00003,12010,Shatabdi Express,Mumbai Central,Ahmedabad Jn,Borivali,Vapi,297.9,52.99,26.46,0.282,27.1,1,1,32.76,0.401,17.69,255.34,43.67,0,0,407.71,2026-01-22 07:47
TR00004,12951,Mumbai Rajdhani,Mumbai Central,New Delhi,Surat,Vadodara,133.97,83.51,19.14,0.026,28.9,7,4,34.57,0.057,13.5,114.83,76.72,0,0,109.29,2026-06-15 08:49
TR00005,12622,Tamil Nadu Express,New Delhi,Chennai Central,Nagpur,Vijayawada,216.76,53.47,27.26,0.397,32.0,20,3,13.12,0.478,16.81,185.79,40.33,0,0,307.83,2026-06-11 01:07
TR00006,12295,Sanghamitra Express,Bengaluru,Patna Jn,Guntakal Jn,Vijayawada,52.4,65.19,32.19,0.156,31.8,21,3,9.6,0.467,8.87,44.92,67.21,0,1,89.67,2026-05-11 22:29
TR00001,12123,Mumbai - Pune Express,Mumbai CST,Pune Jn,Mumbai CST,Dadar,324.4,56.56,12.06,0.239,23.0,0,0,9.58,0.231,12.92,278.06,57.4,0,0,384.58,2026-05-24 06:24
TR00002,11010,Deccan Express,Mumbai CST,Pune Jn,Mumbai CST,Dadar,160.72,100.03,24.57,0.12,36.2,22,3,18.06,0.378,15.62,137.76,107.48,0,0,120.21,2026-05-05 00:00
TR00003,12010,Shatabdi Express,Mumbai Central,Ahmedabad Jn,Borivali,Vapi,207.33,75.33,49.55,0.328,23.2,17,3,48.51,0.192,5.13,177.71,67.35,1,0,213.8,2026-06-07 20:33
TR00004,12951,Mumbai Rajdhani,Mumbai Central,New Delhi,Surat,Vadodara,314.36,72.93,12.2,0.068,25.2,0,1,4.95,0.27,6.85,269.45,66.08,0,0,285.17,2026-04-24 04:45
TR00005,12622,Tamil Nadu Express,New Delhi,Chennai Central,Nagpur,Vijayawada,388.31,85.91,1.29,0.059,28.6,14,2,4.79,0.084,5.31,332.83,81.41,0,0,281.67,2026-03-17 18:41
TR00006,12295,Sanghamitra Express,Bengaluru,Patna Jn,Vijayawada,Gaya Jn,352.57,76.75,60.69,0.468,21.6,1,4,49.2,0.2,1.58,302.21,66.16,1,1,446.53,2026-01-21 08:26
TR00001,12123,Mumbai - Pune Express,Mumbai CST,Pune Jn,Kalyan,Karjat,98.16,52.22,32.31,0.024,19.4,3,3,16.18,0.337,19.51,84.14,47.47,1,0,146.61,2026-05-12 05:26
TR00002,11010,Deccan Express,Mumbai CST,Pune Jn,Kalyan,Lonavala,214.29,65.49,19.87,0.071,30.6,5,0,2.49,0.23,2.71,183.67,70.57,0,0,218.04,2026-02-03 08:38
TR00003,12010,Shatabdi Express,Mumbai Central,Ahmedabad Jn,Mumbai Central,Borivali,346.21,73.26,25.33,0.352,29.2,7,3,7.54,0.32,15.53,296.75,64.51,0,0,338.77,2026-05-01 12:38
TR00004,12951,Mumbai Rajdhani,Mumbai Central,New Delhi,Kota Jn,New Delhi,127.85,88.17,1.07,0.076,14.1,2,3,1.86,0.061,24.51,109.59,90.19,0,0,89.9,2026-06-04 03:29
TR00005,12622,Tamil Nadu Express,New Delhi,Chennai Central,Bhopal Jn,Nagpur,127.52,124.87,41.47,0.204,25.4,19,6,40.37,0.34,1.57,109.3,124.06,1,0,101.46,2026-03-20 20:41
TR00006,12295,Sanghamitra Express,Bengaluru,Patna Jn,Gaya Jn,Patna Jn,217.97,69.92,23.73,0.028,39.4,3,5,5.18,0.54,8.26,186.83,72.77,0,0,232.75,2026-05-14 06:52
TR00001,12123,Mumbai - Pune Express,Mumbai CST,Pune Jn,Lonavala,Pune Jn,344.45,89.96,13.11,0.525,28.8,23,2,9.88,0.176,12.01,295.25,94.76,0,0,278.16,2026-01-26 03:38
TR00002,11010,Deccan Express,Mumbai CST,Pune Jn,Kalyan,Lonavala,237.24,74.62,11.62,0.089,29.8,8,6,2.06,0.239,1.26,203.35,74.37,0,0,213.87,2026-07-01 11:33
TR00003,12010,Shatabdi Express,Mumbai Central,Ahmedabad Jn,Mumbai Central,Borivali,351.21,52.95,24.43,0.336,27.3,15,6,5.11,0.431,6.67,301.04,64.8,0,0,479.73,2026-05-02 22:59
TR00004,12951,Mumbai Rajdhani,Mumbai Central,New Delhi,Kota Jn,New Delhi,165.03,65.85,18.62,0.003,22.4,17,2,1.97,0.38,17.74,141.45,65.37,0,0,176.97,2026-04-29 19:56
TR00005,12622,Tamil Nadu Express,New Delhi,Chennai Central,Bhopal Jn,Nagpur,93.0,56.02,26.13,0.034,28.1,12,0,13.35,0.447,27.44,79.71,54.46,0,0,131.47,2026-06-03 14:11
TR00006,12295,Sanghamitra Express,Bengaluru,Patna Jn,Bengaluru,Guntakal Jn,555.06,66.55,20.29,0.08,29.0,5,5,8.63,0.243,1.12,475.76,69.57,0,0,548.26,2026-04-01 14:08
TR00001,12123,Mumbai - Pune Express,Mumbai CST,Pune Jn,Karjat,Lonavala,510.4,34.05,36.47,0.19,16.8,23,1,45.09,0.357,21.17,437.49,30.85,0,0,1034.08,2026-02-03 16:14
TR00002,11010,Deccan Express,Mumbai CST,Pune Jn,Mumbai CST,Dadar,280.95,96.33,22.09,0.015,14.4,20,0,7.34,0.792,5.17,240.81,99.78,0,0,234.49,2026-04-26 23:54
TR00003,12010,Shatabdi Express,Mumbai Central,Ahmedabad Jn,Vadodara,Ahmedabad Jn,157.4,61.69,13.57,0.039,23.8,13,4,11.84,0.194,4.16,134.91,58.17,0,0,161.6,2026-01-03 15:41
TR00004,12951,Mumbai Rajdhani,Mumbai Central,New Delhi,Mumbai Central,Surat,140.48,94.74,8.36,0.051,29.6,14,6,23.68,0.109,2.53,120.41,103.29,0,0,92.6,2026-07-28 15:32
TR00005,12622,Tamil Nadu Express,New Delhi,Chennai Central,Bhopal Jn,Nagpur,141.63,69.33,34.56,0.264,24.6,16,4,2.36,0.469,16.89,121.4,71.75,0,0,159.45,2026-06-15 18:39
TR00006,12295,Sanghamitra Express,Bengaluru,Patna Jn,Vijayawada,Gaya Jn,175.6,71.95,17.37,0.342,29.5,0,1,14.87,0.239,8.13,150.51,86.24,0,0,165.85,2026-01-22 02:45
TR00001,12123,Mumbai - Pune Express,Mumbai CST,Pune Jn,Dadar,Kalyan,383.75,20.0,26.03,0.252,27.7,3,5,8.64,0.138,8.48,328.93,23.97,0,1,1594.7,2026-02-19 05:34
TR00002,11010,Deccan Express,Mumbai CST,Pune Jn,Lonavala,Pune Jn,189.02,79.34,29.58,0.176,34.7,14,6,58.8,0.174,2.64,162.02,85.3,0,0,172.33,2026-07-10 16:52
TR00003,12010,Shatabdi Express,Mumbai Central,Ahmedabad Jn,Vapi,Surat,279.76,45.66,19.95,0.09,30.3,2,0,10.11,0.326,7.78,239.79,56.15,0,0,412.32,2026-02-24 08:52
TR00004,12951,Mumbai Rajdhani,Mumbai Central,New Delhi,Surat,Vadodara,271.28,82.03,18.21,0.081,26.3,12,4,6.25,0.321,5.14,232.52,76.0,0,0,232.05,2026-04-22 15:52
TR00005,12622,Tamil Nadu Express,New Delhi,Chennai Central,Bhopal Jn,Nagpur,396.71,110.49,25.54,0.193,29.9,2,1,18.9,0.561,4.26,340.04,108.82,0,1,353.2,2026-06-06 07:53
TR00006,12295,Sanghamitra Express,Bengaluru,Patna Jn,Bengaluru,Guntakal Jn,142.2,81.86,8.16,0.367,18.5,15,5,6.13,0.04,3.43,121.89,80.05,0,0,118.9,2026-02-08 16:58
TR00001,12123,Mumbai - Pune Express,Mumbai CST,Pune Jn,Kalyan,Karjat,272.99,93.28,20.49,0.084,32.6,14,6,19.12,0.285,0.92,233.99,97.37,0,0,197.3,2026-06-12 17:17
TR00002,11010,Deccan Express,Mumbai CST,Pune Jn,Dadar,Kalyan,397.06,76.55,26.48,0.397,25.5,1,2,18.38,0.268,4.58,340.33,63.56,0,1,472.07,2026-08-06 08:52
TR00003,12010,Shatabdi Express,Mumbai Central,Ahmedabad Jn,Borivali,Vapi,133.6,63.76,19.81,0.088,18.5,19,0,9.36,0.411,20.33,114.51,62.95,0,0,149.3,2026-02-24 21:29
TR00004,12951,Mumbai Rajdhani,Mumbai Central,New Delhi,Mumbai Central,Surat,173.55,81.71,7.62,0.091,28.3,1,2,13.11,0.296,9.35,148.76,91.71,0,0,149.13,2026-08-23 03:29
TR00005,12622,Tamil Nadu Express,New Delhi,Chennai Central,New Delhi,Bhopal Jn,141.34,122.11,41.55,0.397,31.6,11,5,45.95,0.593,14.44,121.15,102.74,0,0,109.69,2026-07-17 12:49
TR00006,12295,Sanghamitra Express,Bengaluru,Patna Jn,Vijayawada,Gaya Jn,263.12,77.78,11.84,0.057,34.1,1,5,13.22,0.272,1.68,225.53,88.03,0,0,225.31,2026-05-12 04:45
TR00001,12123,Mumbai - Pune Express,Mumbai CST,Pune Jn,Mumbai CST,Dadar,394.41,29.18,17.63,0.214,35.6,8,0,36.96,0.088,7.75,338.06,40.84,0,0,863.03,2026-03-26 22:23
TR00002,11010,Deccan Express,Mumbai CST,Pune Jn,Dadar,Kalyan,145.85,70.83,27.66,0.087,32.3,21,0,15.91,0.512,9.86,125.01,78.47,0,0,156.98,2026-01-30 23:36
TR00003,12010,Shatabdi Express,Mumbai Central,Ahmedabad Jn,Vapi,Surat,132.9,100.84,41.41,0.29,30.4,11,0,5.37,0.297,12.25,113.92,103.02,1,0,127.06,2026-07-09 13:07
TR00004,12951,Mumbai Rajdhani,Mumbai Central,New Delhi,Mumbai Central,Surat,189.97,112.26,31.51,0.077,29.8,13,4,30.82,0.079,15.21,162.83,126.15,0,1,155.95,2026-07-25 15:35
TR00005,12622,Tamil Nadu Express,New Delhi,Chennai Central,Vijayawada,Chennai Central,158.01,99.8,32.99,0.274,33.6,20,4,19.71,0.611,9.26,135.44,83.67,0,0,130.77,2026-07-12 22:10
TR00006,12295,Sanghamitra Express,Bengaluru,Patna Jn,Vijayawada,Gaya Jn,119.51,99.79,27.74,0.146,32.9,23,1,15.29,0.294,3.66,102.44,107.31,1,0,103.77,2026-05-29 00:43
TR00001,12123,Mumbai - Pune Express,Mumbai CST,Pune Jn,Mumbai CST,Dadar,230.27,74.9,20.85,0.259,35.1,22,1,9.72,0.237,28.92,197.38,72.02,0,0,210.95,2026-06-12 01:30
TR00002,11010,Deccan Express,Mumbai CST,Pune Jn,Dadar,Kalyan,223.09,68.74,25.03,0.103,15.7,4,3,6.7,0.092,11.22,191.22,68.4,0,1,268.67,2026-01-21 08:28
TR00003,12010,Shatabdi Express,Mumbai Central,Ahmedabad Jn,Vadodara,Ahmedabad Jn,400.48,87.49,38.62,0.298,38.3,4,2,29.97,0.338,12.01,343.27,88.43,0,1,432.32,2026-04-10 11:12
TR00004,12951,Mumbai Rajdhani,Mumbai Central,New Delhi,Kota Jn,New Delhi,223.01,83.5,1.68,0.128,21.5,12,4,5.65,0.022,8.58,191.15,77.24,0,0,170.45,2026-07-24 14:50
TR00005,12622,Tamil Nadu Express,New Delhi,Chennai Central,Vijayawada,Chennai Central,143.19,95.76,11.65,0.309,31.2,2,4,10.32,0.173,13.61,122.73,101.9,0,0,101.64,2026-07-17 03:41
TR00006,12295,Sanghamitra Express,Bengaluru,Patna Jn,Bengaluru,Guntakal Jn,435.07,64.02,27.95,0.068,28.9,5,1,12.24,0.422,1.56,372.92,75.13,0,0,479.0,2026-07-13 12:58
TR00001,12123,Mumbai - Pune Express,Mumbai CST,Pune Jn,Dadar,Kalyan,155.14,56.08,20.75,0.168,33.8,2,0,2.77,0.4,5.2,132.98,60.34,0,0,192.89,2026-07-05 05:12
TR00002,11010,Deccan Express,Mumbai CST,Pune Jn,Dadar,Kalyan,111.92,59.39,7.62,0.1,20.9,12,2,17.83,0.017,6.7,95.93,68.03,0,0,115.67,2026-04-08 13:55
TR00003,12010,Shatabdi Express,Mumbai Central,Ahmedabad Jn,Borivali,Vapi,395.79,82.97,17.8,0.447,40.9,10,4,1.65,0.063,9.62,339.25,69.57,0,0,320.81,2026-05-14 15:20
TR00004,12951,Mumbai Rajdhani,Mumbai Central,New Delhi,Kota Jn,New Delhi,266.05,89.99,17.09,0.323,44.8,22,4,2.82,0.266,7.36,228.04,103.57,0,0,206.65,2026-01-02 01:26
TR00005,12622,Tamil Nadu Express,New Delhi,Chennai Central,Bhopal Jn,Nagpur,216.44,95.99,36.88,0.279,25.1,20,5,14.8,0.283,12.78,185.52,103.72,1,0,191.63,2026-01-12 23:11
TR00006,12295,Sanghamitra Express,Bengaluru,Patna Jn,Guntakal Jn,Vijayawada,122.17,96.46,4.38,0.103,25.3,20,1,6.0,0.092,1.57,104.72,91.11,0,0,72.67,2026-04-08 21:12
TR00001,12123,Mumbai - Pune Express,Mumbai CST,Pune Jn,Lonavala,Pune Jn,288.12,114.3,28.11,0.093,27.2,8,5,33.03,0.285,2.38,246.96,108.23,0,0,184.12,2026-03-29 11:04
TR00002,11010,Deccan Express,Mumbai CST,Pune Jn,Lonavala,Pune Jn,88.58,47.08,20.25,0.169,29.1,6,2,17.5,0.594,6.51,75.92,45.04,0,0,149.94,2026-03-31 08:29
TR00003,12010,Shatabdi Express,Mumbai Central,Ahmedabad Jn,Surat,Vadodara,443.76,76.55,3.37,0.201,37.6,20,6,5.36,0.051,12.39,380.37,68.32,0,0,364.09,2026-01-27 02:04
TR00004,12951,Mumbai Rajdhani,Mumbai Central,New Delhi,Surat,Vadodara,102.89,67.29,12.34,0.363,37.1,10,5,2.82,0.242,19.93,88.19,80.95,0,0,109.88,2026-01-01 11:49
TR00005,12622,Tamil Nadu Express,New Delhi,Chennai Central,New Delhi,Bhopal Jn,273.17,93.26,37.66,0.517,36.1,23,0,14.83,0.312,2.75,234.14,98.55,0,1,282.5,2026-07-21 03:42
TR00006,12295,Sanghamitra Express,Bengaluru,Patna Jn,Bengaluru,Guntakal Jn,261.0,124.87,13.96,0.142,17.7,9,5,19.87,0.423,12.39,223.71,126.11,0,0,150.49,2026-06-26 11:30
TR00001,12123,Mumbai - Pune Express,Mumbai CST,Pune Jn,Mumbai CST,Dadar,105.61,64.0,33.6,0.318,21.1,22,3,43.13,0.102,14.79,90.52,66.56,0,0,120.94,2026-08-18 00:00
TR00002,11010,Deccan Express,Mumbai CST,Pune Jn,Mumbai CST,Dadar,474.48,26.79,36.55,0.234,27.0,21,5,74.76,0.179,6.66,406.69,29.5,0,0,1172.04,2026-01-03 16:32
TR00003,12010,Shatabdi Express,Mumbai Central,Ahmedabad Jn,Surat,Vadodara,300.34,50.76,4.43,0.09,31.7,17,1,10.23,0.395,0.82,257.44,53.51,0,0,401.19,2026-08-14 23:41
TR00004,12951,Mumbai Rajdhani,Mumbai Central,New Delhi,Surat,Vadodara,88.48,46.15,7.71,0.116,31.5,7,5,0.11,0.479,2.94,75.84,32.15,0,0,131.5,2026-02-27 09:11
TR00005,12622,Tamil Nadu Express,New Delhi,Chennai Central,Bhopal Jn,Nagpur,283.25,81.32,21.5,0.09,26.5,22,1,13.17,0.183,3.37,242.78,85.97,0,1,287.62,2026-04-17 02:47
TR00006,12295,Sanghamitra Express,Bengaluru,Patna Jn,Gaya Jn,Patna Jn,146.02,69.3,32.85,0.079,30.2,10,4,16.67,0.31,20.46,125.16,67.89,0,0,155.24,2026-07-05 12:35
TR00001,12123,Mumbai - Pune Express,Mumbai CST,Pune Jn,Mumbai CST,Dadar,55.25,84.27,25.06,0.158,27.0,11,0,12.67,0.058,13.88,47.36,70.65,0,1,68.86,2026-04-16 12:08
TR00002,11010,Deccan Express,Mumbai CST,Pune Jn,Lonavala,Pune Jn,55.87,63.14,27.37,0.11,27.1,15,0,42.04,0.265,1.3,47.89,80.25,0,0,68.63,2026-05-18 16:08
TR00003,12010,Shatabdi Express,Mumbai Central,Ahmedabad Jn,Borivali,Vapi,406.42,79.52,10.21,0.101,29.5,21,3,22.57,0.211,9.34,348.36,67.87,0,0,339.08,2026-02-20 02:39
TR00004,12951,Mumbai Rajdhani,Mumbai Central,New Delhi,Kota Jn,New Delhi,168.03,44.66,30.12,0.174,29.5,18,1,34.67,0.395,13.87,144.02,29.21,0,0,268.9,2026-07-30 22:28
TR00005,12622,Tamil Nadu Express,New Delhi,Chennai Central,Vijayawada,Chennai Central,466.05,83.02,38.47,0.104,36.6,6,5,25.47,0.406,7.84,399.47,88.03,1,0,409.61,2026-05-10 12:49
TR00006,12295,Sanghamitra Express,Bengaluru,Patna Jn,Gaya Jn,Patna Jn,261.79,55.88,7.22,0.116,37.4,21,2,18.87,0.157,6.22,224.39,40.65,0,0,306.16,2026-03-26 02:06
TR00001,12123,Mumbai - Pune Express,Mumbai CST,Pune Jn,Lonavala,Pune Jn,399.68,114.08,49.54,0.379,26.2,22,1,24.03,0.56,15.99,342.58,109.45,1,0,303.07,2026-03-30 03:03
TR00002,11010,Deccan Express,Mumbai CST,Pune Jn,Lonavala,Pune Jn,140.71,62.9,15.75,0.197,38.5,5,1,3.57,0.171,17.81,120.61,70.0,0,0,151.49,2026-06-20 07:31
TR00003,12010,Shatabdi Express,Mumbai Central,Ahmedabad Jn,Mumbai Central,Borivali,328.34,87.09,34.38,0.297,33.1,3,4,0.98,0.534,11.3,281.43,89.05,0,0,294.25,2026-02-21 07:54
TR00004,12951,Mumbai Rajdhani,Mumbai Central,New Delhi,Surat,Vadodara,530.41,78.68,15.95,0.325,30.5,13,5,19.49,0.085,10.91,454.64,76.1,0,0,437.39,2026-03-01 20:17
TR00005,12622,Tamil Nadu Express,New Delhi,Chennai Central,Bhopal Jn,Nagpur,188.08,78.22,39.29,0.292,13.6,7,1,22.07,0.558,26.38,161.21,86.59,0,0,199.89,2026-02-21 10:19
TR00006,12295,Sanghamitra Express,Bengaluru,Patna Jn,Guntakal Jn,Vijayawada,487.47,70.65,10.5,0.176,24.9,2,3,2.01,0.156,8.35,417.83,69.89,0,0,446.58,2026-01-29 09:26
TR00001,12123,Mumbai - Pune Express,Mumbai CST,Pune Jn,Kalyan,Karjat,443.9,58.16,9.99,0.088,30.6,23,2,30.03,0.024,0.71,380.49,56.01,0,0,477.35,2026-05-17 06:57
TR00002,11010,Deccan Express,Mumbai CST,Pune Jn,Kalyan,Lonavala,199.66,74.99,24.02,0.203,16.6,6,1,8.65,0.207,11.32,171.14,81.94,0,0,181.74,2026-07-05 09:01
TR00003,12010,Shatabdi Express,Mumbai Central,Ahmedabad Jn,Mumbai Central,Borivali,190.55,51.13,7.97,0.07,26.2,14,4,26.61,0.472,6.37,163.33,61.17,0,0,257.85,2026-04-06 18:17
TR00004,12951,Mumbai Rajdhani,Mumbai Central,New Delhi,Surat,Vadodara,259.55,104.15,12.91,0.143,24.0,6,1,10.94,0.142,16.66,222.47,108.57,0,0,168.42,2026-08-23 08:48
TR00005,12622,Tamil Nadu Express,New Delhi,Chennai Central,New Delhi,Bhopal Jn,285.91,97.62,0.59,0.082,33.1,13,6,2.27,0.035,0.86,245.07,101.65,0,0,174.64,2026-05-31 15:54
TR00006,12295,Sanghamitra Express,Bengaluru,Patna Jn,Bengaluru,Guntakal Jn,276.8,79.4,14.31,0.028,14.2,3,1,1.24,0.184,30.88,237.26,70.66,0,0,236.08,2026-01-24 06:56
TR00001,12123,Mumbai - Pune Express,Mumbai CST,Pune Jn,Karjat,Lonavala,139.34,91.38,27.61,0.117,35.4,22,1,27.19,0.232,12.02,119.44,86.78,0,0,123.55,2026-04-26 00:03
TR00002,11010,Deccan Express,Mumbai CST,Pune Jn,Mumbai CST,Dadar,227.93,84.82,43.38,0.09,11.8,11,6,26.05,0.717,27.8,195.37,86.09,0,1,285.94,2026-04-06 15:45
TR00003,12010,Shatabdi Express,Mumbai Central,Ahmedabad Jn,Mumbai Central,Borivali,300.36,77.31,13.36,0.235,33.0,11,2,19.99,0.096,1.7,257.45,81.87,0,0,250.2,2026-01-22 15:10
TR00004,12951,Mumbai Rajdhani,Mumbai Central,New Delhi,Kota Jn,New Delhi,70.52,66.4,22.42,0.406,25.8,15,1,2.72,0.374,5.18,60.45,65.85,0,0,86.95,2026-05-31 16:26
TR00005,12622,Tamil Nadu Express,New Delhi,Chennai Central,Nagpur,Vijayawada,225.37,62.68,5.98,0.033,20.7,0,5,12.2,0.135,15.6,193.17,61.26,0,0,229.75,2026-07-13 03:49
TR00006,12295,Sanghamitra Express,Bengaluru,Patna Jn,Bengaluru,Guntakal Jn,271.37,27.56,13.23,0.19,23.2,10,5,12.22,0.441,4.1,232.6,47.48,0,0,683.44,2026-04-29 21:23
TR00001,12123,Mumbai - Pune Express,Mumbai CST,Pune Jn,Mumbai CST,Dadar,255.92,65.72,11.59,0.068,31.0,1,0,14.56,0.337,5.53,219.36,51.86,0,0,260.33,2026-01-11 05:20
TR00002,11010,Deccan Express,Mumbai CST,Pune Jn,Mumbai CST,Dadar,160.34,60.77,26.64,0.118,35.1,0,5,22.19,0.535,4.66,137.43,70.1,0,0,198.74,2026-03-29 03:18
TR00003,12010,Shatabdi Express,Mumbai Central,Ahmedabad Jn,Vadodara,Ahmedabad Jn,141.43,87.26,31.13,0.294,36.0,14,4,17.24,0.533,2.53,121.22,81.63,0,0,130.21,2026-08-09 16:10
TR00004,12951,Mumbai Rajdhani,Mumbai Central,New Delhi,Kota Jn,New Delhi,524.38,20.0,23.61,0.4,32.1,8,5,23.42,0.269,5.8,449.47,29.93,0,0,1813.28,2026-04-12 14:13
TR00005,12622,Tamil Nadu Express,New Delhi,Chennai Central,Nagpur,Vijayawada,160.73,46.46,31.69,0.403,30.4,3,0,3.94,0.247,15.54,137.77,42.59,0,1,323.01,2026-01-18 08:23
TR00006,12295,Sanghamitra Express,Bengaluru,Patna Jn,Vijayawada,Gaya Jn,342.45,60.92,6.53,0.081,45.6,8,1,9.96,0.445,8.29,293.53,70.41,0,0,387.38,2026-03-30 14:27
TR00001,12123,Mumbai - Pune Express,Mumbai CST,Pune Jn,Kalyan,Karjat,185.22,76.04,9.83,0.22,19.0,9,0,24.68,0.186,16.81,158.76,85.51,0,0,173.05,2026-02-20 11:53
TR00002,11010,Deccan Express,Mumbai CST,Pune Jn,Lonavala,Pune Jn,254.48,95.16,36.28,0.08,30.8,15,1,17.01,0.347,24.88,218.13,99.81,0,0,187.63,2026-01-14 18:07
TR00003,12010,Shatabdi Express,Mumbai Central,Ahmedabad Jn,Mumbai Central,Borivali,254.44,58.69,31.34,0.123,25.9,21,0,39.35,0.409,23.41,218.1,52.78,0,0,310.69,2026-02-16 02:10
TR00004,12951,Mumbai Rajdhani,Mumbai Central,New Delhi,Kota Jn,New Delhi,324.72,70.01,3.32,0.22,31.5,15,3,3.21,0.174,9.28,278.33,59.95,0,0,297.53,2026-03-11 19:57
TR00005,12622,Tamil Nadu Express,New Delhi,Chennai Central,Nagpur,Vijayawada,84.26,86.26,36.04,0.211,29.2,3,6,19.61,0.092,2.44,72.23,102.58,1,1,105.17,2026-03-13 04:45
TR00006,12295,Sanghamitra Express,Bengaluru,Patna Jn,Guntakal Jn,Vijayawada,173.37,78.73,36.41,0.061,25.4,9,2,27.95,0.451,22.72,148.6,88.44,0,1,213.13,2026-04-12 12:33
TR00001,12123,Mumbai - Pune Express,Mumbai CST,Pune Jn,Lonavala,Pune Jn,122.9,96.33,12.06,0.464,36.3,18,0,4.47,0.077,2.67,105.34,72.29,0,0,95.73,2026-02-16 19:35
TR00002,11010,Deccan Express,Mumbai CST,Pune Jn,Mumbai CST,Dadar,268.94,99.94,34.24,0.268,39.8,10,2,33.13,0.256,17.39,230.52,97.82,0,0,192.52,2026-07-17 13:12
TR00003,12010,Shatabdi Express,Mumbai Central,Ahmedabad Jn,Surat,Vadodara,151.09,86.83,38.5,0.123,33.9,21,5,18.35,0.393,18.93,129.51,79.34,0,1,173.46,2026-04-30 23:53
TR00004,12951,Mumbai Rajdhani,Mumbai Central,New Delhi,Vadodara,Kota Jn,214.31,76.61,40.86,0.204,22.8,2,3,20.06,0.609,0.79,183.69,49.49,1,0,236.9,2026-07-25 05:56
TR00005,12622,Tamil Nadu Express,New Delhi,Chennai Central,New Delhi,Bhopal Jn,192.78,69.72,13.54,0.126,35.4,23,5,6.72,0.269,0.54,165.24,64.87,0,0,196.4,2026-04-16 02:16
TR00006,12295,Sanghamitra Express,Bengaluru,Patna Jn,Gaya Jn,Patna Jn,166.09,68.17,4.54,0.16,24.6,21,2,12.62,0.051,15.49,142.37,73.19,0,0,153.59,2026-08-20 23:33
TR00001,12123,Mumbai - Pune Express,Mumbai CST,Pune Jn,Kalyan,Karjat,529.65,84.72,28.99,0.293,21.1,4,1,45.14,0.034,8.08,453.98,78.14,0,0,413.1,2026-04-07 10:53
TR00002,11010,Deccan Express,Mumbai CST,Pune Jn,Kalyan,Lonavala,328.95,28.89,34.05,0.249,29.4,5,4,31.55,0.504,8.47,281.96,28.93,0,1,1093.9,2026-04-06 23:13
TR00003,12010,Shatabdi Express,Mumbai Central,Ahmedabad Jn,Mumbai Central,Borivali,160.76,81.6,6.59,0.162,19.7,17,6,15.19,0.227,1.98,137.8,68.13,0,0,131.45,2026-02-06 19:11
TR00004,12951,Mumbai Rajdhani,Mumbai Central,New Delhi,Mumbai Central,Surat,206.3,80.05,20.05,0.074,21.7,12,2,4.5,0.039,5.91,176.83,86.24,0,0,165.56,2026-06-29 14:45
TR00005,12622,Tamil Nadu Express,New Delhi,Chennai Central,Bhopal Jn,Nagpur,639.01,67.22,31.33,0.024,18.8,3,3,14.21,0.268,9.24,547.73,57.81,0,1,791.43,2026-02-13 16:11
TR00006,12295,Sanghamitra Express,Bengaluru,Patna Jn,Guntakal Jn,Vijayawada,324.26,70.77,21.61,0.073,25.8,6,5,11.85,0.217,6.98,277.94,78.47,0,0,300.62,2026-06-18 11:00
TR00001,12123,Mumbai - Pune Express,Mumbai CST,Pune Jn,Karjat,Lonavala,458.07,66.31,13.8,0.388,34.2,11,1,1.52,0.171,22.65,392.63,59.28,0,0,467.35,2026-07-19 18:47
TR00002,11010,Deccan Express,Mumbai CST,Pune Jn,Dadar,Kalyan,608.62,28.25,0.89,0.106,22.6,13,3,8.92,0.356,2.64,521.67,20.79,0,0,1440.61,2026-01-06 13:00
TR00003,12010,Shatabdi Express,Mumbai Central,Ahmedabad Jn,Vadodara,Ahmedabad Jn,260.88,73.57,12.82,0.116,12.0,6,3,7.94,0.301,7.37,223.62,80.38,0,0,236.97,2026-04-16 09:56
TR00004,12951,Mumbai Rajdhani,Mumbai Central,New Delhi,Kota Jn,New Delhi,305.03,88.34,31.5,0.233,32.8,19,0,4.13,0.162,17.77,261.46,84.11,1,0,252.13,2026-07-29 23:12
TR00005,12622,Tamil Nadu Express,New Delhi,Chennai Central,Vijayawada,Chennai Central,368.34,54.0,66.02,0.156,27.9,17,1,23.59,0.595,12.17,315.72,57.45,1,0,544.45,2026-08-27 02:04
TR00006,12295,Sanghamitra Express,Bengaluru,Patna Jn,Bengaluru,Guntakal Jn,70.24,105.94,25.07,0.015,28.9,10,3,22.39,0.296,3.0,60.21,100.14,0,0,62.08,2026-04-13 11:02
TR00001,12123,Mumbai - Pune Express,Mumbai CST,Pune Jn,Dadar,Kalyan,405.85,66.7,20.66,0.233,28.8,0,2,17.19,0.355,3.73,347.87,63.94,0,0,434.06,2026-07-22 07:14
TR00002,11010,Deccan Express,Mumbai CST,Pune Jn,Dadar,Kalyan,68.04,101.03,22.89,0.231,24.2,9,2,4.99,0.467,1.21,58.32,102.92,0,0,57.23,2026-04-11 09:57
TR00003,12010,Shatabdi Express,Mumbai Central,Ahmedabad Jn,Surat,Vadodara,262.76,71.93,0.0,0.023,25.6,22,4,14.84,0.09,6.75,225.23,83.39,0,0,228.46,2026-03-17 01:48
TR00004,12951,Mumbai Rajdhani,Mumbai Central,New Delhi,Kota Jn,New Delhi,186.99,76.16,24.3,0.138,25.6,10,5,11.76,0.035,2.87,160.28,62.23,0,1,204.51,2026-05-26 13:24
TR00005,12622,Tamil Nadu Express,New Delhi,Chennai Central,Bhopal Jn,Nagpur,442.21,89.8,45.13,0.134,17.5,15,0,55.58,0.38,10.82,379.04,80.85,1,0,364.67,2026-05-18 21:04
TR00006,12295,Sanghamitra Express,Bengaluru,Patna Jn,Vijayawada,Gaya Jn,253.96,71.39,21.38,0.107,33.6,7,5,9.69,0.137,4.08,217.68,70.03,0,1,295.67,2026-04-04 11:55
TR00001,12123,Mumbai - Pune Express,Mumbai CST,Pune Jn,Mumbai CST,Dadar,81.34,88.34,16.8,0.167,33.1,9,1,14.8,0.42,3.09,69.72,81.56,0,0,77.91,2026-01-08 10:17
TR00002,11010,Deccan Express,Mumbai CST,Pune Jn,Lonavala,Pune Jn,133.38,71.08,19.98,0.095,30.7,15,6,36.01,0.22,2.08,114.33,75.03,0,0,131.7,2026-02-28 17:11
TR00003,12010,Shatabdi Express,Mumbai Central,Ahmedabad Jn,Borivali,Vapi,156.85,69.86,35.66,0.353,27.4,11,0,18.79,0.141,15.98,134.44,73.32,0,0,167.25,2026-02-26 13:47
TR00004,12951,Mumbai Rajdhani,Mumbai Central,New Delhi,Kota Jn,New Delhi,183.02,73.79,28.99,0.361,30.8,3,0,4.15,0.369,9.22,156.88,66.89,0,1,237.52,2026-06-11 06:57
TR00005,12622,Tamil Nadu Express,New Delhi,Chennai Central,New Delhi,Bhopal Jn,58.18,64.74,36.09,0.341,30.8,14,0,18.63,0.201,6.49,49.87,67.31,0,1,96.06,2026-05-17 15:36
TR00006,12295,Sanghamitra Express,Bengaluru,Patna Jn,Gaya Jn,Patna Jn,269.88,26.94,19.85,0.071,27.2,6,2,49.61,0.111,3.81,231.32,28.77,0,0,636.24,2026-07-27 16:36
TR00001,12123,Mumbai - Pune Express,Mumbai CST,Pune Jn,Karjat,Lonavala,140.85,48.47,22.93,0.086,21.0,23,2,9.45,0.277,0.9,120.73,42.21,0,1,257.21,2026-03-19 03:17
TR00002,11010,Deccan Express,Mumbai CST,Pune Jn,Mumbai CST,Dadar,155.9,53.72,14.59,0.037,35.3,3,3,6.7,0.365,8.05,133.63,63.2,0,0,198.78,2026-02-16 06:18
TR00003,12010,Shatabdi Express,Mumbai Central,Ahmedabad Jn,Surat,Vadodara,72.35,94.73,0.0,0.214,34.5,1,1,6.54,0.158,7.72,62.02,96.67,0,0,50.18,2026-06-01 01:50
TR00004,12951,Mumbai Rajdhani,Mumbai Central,New Delhi,Kota Jn,New Delhi,60.8,95.34,18.09,0.132,22.9,8,1,28.67,0.427,6.39,52.12,83.67,0,0,49.06,2026-06-07 08:49
TR00005,12622,Tamil Nadu Express,New Delhi,Chennai Central,Vijayawada,Chennai Central,108.34,71.24,36.29,0.466,37.4,9,4,4.47,0.352,3.47,92.86,67.39,1,0,127.66,2026-08-11 11:07
TR00006,12295,Sanghamitra Express,Bengaluru,Patna Jn,Guntakal Jn,Vijayawada,104.08,97.69,33.1,0.142,25.9,6,2,17.77,0.179,6.95,89.21,78.19,0,0,92.38,2026-01-18 07:32
TR00001,12123,Mumbai - Pune Express,Mumbai CST,Pune Jn,Karjat,Lonavala,300.26,70.91,9.76,0.094,22.7,15,3,17.64,0.151,15.0,257.36,86.37,0,0,275.7,2026-06-14 19:35
TR00002,11010,Deccan Express,Mumbai CST,Pune Jn,Dadar,Kalyan,573.69,63.3,15.51,0.089,36.2,22,3,30.27,0.435,3.75,491.74,60.2,0,0,620.0,2026-05-24 08:20
TR00003,12010,Shatabdi Express,Mumbai Central,Ahmedabad Jn,Surat,Vadodara,206.29,70.21,27.19,0.439,36.5,16,0,5.53,0.214,3.34,176.82,81.9,0,0,212.8,2026-02-06 19:32
TR00004,12951,Mumbai Rajdhani,Mumbai Central,New Delhi,Kota Jn,New Delhi,202.07,60.06,6.43,0.233,21.1,15,1,13.22,0.276,6.63,173.21,68.38,0,0,229.23,2026-02-08 18:49
TR00005,12622,Tamil Nadu Express,New Delhi,Chennai Central,New Delhi,Bhopal Jn,272.07,88.54,22.15,0.178,22.0,17,2,15.94,0.158,14.72,233.2,94.13,0,0,208.14,2026-08-27 20:28
TR00006,12295,Sanghamitra Express,Bengaluru,Patna Jn,Bengaluru,Guntakal Jn,384.66,84.08,6.13,0.047,29.9,7,6,6.79,0.309,29.1,329.71,92.8,0,0,304.83,2026-02-24 12:04
TR00001,12123,Mumbai - Pune Express,Mumbai CST,Pune Jn,Dadar,Kalyan,152.74,71.0,29.66,0.159,31.3,9,4,13.38,0.318,8.84,130.92,74.58,1,0,175.2,2026-03-05 11:55
TR00002,11010,Deccan Express,Mumbai CST,Pune Jn,Dadar,Kalyan,133.75,68.35,5.6,0.15,37.8,8,1,10.82,0.043,6.05,114.64,59.41,0,0,117.37,2026-01-18 09:57
TR00003,12010,Shatabdi Express,Mumbai Central,Ahmedabad Jn,Borivali,Vapi,103.62,52.33,54.65,0.339,34.2,11,6,14.9,0.655,5.87,88.81,57.95,1,1,247.33,2026-05-29 15:07
TR00004,12951,Mumbai Rajdhani,Mumbai Central,New Delhi,Vadodara,Kota Jn,163.89,61.39,28.6,0.455,22.4,5,2,1.07,0.443,4.94,140.48,57.01,0,0,211.05,2026-01-07 08:31
TR00005,12622,Tamil Nadu Express,New Delhi,Chennai Central,Bhopal Jn,Nagpur,50.64,20.59,32.43,0.202,17.4,10,2,7.81,0.458,9.01,43.41,20.0,0,0,186.25,2026-03-23 13:06
TR00006,12295,Sanghamitra Express,Bengaluru,Patna Jn,Gaya Jn,Patna Jn,252.33,58.04,29.06,0.086,41.1,13,4,40.31,0.321,16.11,216.28,54.58,0,0,309.56,2026-06-25 18:09
TR00001,12123,Mumbai - Pune Express,Mumbai CST,Pune Jn,Dadar,Kalyan,161.83,101.08,29.23,0.206,19.4,18,6,2.0,0.435,24.31,138.71,99.53,0,0,124.57,2026-04-05 20:04
TR00002,11010,Deccan Express,Mumbai CST,Pune Jn,Lonavala,Pune Jn,180.45,111.2,12.87,0.224,34.5,15,1,5.66,0.255,1.37,154.68,110.33,0,0,112.21,2026-08-24 16:52
TR00003,12010,Shatabdi Express,Mumbai Central,Ahmedabad Jn,Vapi,Surat,137.62,69.54,12.07,0.088,43.6,22,0,11.86,0.242,11.38,117.96,67.73,0,0,134.59,2026-02-28 00:14
TR00004,12951,Mumbai Rajdhani,Mumbai Central,New Delhi,Vadodara,Kota Jn,144.09,73.98,29.24,0.304,26.2,13,5,13.07,0.275,2.86,123.5,79.97,0,1,182.11,2026-03-23 16:02
TR00005,12622,Tamil Nadu Express,New Delhi,Chennai Central,New Delhi,Bhopal Jn,481.38,116.19,26.34,0.109,42.2,20,3,25.09,0.309,21.21,412.62,121.75,0,0,286.15,2026-07-25 00:46
TR00006,12295,Sanghamitra Express,Bengaluru,Patna Jn,Vijayawada,Gaya Jn,259.31,53.01,39.07,0.298,24.9,7,0,19.46,0.199,10.31,222.27,54.25,0,1,441.2,2026-07-07 14:21
TR00001,12123,Mumbai - Pune Express,Mumbai CST,Pune Jn,Lonavala,Pune Jn,157.0,76.93,14.47,0.075,32.2,12,1,11.46,0.319,18.59,134.57,80.84,0,0,138.87,2026-05-28 14:18
TR00002,11010,Deccan Express,Mumbai CST,Pune Jn,Dadar,Kalyan,307.77,40.52,11.46,0.532,10.4,23,0,5.45,0.032,1.54,263.8,21.37,0,0,508.07,2026-07-11 07:28
TR00003,12010,Shatabdi Express,Mumbai Central,Ahmedabad Jn,Vadodara,Ahmedabad Jn,257.63,80.49,6.67,0.086,38.1,11,1,7.29,0.185,10.28,220.82,86.15,0,0,204.04,2026-06-20 14:24
TR00004,12951,Mumbai Rajdhani,Mumbai Central,New Delhi,Kota Jn,New Delhi,77.4,67.63,17.53,0.525,20.4,8,4,3.3,0.337,21.59,66.34,55.83,0,0,96.55,2026-03-06 09:36
TR00005,12622,Tamil Nadu Express,New Delhi,Chennai Central,Nagpur,Vijayawada,90.32,108.9,1.55,0.073,25.6,18,4,4.99,0.364,7.57,77.42,103.88,0,0,68.22,2026-05-06 19:08
TR00006,12295,Sanghamitra Express,Bengaluru,Patna Jn,Vijayawada,Gaya Jn,179.9,87.2,13.32,0.057,26.1,12,1,7.38,0.093,3.88,154.2,89.64,0,0,135.54,2026-08-02 14:15
TR00001,12123,Mumbai - Pune Express,Mumbai CST,Pune Jn,Lonavala,Pune Jn,100.16,84.18,17.83,0.269,28.8,17,6,22.67,0.23,6.62,85.85,82.46,0,0,92.34,2026-01-31 18:32
TR00002,11010,Deccan Express,Mumbai CST,Pune Jn,Mumbai CST,Dadar,292.88,88.19,43.03,0.028,29.1,8,2,24.23,0.32,11.16,251.04,93.38,1,0,253.3,2026-01-07 12:13
TR00003,12010,Shatabdi Express,Mumbai Central,Ahmedabad Jn,Borivali,Vapi,174.52,100.55,28.08,0.198,28.6,23,3,25.69,0.428,5.51,149.59,108.65,0,0,133.64,2026-01-20 01:13
TR00004,12951,Mumbai Rajdhani,Mumbai Central,New Delhi,Mumbai Central,Surat,409.0,113.69,27.67,0.12,30.1,19,4,31.93,0.456,0.53,350.57,118.89,0,0,264.97,2026-08-20 23:24
TR00005,12622,Tamil Nadu Express,New Delhi,Chennai Central,Bhopal Jn,Nagpur,219.75,75.16,25.72,0.209,22.1,13,0,10.17,0.1,6.12,188.35,78.76,0,0,198.89,2026-06-30 16:18
TR00006,12295,Sanghamitra Express,Bengaluru,Patna Jn,Bengaluru,Guntakal Jn,434.0,58.28,27.14,0.111,27.8,8,1,20.11,0.497,2.74,372.0,65.63,0,0,526.57,2026-05-20 16:46
TR00001,12123,Mumbai - Pune Express,Mumbai CST,Pune Jn,Kalyan,Karjat,343.65,56.69,17.05,0.107,23.5,7,5,20.5,0.101,3.52,294.56,54.66,0,0,391.51,2026-07-30 13:31
TR00002,11010,Deccan Express,Mumbai CST,Pune Jn,Kalyan,Lonavala,222.09,71.99,25.08,0.065,20.6,17,0,10.14,0.167,10.68,190.36,84.06,0,1,258.25,2026-02-18 21:18
TR00003,12010,Shatabdi Express,Mumbai Central,Ahmedabad Jn,Vapi,Surat,299.65,57.84,22.63,0.434,32.6,16,1,16.29,0.133,15.35,256.84,70.13,0,0,354.94,2026-01-05 21:54
TR00004,12951,Mumbai Rajdhani,Mumbai Central,New Delhi,Mumbai Central,Surat,312.74,68.92,16.99,0.077,22.6,17,3,3.16,0.477,2.79,268.06,72.32,0,0,322.66,2026-05-03 22:22
TR00005,12622,Tamil Nadu Express,New Delhi,Chennai Central,Vijayawada,Chennai Central,241.18,69.01,37.74,0.376,33.3,23,6,11.31,0.45,4.63,206.73,76.16,0,0,268.05,2026-08-13 03:28
TR00006,12295,Sanghamitra Express,Bengaluru,Patna Jn,Bengaluru,Guntakal Jn,225.96,62.89,24.07,0.19,19.9,16,6,26.89,0.443,5.6,193.68,55.46,0,0,269.3,2026-02-07 20:29
TR00001,12123,Mumbai - Pune Express,Mumbai CST,Pune Jn,Dadar,Kalyan,221.62,83.91,21.27,0.084,37.7,18,4,13.91,0.113,21.22,189.96,85.71,0,1,227.44,2026-01-27 21:47
TR00002,11010,Deccan Express,Mumbai CST,Pune Jn,Mumbai CST,Dadar,109.54,76.24,27.42,0.451,24.7,10,3,12.66,0.486,3.88,93.9,77.81,1,0,134.71,2026-05-12 12:14
TR00003,12010,Shatabdi Express,Mumbai Central,Ahmedabad Jn,Surat,Vadodara,143.36,65.33,25.19,0.176,36.6,22,1,24.67,0.216,10.16,122.88,64.2,0,0,156.21,2026-03-22 00:36
TR00004,12951,Mumbai Rajdhani,Mumbai Central,New Delhi,Vadodara,Kota Jn,336.66,95.87,12.34,0.271,31.2,12,3,28.14,0.268,1.19,288.57,85.66,0,0,240.38,2026-06-22 16:00
TR00005,12622,Tamil Nadu Express,New Delhi,Chennai Central,New Delhi,Bhopal Jn,114.82,108.53,12.99,0.148,16.4,21,1,22.02,0.132,1.5,98.41,108.91,0,1,92.56,2026-02-18 22:32
TR00006,12295,Sanghamitra Express,Bengaluru,Patna Jn,Gaya Jn,Patna Jn,290.26,62.97,16.68,0.458,33.6,16,1,16.06,0.08,2.11,248.79,62.32,0,0,318.08,2026-04-10 21:18
TR00001,12123,Mumbai - Pune Express,Mumbai CST,Pune Jn,Karjat,Lonavala,235.95,103.02,23.66,0.342,24.7,19,3,13.39,0.187,2.87,202.24,107.73,0,0,161.83,2026-04-18 21:41
TR00002,11010,Deccan Express,Mumbai CST,Pune Jn,Lonavala,Pune Jn,256.12,98.74,14.74,0.284,28.8,22,6,1.8,0.158,18.66,219.53,96.12,0,0,178.95,2026-06-04 00:58
TR00003,12010,Shatabdi Express,Mumbai Central,Ahmedabad Jn,Vapi,Surat,312.87,79.75,58.11,0.301,26.9,3,0,34.77,0.248,28.34,268.17,83.92,1,1,384.32,2026-03-29 09:24
TR00004,12951,Mumbai Rajdhani,Mumbai Central,New Delhi,Surat,Vadodara,291.93,32.63,28.71,0.323,28.9,0,3,6.25,0.186,13.77,250.23,30.62,0,0,607.96,2026-03-28 10:07
TR00005,12622,Tamil Nadu Express,New Delhi,Chennai Central,New Delhi,Bhopal Jn,149.37,94.78,8.38,0.216,31.5,10,6,2.89,0.162,7.6,128.03,93.17,0,0,107.61,2026-02-03 11:47
TR00006,12295,Sanghamitra Express,Bengaluru,Patna Jn,Gaya Jn,Patna Jn,418.68,61.83,23.9,0.106,19.7,4,6,19.19,0.314,10.19,358.87,59.74,0,0,453.74,2026-06-04 11:33
TR00001,12123,Mumbai - Pune Express,Mumbai CST,Pune Jn,Dadar,Kalyan,394.05,57.93,20.6,0.021,28.2,22,4,14.55,0.695,11.79,337.76,64.59,0,0,507.15,2026-08-24 06:27
TR00002,11010,Deccan Express,Mumbai CST,Pune Jn,Lonavala,Pune Jn,229.01,83.73,28.93,0.063,21.3,2,2,15.25,0.31,4.11,196.29,83.66,0,1,244.62,2026-07-11 06:04
TR00003,12010,Shatabdi Express,Mumbai Central,Ahmedabad Jn,Vadodara,Ahmedabad Jn,153.33,105.07,13.17,0.006,26.3,13,1,6.52,0.422,3.18,131.43,96.66,0,0,112.03,2026-03-11 14:52
TR00004,12951,Mumbai Rajdhani,Mumbai Central,New Delhi,Kota Jn,New Delhi,147.53,20.0,12.94,0.177,29.2,15,0,9.81,0.517,1.83,126.45,20.0,0,0,529.21,2026-06-08 23:49
TR00005,12622,Tamil Nadu Express,New Delhi,Chennai Central,Bhopal Jn,Nagpur,241.75,104.2,27.49,0.272,27.5,13,2,1.13,0.457,26.7,207.21,114.05,0,0,183.76,2026-07-28 16:03
TR00006,12295,Sanghamitra Express,Bengaluru,Patna Jn,Bengaluru,Guntakal Jn,252.08,130.0,13.96,0.111,29.3,13,3,14.18,0.228,6.6,216.07,118.79,0,0,132.36,2026-06-27 15:12
TR00001,12123,Mumbai - Pune Express,Mumbai CST,Pune Jn,Karjat,Lonavala,169.81,68.15,12.92,0.263,23.1,8,4,7.99,0.022,9.7,145.55,70.92,0,0,162.76,2026-02-26 10:42
TR00002,11010,Deccan Express,Mumbai CST,Pune Jn,Kalyan,Lonavala,190.71,81.68,14.96,0.131,27.1,5,4,1.98,0.124,1.66,163.46,79.46,0,0,157.99,2026-01-13 07:37
TR00003,12010,Shatabdi Express,Mumbai Central,Ahmedabad Jn,Vapi,Surat,272.71,113.77,16.71,0.113,24.4,5,0,20.44,0.246,9.09,233.75,119.76,0,0,159.3,2026-01-16 07:39
TR00004,12951,Mumbai Rajdhani,Mumbai Central,New Delhi,Kota Jn,New Delhi,209.66,87.43,16.71,0.243,25.5,4,2,17.04,0.175,2.41,179.71,94.37,0,0,166.26,2026-04-15 06:46
TR00005,12622,Tamil Nadu Express,New Delhi,Chennai Central,Vijayawada,Chennai Central,466.24,20.0,17.88,0.054,37.0,9,2,16.91,0.283,5.65,399.63,22.76,0,0,1531.55,2026-08-09 10:31
TR00006,12295,Sanghamitra Express,Bengaluru,Patna Jn,Vijayawada,Gaya Jn,412.09,114.53,23.38,0.142,36.8,6,5,9.93,0.269,7.75,353.22,110.65,0,0,250.54,2026-03-11 10:10
TR00001,12123,Mumbai - Pune Express,Mumbai CST,Pune Jn,Kalyan,Karjat,322.85,89.81,16.63,0.048,21.9,7,6,7.95,0.587,5.79,276.73,92.21,0,0,260.04,2026-07-14 11:20
TR00002,11010,Deccan Express,Mumbai CST,Pune Jn,Lonavala,Pune Jn,383.83,61.05,27.96,0.158,28.9,13,4,62.29,0.37,1.66,329.0,52.08,0,0,444.26,2026-06-21 20:24
TR00003,12010,Shatabdi Express,Mumbai Central,Ahmedabad Jn,Vadodara,Ahmedabad Jn,429.69,59.9,23.02,0.01,38.3,13,1,4.4,0.52,2.93,368.31,64.93,0,0,508.62,2026-07-12 21:28
TR00004,12951,Mumbai Rajdhani,Mumbai Central,New Delhi,Surat,Vadodara,96.08,72.93,11.85,0.145,21.9,19,4,10.71,0.241,8.04,82.35,71.67,0,0,96.16,2026-02-07 20:36
TR00005,12622,Tamil Nadu Express,New Delhi,Chennai Central,Nagpur,Vijayawada,433.68,54.42,25.52,0.121,23.0,12,0,26.98,0.179,10.6,371.73,54.57,0,1,659.09,2026-01-26 22:59
TR00006,12295,Sanghamitra Express,Bengaluru,Patna Jn,Vijayawada,Gaya Jn,202.77,57.35,25.55,0.123,37.8,22,6,5.7,0.391,7.05,173.8,33.36,0,0,249.64,2026-01-24 02:09
TR00001,12123,Mumbai - Pune Express,Mumbai CST,Pune Jn,Karjat,Lonavala,365.54,114.58,8.99,0.204,41.7,20,2,2.03,0.08,0.7,313.32,104.58,0,0,205.33,2026-03-31 23:25
TR00002,11010,Deccan Express,Mumbai CST,Pune Jn,Kalyan,Lonavala,263.79,88.63,12.28,0.168,32.1,3,2,26.93,0.171,3.85,226.1,97.4,0,0,196.55,2026-07-04 06:16
TR00003,12010,Shatabdi Express,Mumbai Central,Ahmedabad Jn,Vapi,Surat,435.64,52.96,9.42,0.087,16.1,1,5,6.09,0.232,4.98,373.41,48.74,0,0,544.04,2026-06-25 10:04
TR00004,12951,Mumbai Rajdhani,Mumbai Central,New Delhi,Kota Jn,New Delhi,306.05,85.43,23.54,0.071,29.6,2,2,4.7,0.349,7.9,262.33,85.69,0,0,253.49,2026-07-24 06:13
TR00005,12622,Tamil Nadu Express,New Delhi,Chennai Central,New Delhi,Bhopal Jn,194.29,107.82,25.72,0.216,30.6,10,3,8.03,0.384,2.24,166.53,110.71,0,0,136.59,2026-02-24 12:16
TR00006,12295,Sanghamitra Express,Bengaluru,Patna Jn,Guntakal Jn,Vijayawada,227.0,91.12,17.64,0.188,16.1,14,1,5.69,0.335,6.89,194.57,79.34,0,0,178.34,2026-05-24 16:58
TR00001,12123,Mumbai - Pune Express,Mumbai CST,Pune Jn,Mumbai CST,Dadar,336.0,63.13,26.63,0.134,21.4,5,0,32.24,0.492,26.79,288.0,56.28,0,0,377.9,2026-06-26 11:17
TR00002,11010,Deccan Express,Mumbai CST,Pune Jn,Mumbai CST,Dadar,218.81,75.36,13.46,0.09,21.2,5,6,9.65,0.017,19.21,187.55,71.84,0,1,228.75,2026-04-18 08:48
TR00003,12010,Shatabdi Express,Mumbai Central,Ahmedabad Jn,Vapi,Surat,95.07,56.46,18.53,0.025,21.7,20,0,32.4,0.187,3.26,81.48,45.28,0,0,121.93,2026-05-12 22:01
TR00004,12951,Mumbai Rajdhani,Mumbai Central,New Delhi,Kota Jn,New Delhi,266.58,20.95,17.26,0.244,31.1,5,3,24.16,0.327,5.25,228.5,31.02,0,0,875.8,2026-06-11 19:35
TR00005,12622,Tamil Nadu Express,New Delhi,Chennai Central,Vijayawada,Chennai Central,103.53,48.89,8.12,0.204,24.4,1,0,21.94,0.155,18.66,88.74,38.17,0,0,144.68,2026-07-22 03:24
TR00006,12295,Sanghamitra Express,Bengaluru,Patna Jn,Guntakal Jn,Vijayawada,612.35,76.26,27.05,0.371,28.6,15,3,26.74,0.394,9.65,524.87,83.81,0,0,584.09,2026-08-11 00:44
TR00001,12123,Mumbai - Pune Express,Mumbai CST,Pune Jn,Mumbai CST,Dadar,303.19,45.41,26.28,0.285,35.6,23,4,27.54,0.305,7.64,259.88,43.28,0,0,469.28,2026-08-08 06:49
TR00002,11010,Deccan Express,Mumbai CST,Pune Jn,Kalyan,Lonavala,145.09,72.69,22.7,0.115,17.7,10,1,30.8,0.434,2.82,124.36,77.57,0,0,148.49,2026-02-08 12:28
TR00003,12010,Shatabdi Express,Mumbai Central,Ahmedabad Jn,Surat,Vadodara,184.69,55.68,22.75,0.325,34.5,9,1,12.85,0.395,22.34,158.3,48.78,0,0,240.45,2026-08-13 13:00
TR00004,12951,Mumbai Rajdhani,Mumbai Central,New Delhi,Mumbai Central,Surat,309.11,69.3,19.63,0.017,31.2,14,3,42.97,0.241,2.55,264.96,81.68,0,0,290.5,2026-05-23 18:50
TR00005,12622,Tamil Nadu Express,New Delhi,Chennai Central,Nagpur,Vijayawada,46.83,96.61,26.38,0.235,23.9,15,6,10.21,0.206,10.15,40.14,81.88,0,0,39.35,2026-01-27 15:39
TR00006,12295,Sanghamitra Express,Bengaluru,Patna Jn,Gaya Jn,Patna Jn,288.38,43.42,12.7,0.267,32.3,16,6,2.7,0.318,4.69,247.18,51.49,0,0,454.53,2026-05-11 23:34
TR00001,12123,Mumbai - Pune Express,Mumbai CST,Pune Jn,Mumbai CST,Dadar,393.07,64.72,23.58,0.136,20.0,7,5,31.81,0.214,5.6,336.92,54.1,0,0,401.79,2026-01-06 13:41
TR00002,11010,Deccan Express,Mumbai CST,Pune Jn,Kalyan,Lonavala,212.83,81.44,11.65,0.076,19.4,13,2,25.32,0.117,5.29,182.42,94.73,0,0,169.62,2026-04-06 15:49
TR00003,12010,Shatabdi Express,Mumbai Central,Ahmedabad Jn,Mumbai Central,Borivali,163.97,42.51,14.33,0.107,30.7,12,5,20.67,0.121,6.28,140.55,44.54,0,0,247.37,2026-02-23 16:07
TR00004,12951,Mumbai Rajdhani,Mumbai Central,New Delhi,Surat,Vadodara,200.77,46.18,27.35,0.134,31.8,3,0,19.59,0.387,4.11,172.09,50.09,0,0,313.11,2026-06-29 08:13
TR00005,12622,Tamil Nadu Express,New Delhi,Chennai Central,Vijayawada,Chennai Central,71.61,44.67,26.01,0.256,25.5,13,0,9.49,0.56,11.84,61.38,60.3,0,0,121.8,2026-06-28 15:01
TR00006,12295,Sanghamitra Express,Bengaluru,Patna Jn,Bengaluru,Guntakal Jn,245.89,102.1,14.49,0.161,33.2,23,3,3.76,0.237,8.4,210.77,99.82,0,0,170.66,2026-07-24 01:50
TR00001,12123,Mumbai - Pune Express,Mumbai CST,Pune Jn,Dadar,Kalyan,220.77,75.03,23.79,0.334,33.2,21,3,12.88,0.162,24.0,189.23,71.12,0,0,207.64,2026-08-01 00:27
TR00002,11010,Deccan Express,Mumbai CST,Pune Jn,Kalyan,Lonavala,365.57,57.84,25.69,0.133,26.9,16,1,33.64,0.45,9.57,313.34,67.56,0,0,450.56,2026-01-07 23:30
TR00003,12010,Shatabdi Express,Mumbai Central,Ahmedabad Jn,Borivali,Vapi,128.25,60.89,13.36,0.152,21.6,21,4,1.87,0.06,2.69,109.93,55.91,0,0,133.05,2026-04-08 23:13
TR00004,12951,Mumbai Rajdhani,Mumbai Central,New Delhi,Mumbai Central,Surat,125.31,76.99,7.11,0.087,26.1,18,3,3.07,0.161,1.57,107.41,70.65,0,0,108.76,2026-01-23 19:48
TR00005,12622,Tamil Nadu Express,New Delhi,Chennai Central,Bhopal Jn,Nagpur,439.71,78.3,20.23,0.487,28.2,10,4,2.64,0.439,18.51,376.89,84.09,0,0,424.88,2026-01-03 17:04
TR00006,12295,Sanghamitra Express,Bengaluru,Patna Jn,Vijayawada,Gaya Jn,385.36,34.23,33.1,0.272,38.8,17,0,5.02,0.493,10.62,330.31,21.67,0,0,825.8,2026-04-06 06:45
TR00001,12123,Mumbai - Pune Express,Mumbai CST,Pune Jn,Dadar,Kalyan,135.19,84.21,24.47,0.144,24.2,12,0,6.4,0.636,13.5,115.88,93.3,0,0,126.05,2026-06-16 14:06
TR00002,11010,Deccan Express,Mumbai CST,Pune Jn,Dadar,Kalyan,288.54,73.72,9.43,0.104,16.9,4,4,14.42,0.32,3.69,247.32,64.76,0,0,260.65,2026-07-20 08:20
TR00003,12010,Shatabdi Express,Mumbai Central,Ahmedabad Jn,Borivali,Vapi,130.41,87.11,28.1,0.153,21.6,10,6,35.53,0.091,3.5,111.78,93.3,0,1,133.89,2026-06-04 12:13
TR00004,12951,Mumbai Rajdhani,Mumbai Central,New Delhi,Kota Jn,New Delhi,219.8,94.46,35.94,0.265,24.9,3,0,7.12,0.156,32.62,188.4,92.65,0,1,215.94,2026-01-27 06:35
TR00005,12622,Tamil Nadu Express,New Delhi,Chennai Central,Bhopal Jn,Nagpur,141.56,79.78,29.02,0.146,28.5,22,5,16.96,0.153,20.83,121.34,80.18,1,0,138.75,2026-02-14 00:18
TR00006,12295,Sanghamitra Express,Bengaluru,Patna Jn,Vijayawada,Gaya Jn,181.05,66.77,19.34,0.016,25.6,10,3,14.93,0.188,2.62,155.19,71.04,0,0,183.68,2026-02-05 13:03
TR00001,12123,Mumbai - Pune Express,Mumbai CST,Pune Jn,Mumbai CST,Dadar,94.21,111.74,15.49,0.045,20.5,11,2,15.08,0.154,3.75,80.75,112.17,0,0,56.13,2026-05-17 11:56
TR00002,11010,Deccan Express,Mumbai CST,Pune Jn,Mumbai CST,Dadar,320.04,88.18,7.02,0.431,22.6,13,0,10.13,0.221,5.07,274.32,85.06,0,0,253.91,2026-08-04 17:13
TR00003,12010,Shatabdi Express,Mumbai Central,Ahmedabad Jn,Borivali,Vapi,253.65,123.63,17.01,0.165,33.0,3,5,5.6,0.387,9.24,217.41,110.56,0,0,144.49,2026-05-22 05:24
TR00004,12951,Mumbai Rajdhani,Mumbai Central,New Delhi,Mumbai Central,Surat,159.9,121.63,13.4,0.302,18.9,2,3,12.37,0.165,11.8,137.06,97.42,0,0,95.93,2026-05-18 03:35
TR00005,12622,Tamil Nadu Express,New Delhi,Chennai Central,Bhopal Jn,Nagpur,104.41,90.19,2.12,0.152,29.9,20,0,12.77,0.065,1.98,89.5,95.62,0,0,71.96,2026-03-26 21:11
TR00006,12295,Sanghamitra Express,Bengaluru,Patna Jn,Vijayawada,Gaya Jn,290.75,85.53,33.92,0.131,28.9,18,2,55.87,0.216,2.18,249.21,85.15,0,1,299.45,2026-02-08 22:59
TR00001,12123,Mumbai - Pune Express,Mumbai CST,Pune Jn,Kalyan,Karjat,175.38,85.42,18.75,0.055,33.4,4,5,12.15,0.514,5.47,150.33,97.17,0,0,151.07,2026-03-10 06:31
TR00002,11010,Deccan Express,Mumbai CST,Pune Jn,Mumbai CST,Dadar,137.34,74.72,6.21,0.111,21.4,20,5,3.45,0.171,8.28,117.72,73.16,0,0,115.73,2026-05-30 21:55
TR00003,12010,Shatabdi Express,Mumbai Central,Ahmedabad Jn,Borivali,Vapi,266.28,52.5,25.17,0.03,23.6,18,6,28.73,0.031,5.4,228.24,40.39,0,0,320.73,2026-06-09 23:20
TR00004,12951,Mumbai Rajdhani,Mumbai Central,New Delhi,Mumbai Central,Surat,262.01,58.44,24.46,0.228,33.8,10,1,20.72,0.377,1.88,224.58,64.41,0,0,322.36,2026-01-14 15:22
TR00005,12622,Tamil Nadu Express,New Delhi,Chennai Central,Nagpur,Vijayawada,215.3,75.29,11.96,0.378,24.8,8,1,9.74,0.079,6.41,184.54,70.65,0,0,188.42,2026-08-21 11:08
TR00006,12295,Sanghamitra Express,Bengaluru,Patna Jn,Guntakal Jn,Vijayawada,272.65,65.79,42.94,0.168,15.1,17,2,9.44,0.417,1.17,233.7,67.27,1,0,321.97,2026-02-02 22:21
TR00001,12123,Mumbai - Pune Express,Mumbai CST,Pune Jn,Kalyan,Karjat,163.82,82.65,10.6,0.407,30.8,9,2,5.43,0.036,4.18,140.42,66.17,0,0,128.79,2026-08-11 11:08
TR00002,11010,Deccan Express,Mumbai CST,Pune Jn,Kalyan,Lonavala,406.03,75.89,16.38,0.067,30.0,2,6,18.23,0.329,3.31,348.02,72.24,0,0,362.28,2026-03-15 08:02
TR00003,12010,Shatabdi Express,Mumbai Central,Ahmedabad Jn,Vadodara,Ahmedabad Jn,137.51,72.11,3.79,0.363,28.2,13,4,10.22,0.174,1.37,117.86,78.3,0,0,130.08,2026-08-23 15:10
TR00004,12951,Mumbai Rajdhani,Mumbai Central,New Delhi,Mumbai Central,Surat,256.68,56.21,20.64,0.506,20.0,14,1,5.29,0.18,4.43,220.01,48.38,0,0,314.85,2026-04-29 19:14
TR00005,12622,Tamil Nadu Express,New Delhi,Chennai Central,Vijayawada,Chennai Central,186.61,82.45,10.94,0.336,30.9,15,5,3.64,0.33,2.74,159.95,80.47,0,0,164.63,2026-02-23 17:44
TR00006,12295,Sanghamitra Express,Bengaluru,Patna Jn,Vijayawada,Gaya Jn,121.88,90.55,26.24,0.21,30.3,7,1,6.88,0.382,12.59,104.47,87.85,0,0,108.38,2026-05-29 08:48
TR00001,12123,Mumbai - Pune Express,Mumbai CST,Pune Jn,Lonavala,Pune Jn,282.49,54.43,24.05,0.383,32.7,1,5,21.82,0.28,2.25,242.13,54.71,0,0,369.77,2026-08-10 07:09
TR00002,11010,Deccan Express,Mumbai CST,Pune Jn,Lonavala,Pune Jn,253.08,84.36,38.11,0.238,35.3,0,5,21.16,0.18,0.89,216.92,77.79,1,0,228.52,2026-02-08 03:48
TR00003,12010,Shatabdi Express,Mumbai Central,Ahmedabad Jn,Vapi,Surat,82.8,63.52,18.23,0.371,33.7,0,5,16.78,0.34,9.59,70.97,52.6,0,0,95.89,2026-05-31 01:35
TR00004,12951,Mumbai Rajdhani,Mumbai Central,New Delhi,Vadodara,Kota Jn,469.48,93.06,16.81,0.321,30.1,6,5,4.95,0.228,10.53,402.42,88.46,0,0,340.95,2026-08-13 11:40
TR00005,12622,Tamil Nadu Express,New Delhi,Chennai Central,Bhopal Jn,Nagpur,134.98,36.1,26.83,0.044,30.8,13,4,21.09,0.5,11.53,115.7,32.16,0,0,270.45,2026-04-29 17:30
TR00006,12295,Sanghamitra Express,Bengaluru,Patna Jn,Guntakal Jn,Vijayawada,137.2,42.8,28.2,0.055,27.6,17,0,7.37,0.478,30.36,117.6,38.76,0,0,230.21,2026-02-16 20:50
TR00001,12123,Mumbai - Pune Express,Mumbai CST,Pune Jn,Lonavala,Pune Jn,289.56,72.56,25.01,0.485,21.4,22,4,6.55,0.216,17.35,248.2,62.3,0,0,286.94,2026-03-14 02:46
TR00002,11010,Deccan Express,Mumbai CST,Pune Jn,Kalyan,Lonavala,210.3,69.85,12.87,0.135,21.8,11,6,7.38,0.495,6.0,180.25,73.23,0,0,221.79,2026-06-25 14:41
TR00003,12010,Shatabdi Express,Mumbai Central,Ahmedabad Jn,Borivali,Vapi,290.01,80.67,41.69,0.326,26.8,16,2,67.5,0.351,12.77,248.58,75.73,0,0,271.56,2026-06-09 20:31
TR00004,12951,Mumbai Rajdhani,Mumbai Central,New Delhi,Surat,Vadodara,51.45,50.61,27.81,0.304,19.8,3,2,5.41,0.23,2.8,44.1,40.9,0,1,103.11,2026-08-26 04:43
TR00005,12622,Tamil Nadu Express,New Delhi,Chennai Central,Bhopal Jn,Nagpur,63.44,80.97,22.67,0.096,19.0,7,0,16.77,0.139,26.81,54.38,76.94,0,1,74.02,2026-01-29 08:14
TR00006,12295,Sanghamitra Express,Bengaluru,Patna Jn,Gaya Jn,Patna Jn,149.02,86.06,14.13,0.064,29.6,14,2,18.85,0.165,19.07,127.73,87.06,0,0,121.2,2026-01-04 16:01
TR00001,12123,Mumbai - Pune Express,Mumbai CST,Pune Jn,Lonavala,Pune Jn,65.51,75.4,14.92,0.214,27.9,13,3,47.58,0.122,2.42,56.15,72.9,0,0,65.41,2026-05-12 14:05
TR00002,11010,Deccan Express,Mumbai CST,Pune Jn,Kalyan,Lonavala,47.15,46.13,25.18,0.3,28.9,22,1,15.63,0.121,35.08,40.41,48.24,0,0,81.97,2026-08-25 23:21
TR00003,12010,Shatabdi Express,Mumbai Central,Ahmedabad Jn,Vadodara,Ahmedabad Jn,43.43,70.0,15.45,0.323,15.5,15,4,2.96,0.199,11.92,37.23,64.91,0,0,47.36,2026-02-10 15:47
TR00004,12951,Mumbai Rajdhani,Mumbai Central,New Delhi,Surat,Vadodara,324.24,34.43,35.86,0.164,25.9,0,6,7.82,0.216,19.73,277.92,32.82,1,0,641.06,2026-01-16 10:41
TR00005,12622,Tamil Nadu Express,New Delhi,Chennai Central,Vijayawada,Chennai Central,219.63,52.84,32.67,0.115,26.5,20,0,9.57,0.074,12.8,188.26,71.51,1,0,286.18,2026-08-23 00:46
TR00006,12295,Sanghamitra Express,Bengaluru,Patna Jn,Guntakal Jn,Vijayawada,119.52,113.86,16.2,0.086,16.2,5,2,27.22,0.227,4.39,102.45,118.2,0,0,74.08,2026-06-19 06:14
TR00001,12123,Mumbai - Pune Express,Mumbai CST,Pune Jn,Dadar,Kalyan,150.02,111.85,19.84,0.159,31.0,4,1,8.28,0.133,12.72,128.59,107.84,0,0,91.8,2026-04-09 05:31
TR00002,11010,Deccan Express,Mumbai CST,Pune Jn,Kalyan,Lonavala,373.93,104.41,24.47,0.174,29.1,16,2,17.25,0.394,5.42,320.51,109.06,0,0,255.0,2026-06-14 20:15
TR00003,12010,Shatabdi Express,Mumbai Central,Ahmedabad Jn,Borivali,Vapi,268.08,103.14,16.69,0.393,21.3,23,2,9.26,0.145,2.9,229.79,90.85,0,0,178.35,2026-03-14 01:58
TR00004,12951,Mumbai Rajdhani,Mumbai Central,New Delhi,Mumbai Central,Surat,217.16,87.78,20.23,0.169,16.8,23,3,10.15,0.184,1.83,186.14,90.68,0,0,180.84,2026-01-07 02:00
TR00005,12622,Tamil Nadu Express,New Delhi,Chennai Central,Nagpur,Vijayawada,164.6,71.5,12.01,0.039,25.9,10,6,4.13,0.041,0.79,141.09,78.94,0,0,148.14,2026-07-31 12:28
TR00006,12295,Sanghamitra Express,Bengaluru,Patna Jn,Gaya Jn,Patna Jn,267.1,52.46,4.36,0.143,34.7,3,0,22.45,0.138,6.15,228.95,43.52,0,0,328.42,2026-06-02 08:28
TR00001,12123,Mumbai - Pune Express,Mumbai CST,Pune Jn,Lonavala,Pune Jn,178.54,81.11,12.69,0.067,33.7,23,3,4.33,0.284,8.88,153.03,75.26,0,0,148.22,2026-08-24 01:28
TR00002,11010,Deccan Express,Mumbai CST,Pune Jn,Kalyan,Lonavala,391.32,82.46,40.86,0.44,23.7,16,2,16.92,0.251,11.88,335.42,93.68,1,0,360.76,2026-02-23 22:00
TR00003,12010,Shatabdi Express,Mumbai Central,Ahmedabad Jn,Mumbai Central,Borivali,226.51,72.98,13.98,0.367,27.1,17,0,2.59,0.333,8.56,194.15,72.92,0,0,219.5,2026-08-12 20:39
TR00004,12951,Mumbai Rajdhani,Mumbai Central,New Delhi,Surat,Vadodara,236.33,121.45,18.5,0.116,34.4,6,6,6.65,0.243,9.05,202.57,123.16,0,0,140.65,2026-06-11 08:20
TR00005,12622,Tamil Nadu Express,New Delhi,Chennai Central,Nagpur,Vijayawada,278.43,101.95,44.57,0.049,28.8,2,1,79.88,0.058,1.78,238.65,98.11,0,0,185.56,2026-04-09 05:05
TR00006,12295,Sanghamitra Express,Bengaluru,Patna Jn,Bengaluru,Guntakal Jn,116.07,86.99,18.62,0.187,34.1,15,5,17.0,0.33,1.87,99.49,88.72,0,0,98.42,2026-08-01 16:38
TR00001,12123,Mumbai - Pune Express,Mumbai CST,Pune Jn,Kalyan,Karjat,185.82,53.12,34.22,0.135,14.4,0,3,30.42,0.533,2.92,159.27,53.56,0,1,343.25,2026-01-14 05:43
TR00002,11010,Deccan Express,Mumbai CST,Pune Jn,Dadar,Kalyan,326.62,123.11,3.81,0.066,15.7,8,4,8.58,0.108,9.32,279.96,125.4,0,0,175.13,2026-04-17 10:55
TR00003,12010,Shatabdi Express,Mumbai Central,Ahmedabad Jn,Vapi,Surat,309.34,98.44,11.14,0.102,21.9,8,4,14.75,0.173,5.59,265.15,102.19,0,0,202.61,2026-05-28 11:22
TR00004,12951,Mumbai Rajdhani,Mumbai Central,New Delhi,Surat,Vadodara,402.24,89.56,24.27,0.176,39.3,0,2,13.73,0.116,1.5,344.77,95.13,0,1,372.7,2026-06-11 06:12
TR00005,12622,Tamil Nadu Express,New Delhi,Chennai Central,Vijayawada,Chennai Central,178.79,74.45,29.85,0.05,39.7,7,6,14.79,0.446,6.91,153.24,79.1,1,0,193.13,2026-04-02 10:13
TR00006,12295,Sanghamitra Express,Bengaluru,Patna Jn,Gaya Jn,Patna Jn,108.83,95.55,40.62,0.225,30.4,14,2,60.28,0.236,8.91,93.28,83.42,0,0,91.4,2026-03-04 15:31
TR00001,12123,Mumbai - Pune Express,Mumbai CST,Pune Jn,Mumbai CST,Dadar,173.27,74.44,35.78,0.029,36.1,7,6,18.77,0.583,5.83,148.52,78.61,1,0,191.47,2026-06-10 10:11
TR00002,11010,Deccan Express,Mumbai CST,Pune Jn,Lonavala,Pune Jn,198.02,81.1,31.61,0.387,41.8,3,2,4.83,0.443,13.96,169.73,93.12,0,1,246.62,2026-06-23 07:06
TR00003,12010,Shatabdi Express,Mumbai Central,Ahmedabad Jn,Vadodara,Ahmedabad Jn,89.85,52.7,42.94,0.123,32.5,12,4,23.5,0.041,2.97,77.01,68.8,1,0,142.44,2026-05-04 14:22
TR00004,12951,Mumbai Rajdhani,Mumbai Central,New Delhi,Surat,Vadodara,62.61,58.69,27.45,0.21,33.8,7,2,4.3,0.099,14.05,53.66,51.37,1,0,86.77,2026-08-19 08:26
TR00005,12622,Tamil Nadu Express,New Delhi,Chennai Central,Nagpur,Vijayawada,247.89,90.01,23.71,0.306,39.5,4,0,13.41,0.174,10.39,212.48,90.61,0,0,192.09,2026-01-31 07:12
TR00006,12295,Sanghamitra Express,Bengaluru,Patna Jn,Vijayawada,Gaya Jn,89.87,57.01,33.48,0.382,17.1,17,0,17.95,0.657,4.53,77.03,73.31,0,0,133.58,2026-07-26 19:13
TR00001,12123,Mumbai - Pune Express,Mumbai CST,Pune Jn,Mumbai CST,Dadar,146.94,71.46,38.31,0.44,20.2,21,5,25.33,0.341,6.06,125.95,77.47,0,0,155.4,2026-03-20 23:35
TR00002,11010,Deccan Express,Mumbai CST,Pune Jn,Kalyan,Lonavala,186.54,76.33,34.83,0.375,11.9,0,1,28.08,0.214,18.87,159.89,70.06,0,1,224.75,2026-07-28 03:44
TR00003,12010,Shatabdi Express,Mumbai Central,Ahmedabad Jn,Mumbai Central,Borivali,281.01,57.86,15.75,0.079,20.6,5,6,10.74,0.453,3.27,240.87,70.86,0,0,349.64,2026-03-02 10:49
TR00004,12951,Mumbai Rajdhani,Mumbai Central,New Delhi,Vadodara,Kota Jn,120.67,114.91,20.81,0.072,32.0,18,3,25.18,0.098,27.36,103.43,120.1,0,0,76.71,2026-08-08 19:16
TR00005,12622,Tamil Nadu Express,New Delhi,Chennai Central,Vijayawada,Chennai Central,472.75,100.04,19.85,0.232,24.8,3,5,8.15,0.352,0.35,405.21,108.54,0,0,334.63,2026-06-26 08:34
TR00006,12295,Sanghamitra Express,Bengaluru,Patna Jn,Guntakal Jn,Vijayawada,246.92,79.81,26.72,0.137,22.8,21,0,20.57,0.469,2.37,211.65,80.18,0,0,229.25,2026-07-22 00:49
TR00001,12123,Mumbai - Pune Express,Mumbai CST,Pune Jn,Kalyan,Karjat,263.41,36.54,27.67,0.16,25.9,11,0,19.28,0.292,1.26,225.78,49.27,1,0,507.01,2026-04-28 19:27
TR00002,11010,Deccan Express,Mumbai CST,Pune Jn,Dadar,Kalyan,111.58,72.59,16.78,0.181,18.5,14,5,5.99,0.155,2.98,95.64,69.65,0,0,115.26,2026-04-03 15:55
TR00003,12010,Shatabdi Express,Mumbai Central,Ahmedabad Jn,Mumbai Central,Borivali,248.89,71.57,9.61,0.219,33.1,19,4,3.95,0.254,15.11,213.33,68.21,0,0,239.67,2026-04-07 22:59
TR00004,12951,Mumbai Rajdhani,Mumbai Central,New Delhi,Vadodara,Kota Jn,214.56,80.7,3.79,0.225,34.8,2,4,4.68,0.196,5.5,183.91,69.51,0,0,175.43,2026-05-31 04:55
TR00005,12622,Tamil Nadu Express,New Delhi,Chennai Central,New Delhi,Bhopal Jn,126.59,80.28,11.11,0.028,38.4,12,6,6.07,0.178,20.35,108.5,85.39,0,1,128.69,2026-01-12 14:08
TR00006,12295,Sanghamitra Express,Bengaluru,Patna Jn,Gaya Jn,Patna Jn,437.79,68.23,11.9,0.393,35.2,19,3,7.87,0.162,18.99,375.25,65.9,0,0,427.38,2026-05-30 02:07
TR00001,12123,Mumbai - Pune Express,Mumbai CST,Pune Jn,Mumbai CST,Dadar,136.99,77.74,16.92,0.198,26.8,1,6,15.72,0.509,0.66,117.42,76.8,0,0,133.1,2026-06-07 03:13
TR00002,11010,Deccan Express,Mumbai CST,Pune Jn,Dadar,Kalyan,173.17,66.15,12.93,0.18,20.2,21,3,2.69,0.344,27.73,148.43,57.11,0,0,186.15,2026-01-08 00:06
TR00003,12010,Shatabdi Express,Mumbai Central,Ahmedabad Jn,Vadodara,Ahmedabad Jn,195.33,69.37,31.14,0.037,33.7,15,1,47.81,0.559,12.62,167.43,60.62,0,0,211.94,2026-01-16 18:31
TR00004,12951,Mumbai Rajdhani,Mumbai Central,New Delhi,Vadodara,Kota Jn,308.89,51.31,31.65,0.213,21.9,18,3,27.73,0.373,5.83,264.76,56.49,0,0,424.35,2026-02-01 01:04
TR00005,12622,Tamil Nadu Express,New Delhi,Chennai Central,Bhopal Jn,Nagpur,374.04,78.33,10.9,0.02,31.4,21,6,10.42,0.05,18.34,320.6,73.33,0,1,365.1,2026-07-24 03:05
TR00006,12295,Sanghamitra Express,Bengaluru,Patna Jn,Vijayawada,Gaya Jn,405.65,130.0,29.6,0.512,23.7,9,5,18.79,0.289,15.31,347.7,130.0,0,0,237.21,2026-03-01 12:57
TR00001,12123,Mumbai - Pune Express,Mumbai CST,Pune Jn,Dadar,Kalyan,381.27,105.84,10.46,0.131,25.1,1,1,18.08,0.245,11.4,326.8,98.22,0,0,247.94,2026-01-15 05:07
TR00002,11010,Deccan Express,Mumbai CST,Pune Jn,Lonavala,Pune Jn,230.11,41.13,27.47,0.274,21.7,3,3,11.05,0.158,15.71,197.23,37.62,0,0,382.24,2026-08-18 09:22
TR00003,12010,Shatabdi Express,Mumbai Central,Ahmedabad Jn,Mumbai Central,Borivali,357.43,105.01,6.9,0.301,22.9,11,5,22.67,0.072,4.68,306.37,103.24,0,0,218.76,2026-01-28 14:38
TR00004,12951,Mumbai Rajdhani,Mumbai Central,New Delhi,Surat,Vadodara,211.85,54.17,7.59,0.279,22.2,4,6,7.83,0.139,0.69,181.59,59.34,0,0,253.86,2026-05-29 08:13
TR00005,12622,Tamil Nadu Express,New Delhi,Chennai Central,Nagpur,Vijayawada,191.8,22.87,23.11,0.102,39.1,6,2,27.46,0.503,13.38,164.4,20.83,0,0,598.66,2026-03-19 15:58
TR00006,12295,Sanghamitra Express,Bengaluru,Patna Jn,Vijayawada,Gaya Jn,360.96,99.07,20.56,0.216,20.7,13,5,0.29,0.339,7.82,309.39,104.8,0,0,259.08,2026-01-06 17:19
TR00001,12123,Mumbai - Pune Express,Mumbai CST,Pune Jn,Dadar,Kalyan,275.64,28.56,11.2,0.154,30.9,12,5,5.49,0.045,7.15,236.26,20.0,0,1,763.59,2026-05-01 00:43
TR00002,11010,Deccan Express,Mumbai CST,Pune Jn,Kalyan,Lonavala,292.39,119.18,12.99,0.169,43.4,12,1,13.53,0.13,3.26,250.62,114.36,0,0,161.04,2026-01-29 14:41
TR00003,12010,Shatabdi Express,Mumbai Central,Ahmedabad Jn,Vadodara,Ahmedabad Jn,212.58,40.37,13.57,0.228,26.6,16,1,6.6,0.118,5.82,182.21,42.32,0,0,342.08,2026-03-19 21:42
TR00004,12951,Mumbai Rajdhani,Mumbai Central,New Delhi,Vadodara,Kota Jn,103.5,61.04,12.16,0.396,31.1,5,2,9.4,0.259,5.83,88.72,51.4,0,0,117.36,2026-06-06 06:57
TR00005,12622,Tamil Nadu Express,New Delhi,Chennai Central,Nagpur,Vijayawada,94.57,109.66,18.22,0.039,41.3,12,1,2.7,0.377,0.77,81.06,92.8,1,0,81.99,2026-08-07 13:21
TR00006,12295,Sanghamitra Express,Bengaluru,Patna Jn,Guntakal Jn,Vijayawada,440.33,79.51,16.72,0.156,24.3,9,2,6.94,0.331,8.71,377.43,86.35,0,0,387.21,2026-02-09 15:27
TR00001,12123,Mumbai - Pune Express,Mumbai CST,Pune Jn,Dadar,Kalyan,250.86,60.73,25.37,0.045,29.2,18,6,23.23,0.298,0.67,215.02,64.14,0,0,281.43,2026-07-10 22:41
TR00002,11010,Deccan Express,Mumbai CST,Pune Jn,Lonavala,Pune Jn,173.33,63.71,4.42,0.309,41.0,16,3,14.75,0.163,7.02,148.57,61.65,0,0,180.19,2026-06-12 19:00
TR00003,12010,Shatabdi Express,Mumbai Central,Ahmedabad Jn,Vapi,Surat,161.16,72.64,13.7,0.029,24.7,0,2,3.74,0.43,10.03,138.14,76.16,0,0,161.5,2026-01-09 02:41
TR00004,12951,Mumbai Rajdhani,Mumbai Central,New Delhi,Mumbai Central,Surat,126.9,101.39,27.29,0.183,30.7,3,0,39.26,0.089,1.78,108.77,96.12,0,0,95.91,2026-07-12 04:35
TR00005,12622,Tamil Nadu Express,New Delhi,Chennai Central,New Delhi,Bhopal Jn,467.4,69.04,20.5,0.085,38.0,19,6,23.4,0.035,17.21,400.63,65.46,0,0,427.44,2026-03-07 02:07
TR00006,12295,Sanghamitra Express,Bengaluru,Patna Jn,Guntakal Jn,Vijayawada,264.59,87.29,31.41,0.274,24.7,1,3,25.11,0.063,12.14,226.79,80.89,0,1,264.71,2026-01-15 05:24
TR00001,12123,Mumbai - Pune Express,Mumbai CST,Pune Jn,Karjat,Lonavala,70.8,128.72,37.96,0.37,27.9,10,1,7.52,0.211,24.16,60.69,127.54,0,1,66.09,2026-04-07 11:06
TR00002,11010,Deccan Express,Mumbai CST,Pune Jn,Dadar,Kalyan,272.06,35.07,25.54,0.341,33.1,1,4,13.18,0.509,10.89,233.19,35.73,0,0,577.69,2026-04-19 10:37
TR00003,12010,Shatabdi Express,Mumbai Central,Ahmedabad Jn,Surat,Vadodara,224.28,61.03,17.36,0.212,33.8,16,2,20.94,0.409,4.33,192.24,67.93,0,0,270.5,2026-04-17 20:30
TR00004,12951,Mumbai Rajdhani,Mumbai Central,New Delhi,Kota Jn,New Delhi,126.07,87.03,22.13,0.062,23.6,2,4,33.98,0.174,10.77,108.06,79.07,0,0,99.44,2026-04-21 03:39
TR00005,12622,Tamil Nadu Express,New Delhi,Chennai Central,Vijayawada,Chennai Central,98.98,37.3,20.78,0.177,37.3,19,0,21.28,0.398,12.65,84.84,44.51,0,0,190.9,2026-02-12 22:10
TR00006,12295,Sanghamitra Express,Bengaluru,Patna Jn,Guntakal Jn,Vijayawada,249.3,66.7,5.94,0.124,36.0,6,2,12.92,0.096,2.81,213.69,64.94,0,0,235.36,2026-08-13 09:55
TR00001,12123,Mumbai - Pune Express,Mumbai CST,Pune Jn,Lonavala,Pune Jn,289.04,45.41,27.18,0.174,18.4,9,5,6.19,0.304,1.53,247.75,47.32,0,1,553.26,2026-08-09 18:13
TR00002,11010,Deccan Express,Mumbai CST,Pune Jn,Lonavala,Pune Jn,428.88,58.32,13.2,0.312,19.8,1,5,22.63,0.162,8.84,367.61,60.99,0,0,492.92,2026-05-12 09:12
TR00003,12010,Shatabdi Express,Mumbai Central,Ahmedabad Jn,Mumbai Central,Borivali,499.36,57.37,31.4,0.279,22.7,20,5,30.01,0.309,17.47,428.02,65.08,0,0,609.56,2026-06-11 06:09
TR00004,12951,Mumbai Rajdhani,Mumbai Central,New Delhi,Kota Jn,New Delhi,277.28,112.44,39.85,0.248,28.8,4,5,8.32,0.348,2.23,237.66,108.9,0,0,193.46,2026-02-23 07:13
TR00005,12622,Tamil Nadu Express,New Delhi,Chennai Central,New Delhi,Bhopal Jn,268.89,70.38,37.4,0.072,26.4,8,3,41.83,0.399,0.54,230.48,69.9,1,0,287.81,2026-04-03 12:47
TR00006,12295,Sanghamitra Express,Bengaluru,Patna Jn,Vijayawada,Gaya Jn,195.47,61.58,34.99,0.176,31.2,16,6,28.42,0.283,4.75,167.55,59.37,1,0,235.96,2026-07-21 19:55
TR00001,12123,Mumbai - Pune Express,Mumbai CST,Pune Jn,Karjat,Lonavala,150.12,52.57,5.94,0.249,31.9,20,1,18.54,0.36,4.72,128.67,50.91,0,0,200.61,2026-02-17 23:20
TR00002,11010,Deccan Express,Mumbai CST,Pune Jn,Kalyan,Lonavala,206.09,69.62,30.46,0.083,25.1,8,0,30.59,0.252,3.34,176.65,70.2,0,1,253.59,2026-01-15 12:13
TR00003,12010,Shatabdi Express,Mumbai Central,Ahmedabad Jn,Surat,Vadodara,159.99,112.26,51.85,0.059,38.4,9,4,52.53,0.116,22.68,137.13,121.69,1,1,149.38,2026-03-23 11:29
TR00004,12951,Mumbai Rajdhani,Mumbai Central,New Delhi,Kota Jn,New Delhi,317.67,76.83,5.47,0.162,26.1,1,5,10.03,0.208,7.19,272.29,66.23,0,0,268.18,2026-05-11 05:28
TR00005,12622,Tamil Nadu Express,New Delhi,Chennai Central,Vijayawada,Chennai Central,158.03,56.61,19.96,0.104,18.7,11,3,37.14,0.421,9.3,135.45,47.28,0,0,207.14,2026-05-25 14:27
TR00006,12295,Sanghamitra Express,Bengaluru,Patna Jn,Bengaluru,Guntakal Jn,369.81,71.9,15.3,0.259,26.0,22,4,22.39,0.125,15.51,316.98,63.73,0,0,336.79,2026-01-31 03:36
TR00001,12123,Mumbai - Pune Express,Mumbai CST,Pune Jn,Mumbai CST,Dadar,328.38,109.91,42.45,0.193,33.4,5,0,40.6,0.217,5.74,281.47,121.13,1,0,226.72,2026-01-31 08:46
TR00002,11010,Deccan Express,Mumbai CST,Pune Jn,Mumbai CST,Dadar,353.1,86.89,9.37,0.11,22.8,6,6,11.71,0.161,9.54,302.65,88.56,0,0,260.03,2026-06-24 10:20
TR00003,12010,Shatabdi Express,Mumbai Central,Ahmedabad Jn,Vapi,Surat,292.74,82.63,15.77,0.207,32.5,14,3,18.95,0.046,14.23,250.92,88.43,0,0,231.52,2026-06-22 17:51
TR00004,12951,Mumbai Rajdhani,Mumbai Central,New Delhi,Kota Jn,New Delhi,134.88,84.96,24.82,0.171,37.3,18,0,23.68,0.094,20.93,115.61,80.54,0,0,112.14,2026-08-20 19:52
TR00005,12622,Tamil Nadu Express,New Delhi,Chennai Central,Vijayawada,Chennai Central,142.8,42.9,15.41,0.078,33.6,17,0,13.56,0.213,14.44,122.4,46.53,0,0,222.84,2026-04-11 20:42
TR00006,12295,Sanghamitra Express,Bengaluru,Patna Jn,Guntakal Jn,Vijayawada,566.7,53.84,8.38,0.261,30.4,12,3,16.96,0.268,6.85,485.74,50.47,0,0,710.43,2026-03-25 23:50
TR00001,12123,Mumbai - Pune Express,Mumbai CST,Pune Jn,Mumbai CST,Dadar,453.9,69.93,31.14,0.2,28.2,18,1,15.52,0.051,4.26,389.06,65.46,1,0,430.09,2026-03-10 01:10
TR00002,11010,Deccan Express,Mumbai CST,Pune Jn,Mumbai CST,Dadar,174.28,42.66,26.2,0.196,20.1,7,5,6.92,0.426,16.89,149.39,36.84,0,0,290.12,2026-02-23 11:50
TR00003,12010,Shatabdi Express,Mumbai Central,Ahmedabad Jn,Surat,Vadodara,129.67,59.9,10.37,0.088,34.3,21,1,13.8,0.048,6.57,111.14,77.64,0,0,136.03,2026-08-14 23:16
TR00004,12951,Mumbai Rajdhani,Mumbai Central,New Delhi,Vadodara,Kota Jn,394.21,76.52,24.92,0.179,29.2,4,0,12.69,0.328,1.72,337.9,83.02,0,1,455.29,2026-01-06 11:35
TR00005,12622,Tamil Nadu Express,New Delhi,Chennai Central,New Delhi,Bhopal Jn,162.14,123.25,47.75,0.306,27.3,11,5,38.38,0.226,4.76,138.98,119.24,1,0,121.67,2026-07-02 13:01
TR00006,12295,Sanghamitra Express,Bengaluru,Patna Jn,Guntakal Jn,Vijayawada,269.31,95.08,25.21,0.266,35.1,15,0,18.1,0.513,8.13,230.84,111.73,0,0,220.55,2026-08-05 18:40
TR00001,12123,Mumbai - Pune Express,Mumbai CST,Pune Jn,Mumbai CST,Dadar,282.4,101.27,33.88,0.088,34.9,9,3,74.9,0.311,1.29,242.06,102.72,0,0,208.63,2026-05-31 12:28
TR00002,11010,Deccan Express,Mumbai CST,Pune Jn,Lonavala,Pune Jn,355.3,65.33,35.47,0.087,22.0,2,4,16.07,0.602,11.6,304.54,62.09,0,1,525.07,2026-05-21 10:45
TR00003,12010,Shatabdi Express,Mumbai Central,Ahmedabad Jn,Borivali,Vapi,463.49,102.13,19.4,0.164,40.7,11,1,2.59,0.015,5.15,397.27,96.4,0,1,358.77,2026-02-02 16:58
TR00004,12951,Mumbai Rajdhani,Mumbai Central,New Delhi,Vadodara,Kota Jn,314.93,72.24,21.23,0.074,38.6,18,4,9.14,0.342,4.44,269.94,64.03,0,0,301.44,2026-05-14 23:01
TR00005,12622,Tamil Nadu Express,New Delhi,Chennai Central,Bhopal Jn,Nagpur,204.52,65.75,29.65,0.399,27.6,14,2,26.55,0.086,4.92,175.3,62.62,0,1,269.93,2026-04-28 18:29
TR00006,12295,Sanghamitra Express,Bengaluru,Patna Jn,Vijayawada,Gaya Jn,295.13,85.3,22.21,0.589,23.6,0,3,15.16,0.148,6.59,252.97,94.76,0,0,254.05,2026-03-17 04:14
TR00001,12123,Mumbai - Pune Express,Mumbai CST,Pune Jn,Karjat,Lonavala,240.48,63.95,15.04,0.221,30.8,22,0,12.14,0.336,2.38,206.13,55.7,0,0,255.48,2026-02-02 02:15
TR00002,11010,Deccan Express,Mumbai CST,Pune Jn,Kalyan,Lonavala,310.31,78.57,11.3,0.104,30.3,22,1,13.22,0.312,5.65,265.98,76.29,0,0,275.8,2026-03-02 02:35
TR00003,12010,Shatabdi Express,Mumbai Central,Ahmedabad Jn,Vapi,Surat,146.14,52.17,10.84,0.101,12.9,14,3,8.08,0.191,12.54,125.26,47.5,0,0,179.49,2026-04-25 16:59
TR00004,12951,Mumbai Rajdhani,Mumbai Central,New Delhi,Vadodara,Kota Jn,158.63,71.86,42.32,0.109,29.9,22,0,44.44,0.562,2.81,135.97,65.77,0,1,220.84,2026-04-13 01:40
TR00005,12622,Tamil Nadu Express,New Delhi,Chennai Central,Bhopal Jn,Nagpur,209.54,113.68,40.63,0.198,34.6,14,1,31.2,0.225,16.3,179.61,124.25,0,1,174.16,2026-04-08 16:54
TR00006,12295,Sanghamitra Express,Bengaluru,Patna Jn,Bengaluru,Guntakal Jn,638.73,118.91,26.73,0.402,21.8,20,5,12.58,0.105,5.72,547.48,104.73,0,0,366.01,2026-05-26 02:06
TR00001,12123,Mumbai - Pune Express,Mumbai CST,Pune Jn,Karjat,Lonavala,251.08,77.71,19.22,0.188,27.2,12,0,10.02,0.06,21.67,215.21,74.16,0,0,213.5,2026-08-26 15:33
TR00002,11010,Deccan Express,Mumbai CST,Pune Jn,Kalyan,Lonavala,374.09,44.13,34.24,0.377,26.4,12,3,31.31,0.275,10.38,320.65,54.02,1,0,608.86,2026-01-27 22:08
TR00003,12010,Shatabdi Express,Mumbai Central,Ahmedabad Jn,Vapi,Surat,214.91,108.14,36.72,0.25,24.6,23,4,10.5,0.137,34.45,184.21,122.75,1,0,155.12,2026-08-28 01:35
TR00004,12951,Mumbai Rajdhani,Mumbai Central,New Delhi,Vadodara,Kota Jn,300.9,38.96,0.0,0.011,31.3,8,1,11.51,0.139,2.58,257.92,34.45,0,0,483.86,2026-06-01 16:03
TR00005,12622,Tamil Nadu Express,New Delhi,Chennai Central,Bhopal Jn,Nagpur,211.8,77.95,8.55,0.039,27.8,6,5,8.48,0.179,6.36,181.54,89.03,0,0,172.39,2026-08-28 08:52
TR00006,12295,Sanghamitra Express,Bengaluru,Patna Jn,Guntakal Jn,Vijayawada,356.02,61.39,32.0,0.225,19.7,23,0,34.77,0.516,5.6,305.16,64.92,0,0,435.7,2026-05-04 06:15
TR00001,12123,Mumbai - Pune Express,Mumbai CST,Pune Jn,Karjat,Lonavala,296.46,51.84,24.79,0.246,29.0,23,2,21.17,0.328,20.98,254.11,46.71,0,1,516.59,2026-02-05 07:36
TR00002,11010,Deccan Express,Mumbai CST,Pune Jn,Dadar,Kalyan,216.45,76.22,46.02,0.693,25.3,9,3,26.25,0.083,9.24,185.53,68.87,1,0,231.08,2026-05-27 12:51
TR00003,12010,Shatabdi Express,Mumbai Central,Ahmedabad Jn,Mumbai Central,Borivali,415.47,71.24,21.28,0.221,18.1,8,2,2.41,0.496,8.13,356.12,69.71,0,0,419.59,2026-08-10 14:59
TR00004,12951,Mumbai Rajdhani,Mumbai Central,New Delhi,Surat,Vadodara,276.42,119.07,24.65,0.363,20.2,9,4,27.31,0.224,9.13,236.93,128.4,0,0,163.6,2026-02-17 11:43
TR00005,12622,Tamil Nadu Express,New Delhi,Chennai Central,New Delhi,Bhopal Jn,252.34,84.66,43.28,0.07,29.6,22,1,11.98,0.541,18.0,216.29,86.8,1,0,242.18,2026-02-22 02:02
TR00006,12295,Sanghamitra Express,Bengaluru,Patna Jn,Gaya Jn,Patna Jn,486.78,95.51,18.51,0.201,25.7,0,4,17.34,0.34,2.22,417.24,99.98,0,0,357.23,2026-07-02 05:57
TR00001,12123,Mumbai - Pune Express,Mumbai CST,Pune Jn,Mumbai CST,Dadar,88.52,80.53,8.06,0.025,36.3,7,2,15.51,0.253,3.14,75.88,71.13,0,0,69.48,2026-02-26 08:09
TR00002,11010,Deccan Express,Mumbai CST,Pune Jn,Kalyan,Lonavala,148.99,85.52,12.43,0.4,26.7,6,3,8.06,0.159,9.01,127.71,81.25,0,0,120.75,2026-01-01 08:00
TR00003,12010,Shatabdi Express,Mumbai Central,Ahmedabad Jn,Borivali,Vapi,481.85,45.66,15.9,0.284,27.6,10,5,9.3,0.145,9.81,413.02,44.92,0,0,700.35,2026-03-26 21:40
TR00004,12951,Mumbai Rajdhani,Mumbai Central,New Delhi,Kota Jn,New Delhi,200.08,85.06,29.56,0.62,23.3,17,5,21.58,0.432,1.29,171.5,91.93,0,1,248.65,2026-01-20 21:08
TR00005,12622,Tamil Nadu Express,New Delhi,Chennai Central,Vijayawada,Chennai Central,239.07,90.02,15.55,0.099,25.5,8,1,3.53,0.209,18.27,204.92,87.36,0,0,175.43,2026-02-20 10:55
TR00006,12295,Sanghamitra Express,Bengaluru,Patna Jn,Gaya Jn,Patna Jn,184.27,34.81,33.85,0.043,34.2,14,5,5.1,0.635,5.94,157.94,32.82,0,1,521.28,2026-07-03 22:41
TR00001,12123,Mumbai - Pune Express,Mumbai CST,Pune Jn,Kalyan,Karjat,216.64,66.16,24.94,0.049,35.4,13,6,12.59,0.311,5.43,185.69,69.28,0,0,226.99,2026-03-27 16:46
TR00002,11010,Deccan Express,Mumbai CST,Pune Jn,Mumbai CST,Dadar,354.79,77.43,19.0,0.107,31.5,4,0,36.07,0.032,12.16,304.11,81.19,0,0,285.9,2026-02-04 08:45
TR00003,12010,Shatabdi Express,Mumbai Central,Ahmedabad Jn,Vadodara,Ahmedabad Jn,236.87,59.28,16.75,0.045,19.3,2,5,12.64,0.328,0.33,203.03,55.78,0,0,262.97,2026-08-01 06:22
TR00004,12951,Mumbai Rajdhani,Mumbai Central,New Delhi,Mumbai Central,Surat,158.47,27.73,26.7,0.119,22.5,6,4,25.71,0.268,1.51,135.83,27.96,0,1,494.59,2026-01-25 14:14
TR00005,12622,Tamil Nadu Express,New Delhi,Chennai Central,New Delhi,Bhopal Jn,146.51,54.27,19.35,0.505,39.2,10,4,2.27,0.097,5.3,125.58,57.84,0,0,186.99,2026-02-19 13:06
TR00006,12295,Sanghamitra Express,Bengaluru,Patna Jn,Vijayawada,Gaya Jn,151.19,106.81,19.81,0.113,24.8,19,1,33.24,0.293,12.12,129.59,97.48,0,0,106.04,2026-07-04 20:46
TR00001,12123,Mumbai - Pune Express,Mumbai CST,Pune Jn,Lonavala,Pune Jn,231.55,90.87,6.27,0.059,29.4,19,2,8.24,0.166,0.68,198.47,86.6,0,0,163.5,2026-05-07 21:43
TR00002,11010,Deccan Express,Mumbai CST,Pune Jn,Mumbai CST,Dadar,156.6,56.54,22.47,0.26,33.9,18,3,13.29,0.325,7.51,134.23,53.82,0,0,193.25,2026-03-01 21:13
TR00003,12010,Shatabdi Express,Mumbai Central,Ahmedabad Jn,Vadodara,Ahmedabad Jn,344.7,41.42,37.87,0.403,13.1,14,4,5.32,0.712,8.1,295.45,44.1,0,1,909.18,2026-04-23 05:09
TR00004,12951,Mumbai Rajdhani,Mumbai Central,New Delhi,Mumbai Central,Surat,152.35,44.28,21.49,0.337,20.3,14,3,4.92,0.356,2.78,130.59,55.25,0,0,253.29,2026-02-12 18:13
TR00005,12622,Tamil Nadu Express,New Delhi,Chennai Central,Bhopal Jn,Nagpur,123.38,63.28,17.89,0.033,31.5,4,4,10.84,0.319,2.18,105.75,71.11,0,0,130.18,2026-08-05 06:10
TR00006,12295,Sanghamitra Express,Bengaluru,Patna Jn,Vijayawada,Gaya Jn,146.39,77.66,24.71,0.308,19.2,18,4,16.43,0.682,11.07,125.47,69.77,0,0,157.95,2026-01-20 20:37
TR00001,12123,Mumbai - Pune Express,Mumbai CST,Pune Jn,Karjat,Lonavala,123.11,68.33,30.58,0.226,25.1,16,0,43.63,0.261,26.04,105.52,58.79,0,0,134.56,2026-04-06 18:14
TR00002,11010,Deccan Express,Mumbai CST,Pune Jn,Mumbai CST,Dadar,558.44,74.36,17.24,0.513,30.5,15,1,17.3,0.178,7.23,478.67,83.07,0,0,511.61,2026-07-16 23:31
TR00003,12010,Shatabdi Express,Mumbai Central,Ahmedabad Jn,Borivali,Vapi,247.59,76.32,3.94,0.294,28.0,15,0,4.69,0.341,3.08,212.22,77.41,0,0,223.28,2026-04-30 18:43
TR00004,12951,Mumbai Rajdhani,Mumbai Central,New Delhi,Vadodara,Kota Jn,397.72,47.78,23.93,0.114,18.8,9,5,13.27,0.373,6.67,340.91,57.14,0,0,568.75,2026-05-16 18:28
TR00005,12622,Tamil Nadu Express,New Delhi,Chennai Central,New Delhi,Bhopal Jn,82.95,61.44,12.3,0.163,31.0,12,1,15.25,0.282,6.17,71.1,68.39,0,0,103.37,2026-02-13 13:43
TR00006,12295,Sanghamitra Express,Bengaluru,Patna Jn,Gaya Jn,Patna Jn,262.39,85.21,30.2,0.13,31.6,5,4,37.28,0.187,15.57,224.91,82.08,0,0,213.35,2026-06-04 08:33
TR00001,12123,Mumbai - Pune Express,Mumbai CST,Pune Jn,Kalyan,Karjat,208.61,52.44,13.99,0.259,20.1,9,4,4.39,0.225,10.89,178.81,59.44,0,0,274.63,2026-02-10 13:34
TR00002,11010,Deccan Express,Mumbai CST,Pune Jn,Dadar,Kalyan,299.17,79.24,17.39,0.018,35.8,15,6,31.86,0.058,16.09,256.43,89.56,0,0,244.76,2026-01-11 19:04
TR00003,12010,Shatabdi Express,Mumbai Central,Ahmedabad Jn,Mumbai Central,Borivali,352.99,39.33,26.29,0.089,30.0,11,1,22.42,0.388,15.06,302.57,27.12,0,0,617.09,2026-05-07 21:17
TR00004,12951,Mumbai Rajdhani,Mumbai Central,New Delhi,Vadodara,Kota Jn,184.73,92.09,29.24,0.348,34.4,20,4,13.12,0.407,2.96,158.34,98.93,0,0,161.52,2026-07-20 22:41
TR00005,12622,Tamil Nadu Express,New Delhi,Chennai Central,New Delhi,Bhopal Jn,269.27,78.41,28.46,0.339,27.6,5,5,11.82,0.443,16.9,230.8,71.7,0,0,262.43,2026-07-04 09:22
TR00006,12295,Sanghamitra Express,Bengaluru,Patna Jn,Guntakal Jn,Vijayawada,160.62,75.79,6.87,0.056,28.1,20,2,7.37,0.208,5.49,137.68,74.94,0,0,142.17,2026-05-28 22:22
TR00001,12123,Mumbai - Pune Express,Mumbai CST,Pune Jn,Lonavala,Pune Jn,318.99,94.45,25.27,0.319,28.9,5,2,7.1,0.077,5.58,273.42,99.28,0,0,233.08,2026-08-22 08:53
TR00002,11010,Deccan Express,Mumbai CST,Pune Jn,Lonavala,Pune Jn,70.2,121.58,11.62,0.234,38.5,17,1,18.53,0.241,3.3,60.17,124.67,0,0,38.1,2026-05-03 17:38
TR00003,12010,Shatabdi Express,Mumbai Central,Ahmedabad Jn,Borivali,Vapi,363.35,61.19,36.93,0.42,30.4,17,0,9.84,0.247,1.25,311.44,69.84,1,0,432.31,2026-03-28 00:12
TR00004,12951,Mumbai Rajdhani,Mumbai Central,New Delhi,Mumbai Central,Surat,378.99,20.0,22.83,0.369,24.6,19,3,9.69,0.482,13.57,324.85,20.0,0,0,1397.33,2026-03-24 18:17
TR00005,12622,Tamil Nadu Express,New Delhi,Chennai Central,New Delhi,Bhopal Jn,432.29,75.07,25.42,0.099,30.9,21,5,26.47,0.1,5.12,370.54,70.6,0,1,478.75,2026-06-14 04:58
TR00006,12295,Sanghamitra Express,Bengaluru,Patna Jn,Bengaluru,Guntakal Jn,85.78,111.44,22.79,0.404,29.4,1,3,25.28,0.202,20.08,73.53,116.02,0,0,58.23,2026-08-15 01:58
TR00001,12123,Mumbai - Pune Express,Mumbai CST,Pune Jn,Dadar,Kalyan,313.99,70.66,18.89,0.035,39.1,19,3,3.78,0.34,13.12,269.13,72.79,0,1,377.72,2026-04-20 01:17
TR00002,11010,Deccan Express,Mumbai CST,Pune Jn,Dadar,Kalyan,218.09,86.79,15.77,0.384,39.8,16,3,1.91,0.11,5.83,186.94,74.56,0,1,219.43,2026-06-22 19:39
TR00003,12010,Shatabdi Express,Mumbai Central,Ahmedabad Jn,Vadodara,Ahmedabad Jn,840.94,62.98,12.75,0.153,30.0,2,3,29.95,0.415,15.44,720.81,62.63,0,0,919.73,2026-06-07 17:19
TR00004,12951,Mumbai Rajdhani,Mumbai Central,New Delhi,Vadodara,Kota Jn,237.21,103.3,3.64,0.073,24.9,18,6,13.31,0.273,0.46,203.33,98.61,0,0,151.2,2026-07-26 20:31
TR00005,12622,Tamil Nadu Express,New Delhi,Chennai Central,New Delhi,Bhopal Jn,194.21,103.81,26.81,0.072,30.9,14,6,4.64,0.453,6.99,166.46,101.59,1,0,156.97,2026-04-20 16:36
TR00006,12295,Sanghamitra Express,Bengaluru,Patna Jn,Bengaluru,Guntakal Jn,71.19,62.93,60.38,0.234,31.1,0,4,45.35,0.269,7.33,61.02,56.92,1,1,137.56,2026-04-01 02:17
TR00001,12123,Mumbai - Pune Express,Mumbai CST,Pune Jn,Karjat,Lonavala,167.34,20.0,9.21,0.022,32.9,0,6,7.24,0.244,14.22,143.43,20.0,0,0,544.16,2026-06-19 09:04
TR00002,11010,Deccan Express,Mumbai CST,Pune Jn,Dadar,Kalyan,102.75,57.98,45.79,0.158,28.6,4,4,36.17,0.559,6.6,88.07,59.01,0,1,192.63,2026-06-14 07:12
TR00003,12010,Shatabdi Express,Mumbai Central,Ahmedabad Jn,Vadodara,Ahmedabad Jn,339.95,126.01,8.54,0.13,22.6,3,3,13.4,0.032,5.61,291.38,126.51,0,0,170.74,2026-06-19 05:50
TR00004,12951,Mumbai Rajdhani,Mumbai Central,New Delhi,Surat,Vadodara,270.88,70.47,17.5,0.258,30.5,11,3,31.87,0.084,28.11,232.18,50.87,0,0,258.41,2026-04-18 15:18
TR00005,12622,Tamil Nadu Express,New Delhi,Chennai Central,Bhopal Jn,Nagpur,364.67,72.09,21.16,0.403,41.9,21,5,11.05,0.178,3.98,312.57,69.21,0,0,349.81,2026-03-05 02:49
TR00006,12295,Sanghamitra Express,Bengaluru,Patna Jn,Vijayawada,Gaya Jn,450.86,81.25,27.72,0.048,28.8,14,3,37.64,0.367,0.78,386.45,74.23,0,0,389.57,2026-05-06 20:29
TR00001,12123,Mumbai - Pune Express,Mumbai CST,Pune Jn,Karjat,Lonavala,303.51,120.88,27.04,0.018,26.5,12,6,37.15,0.356,4.53,260.15,124.17,0,0,180.87,2026-03-08 15:00
TR00002,11010,Deccan Express,Mumbai CST,Pune Jn,Kalyan,Lonavala,99.3,59.53,38.82,0.035,21.3,21,6,19.13,0.607,6.58,85.11,64.16,0,0,140.49,2026-07-14 23:20
TR00003,12010,Shatabdi Express,Mumbai Central,Ahmedabad Jn,Borivali,Vapi,156.94,58.5,11.17,0.145,35.2,16,2,24.55,0.318,4.45,134.52,65.46,0,0,189.01,2026-04-21 19:09
TR00004,12951,Mumbai Rajdhani,Mumbai Central,New Delhi,Mumbai Central,Surat,135.08,84.02,39.37,0.258,27.1,9,5,16.09,0.323,12.96,115.78,85.74,1,0,138.86,2026-04-13 11:18
TR00005,12622,Tamil Nadu Express,New Delhi,Chennai Central,Vijayawada,Chennai Central,251.9,54.42,23.04,0.026,23.4,0,4,27.67,0.08,7.28,215.91,50.56,1,0,302.36,2026-08-14 05:02
TR00006,12295,Sanghamitra Express,Bengaluru,Patna Jn,Bengaluru,Guntakal Jn,170.58,106.3,19.93,0.15,31.3,8,6,13.06,0.474,10.67,146.21,100.35,0,0,117.89,2026-01-04 09:57
TR00001,12123,Mumbai - Pune Express,Mumbai CST,Pune Jn,Mumbai CST,Dadar,275.34,92.45,17.54,0.004,33.3,15,2,6.84,0.226,1.8,236.01,97.45,0,0,196.39,2026-04-27 18:16
TR00002,11010,Deccan Express,Mumbai CST,Pune Jn,Dadar,Kalyan,157.72,104.24,21.07,0.086,30.3,4,1,22.23,0.35,7.76,135.19,100.35,0,0,109.83,2026-01-25 05:49
TR00003,12010,Shatabdi Express,Mumbai Central,Ahmedabad Jn,Vapi,Surat,145.63,72.7,30.41,0.023,23.7,6,0,31.26,0.37,7.91,124.82,81.6,0,0,150.44,2026-08-26 08:30
TR00004,12951,Mumbai Rajdhani,Mumbai Central,New Delhi,Kota Jn,New Delhi,265.56,61.43,13.21,0.094,32.5,21,4,16.29,0.047,17.66,227.62,64.96,0,1,333.96,2026-01-03 02:33
TR00005,12622,Tamil Nadu Express,New Delhi,Chennai Central,New Delhi,Bhopal Jn,96.37,44.99,9.82,0.043,42.0,16,1,1.18,0.185,10.08,82.6,46.57,0,0,143.27,2026-03-14 18:23
TR00006,12295,Sanghamitra Express,Bengaluru,Patna Jn,Gaya Jn,Patna Jn,66.14,88.71,22.64,0.385,24.8,17,0,26.47,0.107,6.77,56.69,86.52,0,0,64.8,2026-02-20 18:04
TR00001,12123,Mumbai - Pune Express,Mumbai CST,Pune Jn,Dadar,Kalyan,268.38,78.96,18.73,0.199,34.4,7,1,3.82,0.265,6.55,230.04,88.9,0,0,232.67,2026-05-03 10:52
TR00002,11010,Deccan Express,Mumbai CST,Pune Jn,Kalyan,Lonavala,108.12,100.33,18.7,0.147,28.1,2,3,26.18,0.127,7.04,92.67,99.19,0,0,72.36,2026-03-04 03:12
TR00003,12010,Shatabdi Express,Mumbai Central,Ahmedabad Jn,Surat,Vadodara,81.5,112.0,20.13,0.236,22.9,1,2,12.26,0.12,34.09,69.86,122.79,0,0,61.88,2026-07-02 02:01
TR00004,12951,Mumbai Rajdhani,Mumbai Central,New Delhi,Kota Jn,New Delhi,190.47,62.28,14.98,0.082,27.3,4,3,29.56,0.292,39.16,163.26,64.68,0,0,205.51,2026-06-06 07:25
TR00005,12622,Tamil Nadu Express,New Delhi,Chennai Central,Vijayawada,Chennai Central,82.48,70.21,7.63,0.144,35.7,4,2,17.86,0.148,1.12,70.7,52.73,0,0,76.4,2026-02-13 05:16
TR00006,12295,Sanghamitra Express,Bengaluru,Patna Jn,Vijayawada,Gaya Jn,222.54,53.31,16.52,0.042,32.7,17,2,31.1,0.054,24.72,190.75,52.48,0,0,265.99,2026-02-13 21:25
TR00001,12123,Mumbai - Pune Express,Mumbai CST,Pune Jn,Lonavala,Pune Jn,409.91,72.09,36.49,0.299,22.1,14,3,6.46,0.636,35.55,351.36,58.13,1,0,465.22,2026-05-29 21:45
TR00002,11010,Deccan Express,Mumbai CST,Pune Jn,Mumbai CST,Dadar,387.65,48.41,25.17,0.295,26.0,17,2,27.33,0.4,7.29,332.27,47.37,0,0,576.62,2026-06-13 02:36
TR00003,12010,Shatabdi Express,Mumbai Central,Ahmedabad Jn,Vapi,Surat,111.9,38.61,4.02,0.046,37.0,12,1,10.46,0.084,5.02,95.91,27.24,0,0,189.31,2026-06-16 15:09
TR00004,12951,Mumbai Rajdhani,Mumbai Central,New Delhi,Mumbai Central,Surat,266.62,83.72,5.11,0.044,29.6,3,4,12.39,0.209,2.52,228.53,76.03,0,0,210.79,2026-05-02 06:30
TR00005,12622,Tamil Nadu Express,New Delhi,Chennai Central,Bhopal Jn,Nagpur,93.29,38.31,18.66,0.35,17.5,7,2,13.56,0.084,6.43,79.96,42.09,0,0,168.31,2026-03-31 09:48
TR00006,12295,Sanghamitra Express,Bengaluru,Patna Jn,Gaya Jn,Patna Jn,382.62,56.53,8.04,0.044,39.2,17,0,15.89,0.092,5.77,327.96,56.99,0,0,418.66,2026-03-17 23:58
TR00001,12123,Mumbai - Pune Express,Mumbai CST,Pune Jn,Mumbai CST,Dadar,457.26,97.33,24.28,0.266,27.9,10,2,9.1,0.233,12.91,391.94,105.39,0,0,323.11,2026-04-12 15:23
TR00002,11010,Deccan Express,Mumbai CST,Pune Jn,Lonavala,Pune Jn,176.23,82.56,27.13,0.378,35.5,4,4,11.45,0.627,7.75,151.05,81.14,0,0,173.17,2026-05-18 06:53
TR00003,12010,Shatabdi Express,Mumbai Central,Ahmedabad Jn,Surat,Vadodara,263.48,50.33,16.8,0.005,28.5,12,2,8.13,0.281,4.27,225.84,47.9,0,0,343.88,2026-06-30 17:43
TR00004,12951,Mumbai Rajdhani,Mumbai Central,New Delhi,Mumbai Central,Surat,232.51,79.91,19.16,0.304,35.4,16,3,8.53,0.172,32.56,199.29,87.98,0,0,201.34,2026-07-05 19:21
TR00005,12622,Tamil Nadu Express,New Delhi,Chennai Central,Nagpur,Vijayawada,332.38,56.99,5.2,0.274,36.6,11,5,3.25,0.178,35.74,284.89,54.51,0,0,380.36,2026-05-03 17:20
TR00006,12295,Sanghamitra Express,Bengaluru,Patna Jn,Vijayawada,Gaya Jn,93.4,92.59,31.35,0.012,23.6,13,1,21.54,0.479,9.69,80.06,96.62,0,0,86.87,2026-08-22 14:26
TR00001,12123,Mumbai - Pune Express,Mumbai CST,Pune Jn,Mumbai CST,Dadar,140.51,76.92,12.86,0.147,32.1,18,3,29.1,0.276,4.09,120.44,85.7,0,0,127.42,2026-05-28 20:07
TR00002,11010,Deccan Express,Mumbai CST,Pune Jn,Mumbai CST,Dadar,320.31,75.13,27.89,0.15,30.6,17,4,1.0,0.207,24.78,274.55,94.12,0,0,297.21,2026-04-01 21:57
TR00003,12010,Shatabdi Express,Mumbai Central,Ahmedabad Jn,Borivali,Vapi,133.49,130.0,17.27,0.154,19.7,14,2,17.12,0.204,14.39,114.42,128.69,0,0,71.93,2026-03-29 15:11
TR00004,12951,Mumbai Rajdhani,Mumbai Central,New Delhi,Kota Jn,New Delhi,269.24,65.14,37.8,0.09,30.7,14,1,28.74,0.506,1.7,230.77,61.24,0,0,305.46,2026-06-07 19:05
TR00005,12622,Tamil Nadu Express,New Delhi,Chennai Central,Vijayawada,Chennai Central,291.71,117.48,18.47,0.2,23.2,3,1,4.5,0.323,4.01,250.04,100.19,0,0,168.95,2026-08-12 05:48
TR00006,12295,Sanghamitra Express,Bengaluru,Patna Jn,Bengaluru,Guntakal Jn,274.01,57.84,15.62,0.181,33.2,7,4,17.64,0.051,4.8,234.87,46.98,1,0,317.67,2026-02-19 12:17
TR00001,12123,Mumbai - Pune Express,Mumbai CST,Pune Jn,Mumbai CST,Dadar,74.51,50.25,25.31,0.202,27.0,14,6,30.82,0.345,4.24,63.86,51.65,0,0,114.79,2026-03-07 15:54
TR00002,11010,Deccan Express,Mumbai CST,Pune Jn,Dadar,Kalyan,201.96,77.62,4.32,0.218,38.8,10,2,2.46,0.056,6.95,173.11,83.35,0,0,175.96,2026-05-29 12:55
TR00003,12010,Shatabdi Express,Mumbai Central,Ahmedabad Jn,Vadodara,Ahmedabad Jn,293.38,82.83,35.37,0.302,32.4,7,3,15.64,0.155,14.74,251.47,82.67,1,0,263.81,2026-06-18 11:23
TR00004,12951,Mumbai Rajdhani,Mumbai Central,New Delhi,Vadodara,Kota Jn,170.47,63.02,23.46,0.206,23.0,7,3,14.35,0.655,2.89,146.12,61.72,0,0,221.6,2026-06-20 10:41
TR00005,12622,Tamil Nadu Express,New Delhi,Chennai Central,Bhopal Jn,Nagpur,181.78,92.21,19.33,0.291,21.3,9,2,30.74,0.411,0.24,155.81,102.09,0,0,150.24,2026-01-02 11:30
TR00006,12295,Sanghamitra Express,Bengaluru,Patna Jn,Guntakal Jn,Vijayawada,49.09,60.31,18.84,0.208,23.5,19,3,5.79,0.093,15.92,42.08,58.29,0,0,61.48,2026-08-05 20:01
TR00001,12123,Mumbai - Pune Express,Mumbai CST,Pune Jn,Dadar,Kalyan,153.75,76.04,20.65,0.294,29.5,2,3,47.45,0.154,9.49,131.79,63.43,0,0,143.59,2026-01-05 04:23
TR00002,11010,Deccan Express,Mumbai CST,Pune Jn,Mumbai CST,Dadar,173.14,85.15,38.53,0.011,38.1,11,5,24.03,0.591,1.9,148.41,90.0,0,0,162.88,2026-07-26 13:42
TR00003,12010,Shatabdi Express,Mumbai Central,Ahmedabad Jn,Surat,Vadodara,107.53,76.48,10.03,0.231,27.0,22,5,5.85,0.289,7.84,92.17,81.13,0,0,97.69,2026-05-20 23:37
TR00004,12951,Mumbai Rajdhani,Mumbai Central,New Delhi,Vadodara,Kota Jn,147.03,60.12,11.09,0.043,23.2,6,0,14.79,0.024,2.04,126.02,64.64,0,0,157.43,2026-01-25 08:37
TR00005,12622,Tamil Nadu Express,New Delhi,Chennai Central,Vijayawada,Chennai Central,115.49,65.34,16.65,0.051,33.6,19,4,12.79,0.017,7.94,98.99,66.01,0,1,143.04,2026-07-25 21:23
TR00006,12295,Sanghamitra Express,Bengaluru,Patna Jn,Guntakal Jn,Vijayawada,103.99,53.61,20.05,0.284,26.3,20,5,10.75,0.542,24.23,89.14,51.6,0,0,150.48,2026-02-15 22:30
TR00001,12123,Mumbai - Pune Express,Mumbai CST,Pune Jn,Mumbai CST,Dadar,177.39,97.14,7.88,0.196,37.7,18,2,18.38,0.174,9.38,152.05,103.71,0,0,121.73,2026-03-08 20:01
TR00002,11010,Deccan Express,Mumbai CST,Pune Jn,Mumbai CST,Dadar,85.22,69.58,24.46,0.187,25.4,4,1,3.97,0.537,21.03,73.05,71.11,0,0,99.64,2026-01-03 05:39
TR00003,12010,Shatabdi Express,Mumbai Central,Ahmedabad Jn,Vadodara,Ahmedabad Jn,233.75,48.67,38.32,0.534,34.3,1,5,17.68,0.367,9.47,200.35,39.29,0,1,478.72,2026-06-11 08:58
TR00004,12951,Mumbai Rajdhani,Mumbai Central,New Delhi,Kota Jn,New Delhi,519.12,59.22,18.82,0.231,20.1,8,6,11.32,0.391,5.11,444.96,59.84,0,0,613.84,2026-02-01 18:13
TR00005,12622,Tamil Nadu Express,New Delhi,Chennai Central,Vijayawada,Chennai Central,260.07,86.22,30.9,0.21,40.5,17,5,33.95,0.276,20.15,222.92,88.35,0,0,220.66,2026-01-23 20:40
TR00006,12295,Sanghamitra Express,Bengaluru,Patna Jn,Vijayawada,Gaya Jn,168.98,94.97,39.72,0.138,31.8,18,2,9.16,0.349,0.5,144.84,93.37,1,0,151.49,2026-08-26 20:31
TR00001,12123,Mumbai - Pune Express,Mumbai CST,Pune Jn,Lonavala,Pune Jn,137.08,83.93,43.25,0.407,25.8,16,5,8.3,0.018,20.4,117.5,83.25,1,0,137.61,2026-03-11 18:17
TR00002,11010,Deccan Express,Mumbai CST,Pune Jn,Kalyan,Lonavala,88.5,59.98,16.56,0.245,22.6,10,5,10.14,0.228,3.36,75.86,63.07,0,0,104.84,2026-06-21 11:44
TR00003,12010,Shatabdi Express,Mumbai Central,Ahmedabad Jn,Borivali,Vapi,303.14,20.0,19.28,0.182,29.4,6,4,14.87,0.333,24.84,259.84,23.86,0,0,1025.53,2026-08-26 23:05
TR00004,12951,Mumbai Rajdhani,Mumbai Central,New Delhi,Mumbai Central,Surat,243.19,51.97,24.64,0.348,19.9,9,6,8.9,0.194,10.55,208.45,63.33,0,0,328.63,2026-06-13 14:28
TR00005,12622,Tamil Nadu Express,New Delhi,Chennai Central,Vijayawada,Chennai Central,187.41,94.53,13.88,0.132,19.6,7,1,10.3,0.198,4.49,160.64,83.48,0,0,130.65,2026-02-11 09:10
TR00006,12295,Sanghamitra Express,Bengaluru,Patna Jn,Bengaluru,Guntakal Jn,452.1,55.48,31.95,0.647,23.7,21,4,7.03,0.457,0.35,387.51,37.75,0,0,631.12,2026-02-07 07:31
TR00001,12123,Mumbai - Pune Express,Mumbai CST,Pune Jn,Lonavala,Pune Jn,104.3,87.61,31.53,0.279,37.3,13,1,38.76,0.229,0.77,89.4,103.06,0,0,98.7,2026-04-05 14:38
TR00002,11010,Deccan Express,Mumbai CST,Pune Jn,Mumbai CST,Dadar,308.62,77.39,12.39,0.094,36.9,2,5,5.42,0.166,17.64,264.53,95.73,0,0,263.08,2026-04-07 06:23
TR00003,12010,Shatabdi Express,Mumbai Central,Ahmedabad Jn,Borivali,Vapi,277.08,71.25,6.64,0.228,30.0,23,2,6.99,0.169,1.08,237.5,74.9,0,0,246.88,2026-07-10 03:06
TR00004,12951,Mumbai Rajdhani,Mumbai Central,New Delhi,Vadodara,Kota Jn,244.96,54.77,20.84,0.389,31.4,7,6,14.17,0.329,0.42,209.97,51.15,0,0,320.93,2026-05-31 12:20
TR00005,12622,Tamil Nadu Express,New Delhi,Chennai Central,Nagpur,Vijayawada,317.33,67.4,31.0,0.018,32.7,8,1,19.15,0.635,8.53,271.99,83.42,0,0,354.24,2026-05-03 13:54
TR00006,12295,Sanghamitra Express,Bengaluru,Patna Jn,Guntakal Jn,Vijayawada,263.44,124.0,36.23,0.627,36.1,22,0,19.89,0.562,20.49,225.8,128.48,0,0,188.82,2026-07-06 01:08
TR00001,12123,Mumbai - Pune Express,Mumbai CST,Pune Jn,Dadar,Kalyan,156.79,102.1,18.75,0.326,31.3,13,6,10.95,0.349,1.98,134.39,111.13,0,0,117.48,2026-07-02 14:57
TR00002,11010,Deccan Express,Mumbai CST,Pune Jn,Dadar,Kalyan,290.77,38.98,21.13,0.169,34.5,7,0,7.19,0.576,8.33,249.23,44.64,0,0,551.48,2026-07-04 16:11
TR00003,12010,Shatabdi Express,Mumbai Central,Ahmedabad Jn,Borivali,Vapi,174.68,113.19,7.17,0.118,31.2,7,2,18.31,0.055,14.92,149.73,105.19,0,0,97.77,2026-07-13 08:37
TR00004,12951,Mumbai Rajdhani,Mumbai Central,New Delhi,Vadodara,Kota Jn,272.53,99.73,10.76,0.142,31.7,16,0,2.87,0.194,9.0,233.59,119.04,0,0,177.63,2026-03-01 18:57
TR00005,12622,Tamil Nadu Express,New Delhi,Chennai Central,New Delhi,Bhopal Jn,115.76,67.92,46.19,0.665,23.0,3,6,44.65,0.592,3.88,99.23,75.32,0,0,162.95,2026-02-18 05:42
TR00006,12295,Sanghamitra Express,Bengaluru,Patna Jn,Bengaluru,Guntakal Jn,206.04,72.54,17.86,0.405,17.9,2,4,2.79,0.35,16.79,176.61,92.61,0,0,210.89,2026-02-05 05:30
TR00001,12123,Mumbai - Pune Express,Mumbai CST,Pune Jn,Kalyan,Karjat,89.14,96.05,13.14,0.007,19.6,7,2,32.28,0.138,8.6,76.4,87.95,0,0,65.33,2026-02-22 08:05
TR00002,11010,Deccan Express,Mumbai CST,Pune Jn,Lonavala,Pune Jn,117.51,72.02,25.78,0.22,25.9,2,4,11.4,0.616,7.32,100.72,82.71,0,0,128.26,2026-07-27 04:08
TR00003,12010,Shatabdi Express,Mumbai Central,Ahmedabad Jn,Vapi,Surat,254.19,93.46,6.35,0.123,33.7,17,5,15.28,0.112,7.83,217.87,97.92,0,0,176.59,2026-01-29 19:56
TR00004,12951,Mumbai Rajdhani,Mumbai Central,New Delhi,Mumbai Central,Surat,155.59,68.6,9.29,0.166,21.8,10,6,3.01,0.191,13.48,133.37,80.65,0,0,148.02,2026-08-23 12:28
TR00005,12622,Tamil Nadu Express,New Delhi,Chennai Central,New Delhi,Bhopal Jn,73.09,95.39,10.56,0.066,31.3,2,3,14.93,0.202,13.25,62.65,85.26,0,0,50.82,2026-05-23 02:50
TR00006,12295,Sanghamitra Express,Bengaluru,Patna Jn,Guntakal Jn,Vijayawada,237.38,80.58,19.58,0.187,32.0,8,3,22.44,0.203,11.75,203.47,91.07,0,0,199.16,2026-05-22 11:19
TR00001,12123,Mumbai - Pune Express,Mumbai CST,Pune Jn,Dadar,Kalyan,281.01,89.71,29.49,0.038,31.8,23,6,27.51,0.588,27.86,240.87,90.69,0,0,237.88,2026-03-10 02:57
TR00002,11010,Deccan Express,Mumbai CST,Pune Jn,Mumbai CST,Dadar,60.72,30.74,24.59,0.178,24.3,23,0,3.63,0.33,22.04,52.05,25.28,0,0,147.04,2026-07-24 01:27
TR00003,12010,Shatabdi Express,Mumbai Central,Ahmedabad Jn,Vadodara,Ahmedabad Jn,420.33,42.28,18.55,0.267,29.3,15,5,12.37,0.273,6.25,360.29,28.54,0,0,675.66,2026-07-27 02:15
TR00004,12951,Mumbai Rajdhani,Mumbai Central,New Delhi,Mumbai Central,Surat,310.31,102.47,31.7,0.422,26.6,18,4,36.43,0.09,3.85,265.98,98.34,0,1,272.36,2026-01-31 22:32
TR00005,12622,Tamil Nadu Express,New Delhi,Chennai Central,Vijayawada,Chennai Central,141.0,95.45,13.12,0.306,19.4,12,4,14.82,0.157,6.1,120.85,108.23,0,0,102.25,2026-04-16 13:42
TR00006,12295,Sanghamitra Express,Bengaluru,Patna Jn,Gaya Jn,Patna Jn,283.69,111.19,12.03,0.07,40.1,23,6,10.34,0.082,1.11,243.16,103.88,1,0,166.23,2026-03-04 01:46
TR00001,12123,Mumbai - Pune Express,Mumbai CST,Pune Jn,Mumbai CST,Dadar,398.66,36.82,9.19,0.463,29.2,2,6,20.67,0.461,6.66,341.71,31.16,0,0,802.52,2026-08-11 15:22
TR00002,11010,Deccan Express,Mumbai CST,Pune Jn,Dadar,Kalyan,433.78,55.12,11.37,0.054,39.7,5,3,11.99,0.15,6.96,371.81,52.91,0,0,494.76,2026-02-24 13:14
TR00003,12010,Shatabdi Express,Mumbai Central,Ahmedabad Jn,Mumbai Central,Borivali,238.25,99.61,24.67,0.462,17.9,20,0,7.52,0.427,8.58,204.21,101.21,0,0,183.85,2026-04-10 23:03
TR00004,12951,Mumbai Rajdhani,Mumbai Central,New Delhi,Mumbai Central,Surat,459.14,101.89,28.9,0.398,19.1,16,6,38.17,0.189,13.2,393.55,96.34,0,0,313.62,2026-03-19 21:13
TR00005,12622,Tamil Nadu Express,New Delhi,Chennai Central,Nagpur,Vijayawada,134.87,20.0,3.34,0.051,29.6,13,6,11.77,0.36,4.82,115.61,24.14,0,0,456.08,2026-05-26 20:36
TR00006,12295,Sanghamitra Express,Bengaluru,Patna Jn,Vijayawada,Gaya Jn,165.47,71.0,18.04,0.381,36.5,10,2,26.78,0.232,3.22,141.83,63.07,0,0,168.55,2026-07-04 12:48
TR00001,12123,Mumbai - Pune Express,Mumbai CST,Pune Jn,Lonavala,Pune Jn,272.97,95.92,8.4,0.095,34.5,20,1,11.26,0.218,19.9,233.98,106.71,0,0,184.99,2026-07-18 23:04
TR00002,11010,Deccan Express,Mumbai CST,Pune Jn,Lonavala,Pune Jn,192.88,64.61,11.06,0.192,31.3,14,0,15.97,0.185,14.14,165.33,73.17,0,0,200.31,2026-02-28 17:20
TR00003,12010,Shatabdi Express,Mumbai Central,Ahmedabad Jn,Surat,Vadodara,209.95,36.61,16.57,0.089,29.4,21,6,4.52,0.453,12.56,179.96,38.52,0,0,402.16,2026-04-27 03:42
TR00004,12951,Mumbai Rajdhani,Mumbai Central,New Delhi,Kota Jn,New Delhi,213.59,130.0,28.58,0.238,30.7,13,2,13.11,0.582,16.7,183.08,128.06,0,0,133.82,2026-08-18 15:13
TR00005,12622,Tamil Nadu Express,New Delhi,Chennai Central,Bhopal Jn,Nagpur,215.49,81.63,30.44,0.013,35.2,21,3,6.51,0.354,6.13,184.7,88.04,0,1,238.5,2026-07-25 00:58
TR00006,12295,Sanghamitra Express,Bengaluru,Patna Jn,Guntakal Jn,Vijayawada,185.2,61.65,22.96,0.014,20.8,22,0,13.04,0.108,4.75,158.74,58.16,1,0,214.17,2026-06-24 01:34
TR00001,12123,Mumbai - Pune Express,Mumbai CST,Pune Jn,Mumbai CST,Dadar,365.71,87.88,25.58,0.18,26.8,4,5,20.58,0.55,1.75,313.46,86.07,0,0,306.78,2026-01-01 09:06
TR00002,11010,Deccan Express,Mumbai CST,Pune Jn,Mumbai CST,Dadar,114.02,95.36,14.67,0.13,33.9,19,5,17.5,0.157,3.49,97.73,96.22,1,0,90.65,2026-06-07 20:30
TR00003,12010,Shatabdi Express,Mumbai Central,Ahmedabad Jn,Vadodara,Ahmedabad Jn,818.23,65.19,18.44,0.016,33.4,22,6,11.34,0.348,9.7,701.34,64.17,0,0,845.55,2026-02-11 12:05
TR00004,12951,Mumbai Rajdhani,Mumbai Central,New Delhi,Mumbai Central,Surat,261.67,70.33,27.89,0.081,35.3,11,4,24.71,0.113,1.9,224.29,78.56,0,0,250.67,2026-04-11 15:10
TR00005,12622,Tamil Nadu Express,New Delhi,Chennai Central,Vijayawada,Chennai Central,256.1,79.16,16.42,0.072,25.2,5,6,11.07,0.081,14.57,219.52,81.34,0,0,210.56,2026-07-03 08:30
TR00006,12295,Sanghamitra Express,Bengaluru,Patna Jn,Gaya Jn,Patna Jn,244.24,61.19,21.53,0.228,26.1,18,6,25.02,0.514,22.72,209.35,75.63,0,0,294.67,2026-06-26 22:54
TR00001,12123,Mumbai - Pune Express,Mumbai CST,Pune Jn,Lonavala,Pune Jn,282.02,76.47,32.03,0.23,20.1,8,0,1.5,0.622,31.87,241.73,88.4,0,0,287.96,2026-02-02 12:47
TR00002,11010,Deccan Express,Mumbai CST,Pune Jn,Lonavala,Pune Jn,189.36,72.71,24.98,0.08,31.3,23,2,25.58,0.324,11.19,162.31,78.41,0,0,183.34,2026-07-23 02:03
TR00003,12010,Shatabdi Express,Mumbai Central,Ahmedabad Jn,Vadodara,Ahmedabad Jn,257.18,85.77,12.63,0.062,28.5,12,3,17.86,0.078,16.87,220.44,79.19,0,0,195.0,2026-03-26 15:15
TR00004,12951,Mumbai Rajdhani,Mumbai Central,New Delhi,Vadodara,Kota Jn,190.1,32.83,10.72,0.252,20.6,9,2,13.67,0.123,2.53,162.95,34.15,0,0,378.33,2026-01-06 15:18
TR00005,12622,Tamil Nadu Express,New Delhi,Chennai Central,New Delhi,Bhopal Jn,270.64,71.97,29.83,0.178,16.6,6,2,15.9,0.228,19.65,231.98,81.89,0,0,265.12,2026-03-13 10:25
TR00006,12295,Sanghamitra Express,Bengaluru,Patna Jn,Guntakal Jn,Vijayawada,120.0,78.02,13.44,0.131,24.8,2,3,13.12,0.16,7.04,102.86,67.24,0,0,105.65,2026-01-19 03:45
TR00001,12123,Mumbai - Pune Express,Mumbai CST,Pune Jn,Lonavala,Pune Jn,235.91,56.18,25.63,0.435,10.9,7,5,20.3,0.202,15.34,202.21,28.34,0,0,301.66,2026-02-01 12:01
TR00002,11010,Deccan Express,Mumbai CST,Pune Jn,Mumbai CST,Dadar,327.48,75.96,20.11,0.179,30.3,3,3,10.89,0.425,1.67,280.7,77.45,0,0,307.57,2026-01-14 08:07
TR00003,12010,Shatabdi Express,Mumbai Central,Ahmedabad Jn,Surat,Vadodara,216.81,68.47,23.83,0.201,33.8,13,2,3.59,0.622,7.52,185.84,61.29,0,0,241.1,2026-02-26 17:01
TR00004,12951,Mumbai Rajdhani,Mumbai Central,New Delhi,Kota Jn,New Delhi,344.04,98.42,19.18,0.201,33.3,13,6,9.82,0.094,12.63,294.89,102.51,0,1,292.39,2026-04-16 17:52
TR00005,12622,Tamil Nadu Express,New Delhi,Chennai Central,Nagpur,Vijayawada,180.08,47.52,19.66,0.138,21.9,9,6,20.07,0.162,2.35,154.35,49.54,0,0,253.79,2026-04-19 13:13
TR00006,12295,Sanghamitra Express,Bengaluru,Patna Jn,Guntakal Jn,Vijayawada,251.96,49.12,13.7,0.076,27.1,3,3,18.88,0.21,7.56,215.97,48.92,0,0,342.58,2026-08-14 08:42
TR00001,12123,Mumbai - Pune Express,Mumbai CST,Pune Jn,Kalyan,Karjat,285.38,82.71,31.03,0.13,38.1,10,6,32.48,0.147,21.79,244.62,77.97,0,0,228.08,2026-04-20 13:48
TR00002,11010,Deccan Express,Mumbai CST,Pune Jn,Dadar,Kalyan,297.09,65.12,25.2,0.112,22.0,16,5,21.92,0.09,19.13,254.65,72.96,0,0,303.07,2026-05-06 21:03
TR00003,12010,Shatabdi Express,Mumbai Central,Ahmedabad Jn,Vapi,Surat,377.57,77.87,17.33,0.146,30.7,0,2,23.52,0.121,5.11,323.63,97.68,0,0,316.01,2026-05-21 05:16
TR00004,12951,Mumbai Rajdhani,Mumbai Central,New Delhi,Kota Jn,New Delhi,122.79,51.5,7.19,0.051,22.0,13,3,5.11,0.19,17.33,105.24,61.26,0,0,148.52,2026-08-24 15:28
TR00005,12622,Tamil Nadu Express,New Delhi,Chennai Central,Bhopal Jn,Nagpur,199.21,76.88,43.9,0.105,25.2,22,3,37.98,0.527,27.21,170.75,76.5,0,0,200.91,2026-08-28 01:20
TR00006,12295,Sanghamitra Express,Bengaluru,Patna Jn,Vijayawada,Gaya Jn,219.15,57.1,12.42,0.253,36.3,14,3,13.86,0.263,5.25,187.84,52.21,0,0,263.32,2026-08-27 18:23
TR00001,12123,Mumbai - Pune Express,Mumbai CST,Pune Jn,Dadar,Kalyan,228.99,55.86,17.43,0.109,21.8,10,2,7.39,0.241,8.43,196.28,49.02,0,0,276.39,2026-08-12 14:36
TR00002,11010,Deccan Express,Mumbai CST,Pune Jn,Mumbai CST,Dadar,181.3,99.12,41.93,0.284,15.5,10,0,29.53,0.123,4.25,155.4,87.15,0,1,178.69,2026-04-05 12:58
TR00003,12010,Shatabdi Express,Mumbai Central,Ahmedabad Jn,Vadodara,Ahmedabad Jn,225.72,71.54,40.56,0.163,19.1,10,3,31.47,0.239,25.05,193.47,86.1,0,1,281.57,2026-02-24 14:41
TR00004,12951,Mumbai Rajdhani,Mumbai Central,New Delhi,Surat,Vadodara,111.54,70.3,30.86,0.042,12.6,23,2,7.51,0.453,20.57,95.6,85.91,0,1,152.13,2026-01-10 01:32
TR00005,12622,Tamil Nadu Express,New Delhi,Chennai Central,Nagpur,Vijayawada,228.17,55.26,32.06,0.137,23.4,19,0,19.54,0.271,12.07,195.57,66.28,1,0,304.08,2026-08-11 00:04
TR00006,12295,Sanghamitra Express,Bengaluru,Patna Jn,Vijayawada,Gaya Jn,206.02,64.51,35.05,0.654,22.9,13,2,4.12,0.281,11.74,176.59,44.73,0,0,252.22,2026-06-12 17:12
TR00001,12123,Mumbai - Pune Express,Mumbai CST,Pune Jn,Mumbai CST,Dadar,257.62,49.12,12.16,0.181,25.5,12,1,22.23,0.18,2.72,220.82,39.66,0,0,340.84,2026-04-18 17:40
TR00002,11010,Deccan Express,Mumbai CST,Pune Jn,Kalyan,Lonavala,213.02,81.03,28.65,0.374,23.7,14,1,5.96,0.308,5.56,182.59,67.83,0,0,196.55,2026-03-17 17:16
TR00003,12010,Shatabdi Express,Mumbai Central,Ahmedabad Jn,Mumbai Central,Borivali,214.94,54.03,18.41,0.071,33.1,10,3,24.78,0.316,1.11,184.23,61.56,0,0,271.1,2026-05-03 14:31
TR00004,12951,Mumbai Rajdhani,Mumbai Central,New Delhi,Mumbai Central,Surat,240.97,40.19,23.57,0.267,22.1,19,1,14.82,0.163,4.68,206.54,35.86,0,1,512.4,2026-03-27 03:32
TR00005,12622,Tamil Nadu Express,New Delhi,Chennai Central,Nagpur,Vijayawada,188.95,63.35,26.75,0.053,25.3,10,0,10.31,0.731,3.38,161.95,51.15,0,0,238.78,2026-05-24 13:58
TR00006,12295,Sanghamitra Express,Bengaluru,Patna Jn,Gaya Jn,Patna Jn,146.26,68.11,1.41,0.142,39.0,13,4,1.81,0.066,7.95,125.37,75.94,0,0,139.79,2026-08-20 15:19
TR00001,12123,Mumbai - Pune Express,Mumbai CST,Pune Jn,Lonavala,Pune Jn,368.35,48.43,0.0,0.125,18.7,12,3,0.74,0.104,2.79,315.73,54.81,0,0,474.14,2026-07-21 19:54
TR00002,11010,Deccan Express,Mumbai CST,Pune Jn,Lonavala,Pune Jn,130.52,81.56,41.0,0.044,31.7,20,6,14.5,0.439,27.6,111.88,79.37,1,0,138.24,2026-01-02 22:18
TR00003,12010,Shatabdi Express,Mumbai Central,Ahmedabad Jn,Borivali,Vapi,138.14,78.65,18.99,0.182,24.7,23,3,13.19,0.218,17.85,118.41,87.38,0,0,125.29,2026-05-27 01:05
TR00004,12951,Mumbai Rajdhani,Mumbai Central,New Delhi,Surat,Vadodara,168.61,77.12,34.35,0.489,28.2,23,5,9.37,0.254,10.92,144.53,68.53,0,1,216.31,2026-07-10 02:36
TR00005,12622,Tamil Nadu Express,New Delhi,Chennai Central,Nagpur,Vijayawada,375.55,77.13,27.88,0.132,38.8,16,4,34.75,0.254,2.54,321.9,83.6,0,1,431.25,2026-04-25 23:11
TR00006,12295,Sanghamitra Express,Bengaluru,Patna Jn,Bengaluru,Guntakal Jn,386.86,58.24,26.92,0.101,22.5,13,1,20.93,0.292,28.26,331.59,53.5,0,0,447.31,2026-01-17 20:27
TR00001,12123,Mumbai - Pune Express,Mumbai CST,Pune Jn,Dadar,Kalyan,465.87,39.03,37.03,0.434,25.3,7,1,15.69,0.509,11.93,399.31,36.73,0,0,906.98,2026-07-19 22:06
TR00002,11010,Deccan Express,Mumbai CST,Pune Jn,Mumbai CST,Dadar,185.58,68.15,18.28,0.184,28.1,3,0,2.21,0.296,6.83,159.07,56.18,0,0,198.94,2026-03-30 06:18
TR00003,12010,Shatabdi Express,Mumbai Central,Ahmedabad Jn,Vadodara,Ahmedabad Jn,126.61,89.34,21.61,0.134,22.7,10,5,55.18,0.054,21.36,108.52,77.5,0,0,96.99,2026-06-02 11:36
TR00004,12951,Mumbai Rajdhani,Mumbai Central,New Delhi,Vadodara,Kota Jn,153.55,89.23,31.2,0.02,27.4,9,4,31.14,0.194,18.02,131.62,75.35,0,0,123.4,2026-06-08 11:03
TR00005,12622,Tamil Nadu Express,New Delhi,Chennai Central,Bhopal Jn,Nagpur,111.29,56.02,2.42,0.204,17.1,8,6,4.36,0.227,2.89,95.39,72.07,0,0,123.7,2026-08-15 10:03
TR00006,12295,Sanghamitra Express,Bengaluru,Patna Jn,Bengaluru,Guntakal Jn,220.69,65.79,32.65,0.362,32.4,13,0,12.07,0.575,1.85,189.16,62.67,0,0,255.58,2026-04-02 17:15
TR00001,12123,Mumbai - Pune Express,Mumbai CST,Pune Jn,Kalyan,Karjat,121.62,96.86,14.12,0.512,36.7,17,1,20.05,0.141,12.38,104.25,94.41,0,0,85.31,2026-02-01 18:25
TR00002,11010,Deccan Express,Mumbai CST,Pune Jn,Lonavala,Pune Jn,377.42,51.47,15.29,0.097,38.1,18,0,8.27,0.313,15.15,323.5,56.22,0,0,493.99,2026-04-27 02:13
TR00003,12010,Shatabdi Express,Mumbai Central,Ahmedabad Jn,Mumbai Central,Borivali,203.15,90.43,21.7,0.058,30.3,10,5,8.17,0.042,30.96,174.13,88.27,1,0,165.05,2026-01-07 12:45
TR00004,12951,Mumbai Rajdhani,Mumbai Central,New Delhi,Surat,Vadodara,207.55,113.48,29.81,0.103,33.2,17,3,25.45,0.131,5.73,177.9,124.02,0,1,158.99,2026-05-14 19:38
TR00005,12622,Tamil Nadu Express,New Delhi,Chennai Central,Nagpur,Vijayawada,213.01,73.8,16.79,0.158,30.5,12,0,16.15,0.18,7.21,182.58,77.45,0,0,192.83,2026-08-27 15:12
TR00006,12295,Sanghamitra Express,Bengaluru,Patna Jn,Bengaluru,Guntakal Jn,432.35,64.1,20.05,0.069,29.9,13,6,25.21,0.196,3.3,370.58,61.8,0,0,434.38,2026-07-13 20:14
TR00001,12123,Mumbai - Pune Express,Mumbai CST,Pune Jn,Dadar,Kalyan,149.81,76.54,35.8,0.318,21.3,18,3,16.27,0.349,4.66,128.41,77.99,0,1,196.59,2026-05-03 21:16
TR00002,11010,Deccan Express,Mumbai CST,Pune Jn,Kalyan,Lonavala,138.98,39.52,5.64,0.194,26.9,8,2,15.0,0.054,1.22,119.13,38.31,0,0,223.08,2026-02-28 11:43
TR00003,12010,Shatabdi Express,Mumbai Central,Ahmedabad Jn,Borivali,Vapi,399.58,71.35,25.79,0.081,25.1,8,3,8.92,0.537,4.23,342.49,75.78,0,0,412.28,2026-08-13 14:52
TR00004,12951,Mumbai Rajdhani,Mumbai Central,New Delhi,Kota Jn,New Delhi,197.09,101.98,28.52,0.249,34.0,0,5,4.38,0.539,5.13,168.93,112.27,0,0,160.4,2026-04-03 02:40
TR00005,12622,Tamil Nadu Express,New Delhi,Chennai Central,Vijayawada,Chennai Central,299.71,81.68,27.08,0.106,20.6,3,5,8.14,0.635,9.89,256.89,82.55,0,0,279.43,2026-05-03 07:39
TR00006,12295,Sanghamitra Express,Bengaluru,Patna Jn,Bengaluru,Guntakal Jn,408.47,63.4,5.62,0.048,31.1,11,2,18.56,0.044,2.21,350.11,52.45,0,0,393.53,2026-06-27 17:33
TR00001,12123,Mumbai - Pune Express,Mumbai CST,Pune Jn,Mumbai CST,Dadar,489.4,51.35,10.85,0.183,29.9,9,1,3.78,0.194,9.29,419.49,52.15,0,0,627.04,2026-06-03 19:27
TR00002,11010,Deccan Express,Mumbai CST,Pune Jn,Kalyan,Lonavala,88.99,89.33,5.98,0.039,30.0,13,5,5.3,0.157,5.11,76.28,85.97,0,0,61.41,2026-06-18 14:01
TR00003,12010,Shatabdi Express,Mumbai Central,Ahmedabad Jn,Surat,Vadodara,101.19,78.08,24.06,0.229,20.0,16,2,9.35,0.111,12.34,86.74,62.69,0,1,121.09,2026-01-16 18:01
TR00004,12951,Mumbai Rajdhani,Mumbai Central,New Delhi,Mumbai Central,Surat,83.44,67.84,7.52,0.062,29.8,2,2,0.7,0.315,20.23,71.52,72.79,0,0,84.18,2026-01-04 03:24
TR00005,12622,Tamil Nadu Express,New Delhi,Chennai Central,Bhopal Jn,Nagpur,271.27,79.69,22.12,0.06,25.0,23,3,35.16,0.182,8.45,232.52,99.29,0,0,227.21,2026-08-15 02:47
TR00006,12295,Sanghamitra Express,Bengaluru,Patna Jn,Guntakal Jn,Vijayawada,632.85,76.07,20.84,0.017,22.5,19,6,15.86,0.249,13.74,542.44,81.24,0,0,548.36,2026-08-26 04:08
TR00001,12123,Mumbai - Pune Express,Mumbai CST,Pune Jn,Mumbai CST,Dadar,241.66,72.35,20.31,0.647,19.8,17,2,3.32,0.163,17.93,207.14,67.79,0,0,236.28,2026-04-11 20:56
TR00002,11010,Deccan Express,Mumbai CST,Pune Jn,Lonavala,Pune Jn,233.5,70.52,30.38,0.428,28.7,20,2,10.37,0.114,3.48,200.14,59.19,1,0,247.99,2026-05-02 00:07
TR00003,12010,Shatabdi Express,Mumbai Central,Ahmedabad Jn,Surat,Vadodara,161.07,83.84,50.94,0.12,16.5,7,3,78.32,0.492,7.94,138.06,95.06,0,0,161.25,2026-07-08 09:41
TR00004,12951,Mumbai Rajdhani,Mumbai Central,New Delhi,Kota Jn,New Delhi,157.73,68.66,49.11,0.864,27.5,16,2,6.98,0.402,5.97,135.19,77.55,1,0,215.24,2026-07-31 19:35
TR00005,12622,Tamil Nadu Express,New Delhi,Chennai Central,Bhopal Jn,Nagpur,106.85,111.38,18.86,0.099,35.7,6,5,8.8,0.505,8.99,91.59,122.8,0,0,77.01,2026-06-25 07:17
TR00006,12295,Sanghamitra Express,Bengaluru,Patna Jn,Bengaluru,Guntakal Jn,160.7,40.52,7.37,0.088,35.3,0,5,3.06,0.113,13.5,137.74,35.97,0,0,246.96,2026-08-22 04:06
TR00001,12123,Mumbai - Pune Express,Mumbai CST,Pune Jn,Kalyan,Karjat,274.03,62.87,9.7,0.065,41.3,2,1,12.25,0.345,6.52,234.88,58.79,0,0,297.88,2026-02-02 06:57
TR00002,11010,Deccan Express,Mumbai CST,Pune Jn,Dadar,Kalyan,100.29,94.53,31.43,0.384,39.0,23,2,26.45,0.226,1.35,85.96,84.61,1,0,102.73,2026-06-06 00:42
TR00003,12010,Shatabdi Express,Mumbai Central,Ahmedabad Jn,Mumbai Central,Borivali,414.54,99.78,29.44,0.367,36.2,1,1,1.23,0.363,7.25,355.32,96.64,0,0,311.44,2026-02-22 06:11
TR00004,12951,Mumbai Rajdhani,Mumbai Central,New Delhi,Kota Jn,New Delhi,186.34,86.56,6.71,0.011,26.0,18,3,15.7,0.2,3.84,159.72,73.74,0,0,133.26,2026-06-04 20:13
TR00005,12622,Tamil Nadu Express,New Delhi,Chennai Central,Nagpur,Vijayawada,250.5,79.57,9.08,0.042,20.2,15,0,16.36,0.072,7.31,214.72,78.84,0,0,192.54,2026-06-13 18:12
TR00006,12295,Sanghamitra Express,Bengaluru,Patna Jn,Gaya Jn,Patna Jn,524.33,53.91,34.25,0.102,31.1,7,3,33.13,0.576,3.53,449.42,50.8,0,0,713.11,2026-08-25 18:53
TR00001,12123,Mumbai - Pune Express,Mumbai CST,Pune Jn,Kalyan,Karjat,252.9,67.63,13.54,0.307,24.2,12,4,16.96,0.156,0.34,216.77,80.74,0,0,245.34,2026-08-16 16:05
TR00002,11010,Deccan Express,Mumbai CST,Pune Jn,Mumbai CST,Dadar,472.39,119.04,30.33,0.362,18.6,0,0,36.22,0.24,0.89,404.91,115.41,0,0,277.8,2026-05-09 04:37
TR00003,12010,Shatabdi Express,Mumbai Central,Ahmedabad Jn,Surat,Vadodara,113.45,116.09,16.07,0.358,20.3,11,3,12.52,0.448,3.58,97.24,122.58,0,0,75.65,2026-06-25 12:15
TR00004,12951,Mumbai Rajdhani,Mumbai Central,New Delhi,Kota Jn,New Delhi,155.07,73.4,0.0,0.085,25.2,5,1,1.16,0.047,8.54,132.92,74.75,0,0,132.37,2026-03-04 07:12
TR00005,12622,Tamil Nadu Express,New Delhi,Chennai Central,Bhopal Jn,Nagpur,575.78,81.75,7.73,0.007,28.7,9,6,25.32,0.204,5.66,493.53,94.24,0,0,448.81,2026-03-30 16:28
TR00006,12295,Sanghamitra Express,Bengaluru,Patna Jn,Gaya Jn,Patna Jn,353.3,103.86,28.79,0.372,27.0,7,0,35.34,0.177,5.56,302.83,116.44,0,0,238.46,2026-05-01 10:58
TR00001,12123,Mumbai - Pune Express,Mumbai CST,Pune Jn,Lonavala,Pune Jn,104.76,56.86,22.55,0.223,29.8,7,6,14.92,0.472,3.34,89.79,54.99,0,0,139.85,2026-01-03 09:19
TR00002,11010,Deccan Express,Mumbai CST,Pune Jn,Dadar,Kalyan,125.33,70.61,1.97,0.056,17.5,20,1,3.84,0.098,7.03,107.43,69.95,0,0,109.35,2026-07-27 21:49
TR00003,12010,Shatabdi Express,Mumbai Central,Ahmedabad Jn,Vapi,Surat,107.57,20.0,21.77,0.216,34.2,5,1,4.67,0.361,1.13,92.2,20.0,0,1,497.32,2026-01-29 13:17
TR00004,12951,Mumbai Rajdhani,Mumbai Central,New Delhi,Mumbai Central,Surat,130.95,73.05,31.17,0.318,24.5,13,3,22.33,0.288,1.89,112.24,69.93,0,1,174.94,2026-01-18 15:54
TR00005,12622,Tamil Nadu Express,New Delhi,Chennai Central,Vijayawada,Chennai Central,182.28,73.39,15.15,0.154,21.4,10,6,32.18,0.062,2.57,156.24,78.7,0,0,162.52,2026-08-18 12:42
TR00006,12295,Sanghamitra Express,Bengaluru,Patna Jn,Gaya Jn,Patna Jn,217.45,76.8,3.32,0.062,30.1,20,6,25.34,0.114,4.8,186.39,72.02,0,0,172.05,2026-08-01 22:52
TR00001,12123,Mumbai - Pune Express,Mumbai CST,Pune Jn,Kalyan,Karjat,226.93,86.08,9.19,0.195,19.7,21,2,11.85,0.149,10.86,194.51,73.16,0,0,174.76,2026-08-01 23:54
TR00002,11010,Deccan Express,Mumbai CST,Pune Jn,Kalyan,Lonavala,302.3,87.53,19.72,0.229,17.1,7,5,9.27,0.111,0.48,259.12,87.15,0,0,240.25,2026-08-06 11:00
TR00003,12010,Shatabdi Express,Mumbai Central,Ahmedabad Jn,Vadodara,Ahmedabad Jn,390.54,77.34,17.43,0.311,41.6,23,2,15.08,0.132,2.3,334.75,61.53,0,0,340.8,2026-03-07 04:40
TR00004,12951,Mumbai Rajdhani,Mumbai Central,New Delhi,Surat,Vadodara,292.22,83.08,17.72,0.257,34.8,0,0,9.96,0.047,18.71,250.48,81.41,0,0,227.07,2026-01-29 03:47
TR00005,12622,Tamil Nadu Express,New Delhi,Chennai Central,Bhopal Jn,Nagpur,197.49,57.63,17.26,0.277,25.5,12,2,7.49,0.459,1.61,169.28,55.47,0,0,249.94,2026-07-08 16:09
TR00006,12295,Sanghamitra Express,Bengaluru,Patna Jn,Guntakal Jn,Vijayawada,258.05,119.18,8.93,0.161,34.9,0,4,20.6,0.162,3.95,221.19,113.05,0,0,146.46,2026-07-12 02:26
TR00001,12123,Mumbai - Pune Express,Mumbai CST,Pune Jn,Karjat,Lonavala,214.31,56.54,18.2,0.031,35.9,13,5,6.27,0.323,6.61,183.69,49.71,0,0,256.34,2026-05-16 17:16
TR00002,11010,Deccan Express,Mumbai CST,Pune Jn,Dadar,Kalyan,297.86,92.32,25.85,0.202,35.4,1,5,35.65,0.393,5.42,255.31,94.84,0,0,233.05,2026-06-26 04:53
TR00003,12010,Shatabdi Express,Mumbai Central,Ahmedabad Jn,Vapi,Surat,210.63,108.73,48.29,0.401,23.0,14,4,12.97,0.094,21.96,180.54,96.11,1,1,204.77,2026-02-17 17:24
TR00004,12951,Mumbai Rajdhani,Mumbai Central,New Delhi,Vadodara,Kota Jn,81.32,60.67,13.21,0.077,24.9,19,2,1.98,0.123,19.04,69.7,59.18,0,0,88.19,2026-04-24 20:28
TR00005,12622,Tamil Nadu Express,New Delhi,Chennai Central,Nagpur,Vijayawada,310.7,37.27,15.63,0.042,22.7,13,0,3.91,0.554,11.83,266.31,35.25,0,0,588.88,2026-08-13 22:48
TR00006,12295,Sanghamitra Express,Bengaluru,Patna Jn,Guntakal Jn,Vijayawada,135.07,78.97,6.98,0.049,22.9,12,5,2.69,0.15,23.39,115.78,68.8,0,0,108.31,2026-08-07 13:48
TR00001,12123,Mumbai - Pune Express,Mumbai CST,Pune Jn,Dadar,Kalyan,407.24,44.37,21.0,0.336,20.8,1,1,10.68,0.308,21.32,349.06,38.12,0,0,646.32,2026-01-28 11:46
TR00002,11010,Deccan Express,Mumbai CST,Pune Jn,Kalyan,Lonavala,197.64,83.28,14.45,0.23,22.3,11,1,7.15,0.102,12.07,169.41,93.5,0,0,157.76,2026-07-07 13:37
TR00003,12010,Shatabdi Express,Mumbai Central,Ahmedabad Jn,Vadodara,Ahmedabad Jn,146.35,102.07,13.44,0.07,31.0,0,1,17.65,0.118,0.54,125.44,95.75,0,0,88.83,2026-05-16 01:28
TR00004,12951,Mumbai Rajdhani,Mumbai Central,New Delhi,Surat,Vadodara,199.85,75.27,16.15,0.43,26.1,9,6,3.38,0.204,5.33,171.3,69.78,0,0,188.46,2026-06-15 12:08
TR00005,12622,Tamil Nadu Express,New Delhi,Chennai Central,New Delhi,Bhopal Jn,168.03,56.87,19.85,0.105,33.3,5,0,21.28,0.144,10.25,144.03,60.14,0,0,198.08,2026-07-10 08:18
TR00006,12295,Sanghamitra Express,Bengaluru,Patna Jn,Vijayawada,Gaya Jn,349.51,72.8,13.92,0.472,39.2,20,4,15.85,0.02,9.02,299.58,77.76,0,0,314.24,2026-08-29 01:14
TR00001,12123,Mumbai - Pune Express,Mumbai CST,Pune Jn,Kalyan,Karjat,320.07,55.1,11.09,0.186,29.2,0,6,20.7,0.308,17.56,274.35,51.3,0,0,388.62,2026-05-11 06:28
TR00002,11010,Deccan Express,Mumbai CST,Pune Jn,Dadar,Kalyan,137.68,91.21,16.39,0.126,28.1,15,5,20.62,0.417,1.24,118.01,93.59,0,0,110.83,2026-04-20 16:50
TR00003,12010,Shatabdi Express,Mumbai Central,Ahmedabad Jn,Vadodara,Ahmedabad Jn,150.38,78.1,22.77,0.071,36.8,18,6,16.71,0.31,4.79,128.9,76.77,0,0,138.16,2026-03-20 20:18
TR00004,12951,Mumbai Rajdhani,Mumbai Central,New Delhi,Surat,Vadodara,715.16,56.29,22.44,0.049,35.4,22,2,7.08,0.681,1.97,612.99,40.86,0,0,936.07,2026-04-07 13:36
TR00005,12622,Tamil Nadu Express,New Delhi,Chennai Central,New Delhi,Bhopal Jn,32.71,75.23,8.9,0.336,36.4,10,3,9.04,0.166,2.02,28.04,72.03,0,0,30.73,2026-01-04 10:30
TR00006,12295,Sanghamitra Express,Bengaluru,Patna Jn,Vijayawada,Gaya Jn,87.05,63.0,16.4,0.322,22.5,22,1,1.69,0.524,13.37,74.61,76.06,0,0,108.26,2026-03-06 23:48
TR00001,12123,Mumbai - Pune Express,Mumbai CST,Pune Jn,Mumbai CST,Dadar,125.22,106.48,3.19,0.163,27.7,10,4,4.14,0.126,8.09,107.33,116.32,0,0,73.16,2026-01-07 11:13
TR00002,11010,Deccan Express,Mumbai CST,Pune Jn,Dadar,Kalyan,231.1,97.04,2.77,0.14,33.7,0,1,9.75,0.088,3.16,198.09,104.38,0,0,147.73,2026-06-11 02:27
TR00003,12010,Shatabdi Express,Mumbai Central,Ahmedabad Jn,Mumbai Central,Borivali,518.04,38.0,15.5,0.204,33.8,9,6,21.28,0.045,16.76,444.04,37.82,0,0,856.34,2026-08-15 23:16
TR00004,12951,Mumbai Rajdhani,Mumbai Central,New Delhi,Mumbai Central,Surat,229.16,74.5,11.04,0.048,29.7,13,5,18.11,0.365,7.59,196.42,82.57,0,0,204.98,2026-08-21 16:24
TR00005,12622,Tamil Nadu Express,New Delhi,Chennai Central,Nagpur,Vijayawada,154.25,76.68,26.06,0.023,26.9,14,1,3.54,0.341,17.43,132.21,82.0,0,0,143.03,2026-07-13 16:23
TR00006,12295,Sanghamitra Express,Bengaluru,Patna Jn,Vijayawada,Gaya Jn,126.82,33.1,21.62,0.241,29.9,3,3,23.47,0.224,7.99,108.7,32.21,0,0,263.97,2026-03-05 07:23
TR00001,12123,Mumbai - Pune Express,Mumbai CST,Pune Jn,Dadar,Kalyan,149.21,85.38,38.18,0.279,27.2,6,6,33.47,0.291,11.27,127.89,71.49,0,0,137.46,2026-02-06 08:17
TR00002,11010,Deccan Express,Mumbai CST,Pune Jn,Dadar,Kalyan,186.53,92.04,31.59,0.263,29.1,14,5,14.6,0.315,4.04,159.88,88.79,0,1,197.62,2026-06-17 17:17
TR00003,12010,Shatabdi Express,Mumbai Central,Ahmedabad Jn,Borivali,Vapi,168.95,84.58,22.78,0.091,27.1,23,1,21.99,0.264,4.23,144.82,89.55,0,0,135.51,2026-07-20 01:15
TR00004,12951,Mumbai Rajdhani,Mumbai Central,New Delhi,Mumbai Central,Surat,423.79,67.13,14.18,0.071,22.2,20,6,19.9,0.124,9.09,363.25,68.57,0,0,403.93,2026-01-03 02:43
TR00005,12622,Tamil Nadu Express,New Delhi,Chennai Central,Nagpur,Vijayawada,302.22,90.02,16.83,0.2,28.8,16,1,6.9,0.348,3.37,259.04,85.99,0,0,237.04,2026-05-31 19:57
TR00006,12295,Sanghamitra Express,Bengaluru,Patna Jn,Gaya Jn,Patna Jn,164.75,84.79,17.63,0.195,20.2,0,3,13.18,0.159,13.76,141.21,83.36,0,0,138.21,2026-03-20 02:18
TR00001,12123,Mumbai - Pune Express,Mumbai CST,Pune Jn,Kalyan,Karjat,59.25,40.56,16.04,0.299,19.2,2,6,1.83,0.335,11.3,50.78,45.53,0,0,105.89,2026-03-26 03:45
TR00002,11010,Deccan Express,Mumbai CST,Pune Jn,Lonavala,Pune Jn,185.15,68.2,19.28,0.173,39.0,21,1,14.7,0.343,2.7,158.7,76.12,0,0,195.7,2026-07-02 00:15
TR00003,12010,Shatabdi Express,Mumbai Central,Ahmedabad Jn,Surat,Vadodara,77.32,58.5,22.28,0.183,24.7,16,6,30.9,0.373,7.35,66.27,48.94,0,0,98.55,2026-04-16 17:38
TR00004,12951,Mumbai Rajdhani,Mumbai Central,New Delhi,Surat,Vadodara,329.15,58.52,18.52,0.341,27.7,4,6,9.62,0.347,14.27,282.13,52.14,0,0,397.76,2026-04-19 10:37
TR00005,12622,Tamil Nadu Express,New Delhi,Chennai Central,Vijayawada,Chennai Central,167.98,57.1,6.02,0.023,20.3,16,4,21.75,0.134,17.72,143.99,65.07,0,0,186.55,2026-02-10 19:06
TR00006,12295,Sanghamitra Express,Bengaluru,Patna Jn,Gaya Jn,Patna Jn,106.22,57.74,19.84,0.168,30.3,22,6,3.3,0.455,2.29,91.04,57.27,0,0,138.23,2026-06-11 00:18
TR00001,12123,Mumbai - Pune Express,Mumbai CST,Pune Jn,Mumbai CST,Dadar,173.5,75.42,28.61,0.2,39.6,12,6,7.81,0.62,2.12,148.72,79.69,0,0,184.61,2026-01-07 15:04
TR00002,11010,Deccan Express,Mumbai CST,Pune Jn,Lonavala,Pune Jn,152.96,69.82,33.39,0.34,37.7,21,4,45.97,0.322,6.37,131.11,73.36,0,0,167.87,2026-02-18 23:47
TR00003,12010,Shatabdi Express,Mumbai Central,Ahmedabad Jn,Borivali,Vapi,236.07,71.99,9.87,0.216,24.7,7,1,21.7,0.145,2.19,202.34,62.73,0,0,211.97,2026-04-17 10:31
TR00004,12951,Mumbai Rajdhani,Mumbai Central,New Delhi,Surat,Vadodara,422.88,44.39,22.84,0.142,25.0,14,4,45.43,0.243,0.12,362.47,50.69,0,0,638.12,2026-02-04 00:38
TR00005,12622,Tamil Nadu Express,New Delhi,Chennai Central,Vijayawada,Chennai Central,233.76,90.33,23.87,0.083,28.5,21,6,38.67,0.193,3.84,200.36,94.53,0,0,177.72,2026-03-09 23:57
TR00006,12295,Sanghamitra Express,Bengaluru,Patna Jn,Gaya Jn,Patna Jn,156.49,68.11,38.88,0.178,26.5,13,6,24.15,0.318,6.42,134.14,66.13,1,0,180.08,2026-03-16 16:00
TR00001,12123,Mumbai - Pune Express,Mumbai CST,Pune Jn,Lonavala,Pune Jn,227.7,76.04,28.79,0.03,28.9,15,1,51.31,0.584,9.6,195.18,58.34,0,0,225.11,2026-07-03 18:45
TR00002,11010,Deccan Express,Mumbai CST,Pune Jn,Dadar,Kalyan,407.74,76.23,44.11,0.522,15.1,13,2,44.6,0.376,3.49,349.49,55.78,1,0,420.01,2026-07-01 20:00
TR00003,12010,Shatabdi Express,Mumbai Central,Ahmedabad Jn,Vadodara,Ahmedabad Jn,157.21,60.34,28.67,0.324,41.5,1,2,28.69,0.369,5.93,134.75,63.03,0,0,192.62,2026-04-17 04:12
TR00004,12951,Mumbai Rajdhani,Mumbai Central,New Delhi,Kota Jn,New Delhi,242.96,61.63,19.74,0.082,23.6,13,1,13.94,0.184,13.66,208.25,56.14,0,0,262.82,2026-07-08 17:22
TR00005,12622,Tamil Nadu Express,New Delhi,Chennai Central,Vijayawada,Chennai Central,218.17,70.58,11.8,0.005,29.9,10,3,29.02,0.109,9.16,187.0,79.46,0,0,193.86,2026-07-03 13:13
TR00006,12295,Sanghamitra Express,Bengaluru,Patna Jn,Gaya Jn,Patna Jn,295.05,86.89,18.17,0.265,17.6,10,2,6.47,0.256,8.84,252.9,88.06,0,0,241.78,2026-08-11 14:01
TR00001,12123,Mumbai - Pune Express,Mumbai CST,Pune Jn,Mumbai CST,Dadar,432.32,54.44,19.81,0.237,13.9,11,3,17.63,0.245,7.95,370.56,64.66,0,0,538.37,2026-07-27 19:58
TR00002,11010,Deccan Express,Mumbai CST,Pune Jn,Kalyan,Lonavala,111.99,93.0,31.9,0.277,26.1,0,3,23.75,0.246,13.85,95.99,95.37,0,0,94.0,2026-07-21 01:34
TR00003,12010,Shatabdi Express,Mumbai Central,Ahmedabad Jn,Borivali,Vapi,598.95,78.38,14.14,0.142,27.5,23,0,8.71,0.305,24.83,513.39,76.85,0,0,515.1,2026-03-27 07:35
TR00004,12951,Mumbai Rajdhani,Mumbai Central,New Delhi,Vadodara,Kota Jn,278.45,27.88,10.35,0.415,28.2,12,1,5.0,0.287,0.32,238.67,49.4,0,0,692.77,2026-08-26 23:32
TR00005,12622,Tamil Nadu Express,New Delhi,Chennai Central,New Delhi,Bhopal Jn,215.67,83.1,11.23,0.295,15.4,23,5,0.71,0.245,2.95,184.86,78.55,0,0,179.69,2026-01-22 01:59
TR00006,12295,Sanghamitra Express,Bengaluru,Patna Jn,Bengaluru,Guntakal Jn,478.38,70.73,1.98,0.112,32.1,11,0,3.47,0.123,5.25,410.04,72.1,0,0,425.09,2026-04-26 18:05
TR00001,12123,Mumbai - Pune Express,Mumbai CST,Pune Jn,Dadar,Kalyan,291.62,71.46,34.5,0.388,29.5,0,2,11.97,0.204,19.62,249.96,83.36,0,1,372.43,2026-05-04 06:12
TR00002,11010,Deccan Express,Mumbai CST,Pune Jn,Kalyan,Lonavala,141.71,53.86,10.83,0.098,30.6,2,0,5.05,0.126,7.29,121.46,65.61,0,0,166.57,2026-05-27 04:46
TR00003,12010,Shatabdi Express,Mumbai Central,Ahmedabad Jn,Vapi,Surat,160.56,84.48,18.68,0.127,11.3,7,2,29.41,0.261,6.23,137.63,84.19,0,0,124.89,2026-01-24 09:04
TR00004,12951,Mumbai Rajdhani,Mumbai Central,New Delhi,Vadodara,Kota Jn,231.48,74.32,32.94,0.295,34.9,9,3,18.49,0.46,3.12,198.41,78.82,0,0,231.47,2026-07-27 12:51
TR00005,12622,Tamil Nadu Express,New Delhi,Chennai Central,Nagpur,Vijayawada,233.61,75.45,25.44,0.075,29.6,22,1,9.11,0.27,2.12,200.24,86.39,0,0,218.2,2026-06-17 01:38
TR00006,12295,Sanghamitra Express,Bengaluru,Patna Jn,Vijayawada,Gaya Jn,162.79,75.58,45.37,0.139,29.5,9,2,11.99,0.347,3.68,139.54,71.72,1,0,176.23,2026-05-28 11:56
TR00001,12123,Mumbai - Pune Express,Mumbai CST,Pune Jn,Karjat,Lonavala,307.04,126.27,29.49,0.437,34.6,23,3,24.25,0.508,16.54,263.18,130.0,0,0,198.57,2026-06-30 02:18
TR00002,11010,Deccan Express,Mumbai CST,Pune Jn,Kalyan,Lonavala,181.87,92.33,26.44,0.083,27.6,5,4,9.25,0.194,4.1,155.89,90.71,0,0,144.38,2026-06-11 07:24
TR00003,12010,Shatabdi Express,Mumbai Central,Ahmedabad Jn,Mumbai Central,Borivali,127.25,57.16,7.47,0.103,33.5,23,1,17.89,0.227,1.31,109.07,74.37,0,0,151.57,2026-01-20 01:31
TR00004,12951,Mumbai Rajdhani,Mumbai Central,New Delhi,Kota Jn,New Delhi,174.19,65.48,8.86,0.355,35.5,12,2,20.54,0.207,4.1,149.3,52.27,0,0,183.18,2026-06-19 15:03
TR00005,12622,Tamil Nadu Express,New Delhi,Chennai Central,Bhopal Jn,Nagpur,216.02,65.66,18.37,0.391,40.2,16,0,14.68,0.315,4.22,185.16,58.54,0,0,239.8,2026-07-11 19:59
TR00006,12295,Sanghamitra Express,Bengaluru,Patna Jn,Vijayawada,Gaya Jn,143.66,79.42,17.66,0.336,32.3,23,6,9.82,0.394,4.28,123.14,77.19,0,0,129.17,2026-04-11 01:09
TR00001,12123,Mumbai - Pune Express,Mumbai CST,Pune Jn,Mumbai CST,Dadar,295.64,67.69,26.68,0.003,25.4,1,0,15.95,0.478,8.97,253.4,58.15,1,0,320.92,2026-07-01 06:20
TR00002,11010,Deccan Express,Mumbai CST,Pune Jn,Dadar,Kalyan,299.48,55.98,4.09,0.295,23.4,15,1,14.92,0.028,8.21,256.7,43.78,0,0,339.35,2026-04-29 20:39
TR00003,12010,Shatabdi Express,Mumbai Central,Ahmedabad Jn,Surat,Vadodara,78.03,64.34,13.85,0.023,27.0,6,4,4.27,0.238,3.38,66.88,55.42,0,0,86.02,2026-03-29 07:26
TR00004,12951,Mumbai Rajdhani,Mumbai Central,New Delhi,Vadodara,Kota Jn,163.64,91.54,37.29,0.362,14.3,19,2,32.42,0.127,10.27,140.26,90.13,1,0,150.06,2026-06-25 21:30
TR00005,12622,Tamil Nadu Express,New Delhi,Chennai Central,New Delhi,Bhopal Jn,241.19,35.91,13.33,0.166,34.6,2,2,4.74,0.141,0.73,206.73,37.48,0,0,435.04,2026-08-15 09:15
TR00006,12295,Sanghamitra Express,Bengaluru,Patna Jn,Bengaluru,Guntakal Jn,130.87,56.41,21.94,0.068,27.9,5,4,19.76,0.235,1.5,112.18,56.95,0,0,157.75,2026-05-26 07:37
TR00001,12123,Mumbai - Pune Express,Mumbai CST,Pune Jn,Dadar,Kalyan,153.27,58.27,26.92,0.029,34.5,21,4,21.94,0.64,3.35,131.38,62.77,0,0,200.57,2026-07-09 00:20
TR00002,11010,Deccan Express,Mumbai CST,Pune Jn,Dadar,Kalyan,262.91,100.55,24.78,0.346,18.1,17,3,11.88,0.288,12.91,225.35,100.53,0,0,191.81,2026-06-24 20:11
TR00003,12010,Shatabdi Express,Mumbai Central,Ahmedabad Jn,Borivali,Vapi,199.09,103.88,34.91,0.139,14.5,5,6,35.2,0.2,3.59,170.65,107.68,1,0,153.19,2026-08-09 07:33
TR00004,12951,Mumbai Rajdhani,Mumbai Central,New Delhi,Mumbai Central,Surat,120.95,109.12,29.52,0.102,30.6,19,1,35.97,0.112,1.59,103.67,102.99,0,0,82.27,2026-08-01 20:22
TR00005,12622,Tamil Nadu Express,New Delhi,Chennai Central,Nagpur,Vijayawada,148.76,104.7,0.85,0.045,32.6,15,2,21.29,0.069,4.32,127.51,114.75,0,0,88.02,2026-06-08 16:28
TR00006,12295,Sanghamitra Express,Bengaluru,Patna Jn,Bengaluru,Guntakal Jn,106.96,58.48,8.52,0.139,16.4,23,2,4.44,0.458,10.17,91.68,60.23,0,0,133.89,2026-03-22 01:13
TR00001,12123,Mumbai - Pune Express,Mumbai CST,Pune Jn,Dadar,Kalyan,187.66,92.33,13.46,0.298,28.7,20,0,18.14,0.124,4.2,160.85,89.42,0,0,145.0,2026-07-09 22:24
TR00002,11010,Deccan Express,Mumbai CST,Pune Jn,Dadar,Kalyan,294.0,60.92,26.57,0.18,29.4,12,5,28.38,0.367,7.53,252.0,67.04,0,0,340.25,2026-04-09 17:40
TR00003,12010,Shatabdi Express,Mumbai Central,Ahmedabad Jn,Vadodara,Ahmedabad Jn,72.26,56.75,18.12,0.002,23.0,7,6,12.32,0.273,13.21,61.94,67.98,0,1,113.18,2026-01-16 08:53
TR00004,12951,Mumbai Rajdhani,Mumbai Central,New Delhi,Kota Jn,New Delhi,120.92,122.6,18.87,0.019,38.5,8,4,36.49,0.299,8.0,103.64,130.0,0,0,68.08,2026-01-03 09:08
TR00005,12622,Tamil Nadu Express,New Delhi,Chennai Central,New Delhi,Bhopal Jn,201.33,92.47,18.31,0.221,24.8,14,6,8.58,0.237,7.86,172.57,87.32,0,0,152.22,2026-08-07 16:32
TR00006,12295,Sanghamitra Express,Bengaluru,Patna Jn,Gaya Jn,Patna Jn,107.43,98.16,0.0,0.102,25.3,4,3,8.0,0.235,18.48,92.09,108.57,0,0,68.36,2026-06-04 05:08
TR00001,12123,Mumbai - Pune Express,Mumbai CST,Pune Jn,Kalyan,Karjat,318.92,97.57,28.01,0.073,37.7,5,1,8.06,0.201,9.69,273.36,91.58,1,0,231.08,2026-04-21 08:51
TR00002,11010,Deccan Express,Mumbai CST,Pune Jn,Kalyan,Lonavala,43.54,48.09,18.45,0.295,24.2,7,4,3.96,0.328,1.0,37.32,42.71,0,0,67.73,2026-02-28 08:07
TR00003,12010,Shatabdi Express,Mumbai Central,Ahmedabad Jn,Surat,Vadodara,135.15,75.34,11.74,0.217,20.1,19,2,2.66,0.104,8.02,115.84,69.72,0,0,117.1,2026-02-19 20:57
TR00004,12951,Mumbai Rajdhani,Mumbai Central,New Delhi,Surat,Vadodara,284.43,121.65,32.78,0.516,37.4,3,5,9.14,0.635,5.49,243.8,121.06,0,0,205.57,2026-07-11 06:25
TR00005,12622,Tamil Nadu Express,New Delhi,Chennai Central,New Delhi,Bhopal Jn,487.33,61.2,14.18,0.158,25.3,6,2,9.8,0.189,6.31,417.71,59.33,0,0,519.65,2026-07-06 14:39
TR00006,12295,Sanghamitra Express,Bengaluru,Patna Jn,Vijayawada,Gaya Jn,302.06,110.89,12.57,0.296,33.7,21,3,13.03,0.08,2.1,258.91,109.64,0,0,184.06,2026-03-01 00:04
TR00001,12123,Mumbai - Pune Express,Mumbai CST,Pune Jn,Mumbai CST,Dadar,119.13,28.51,3.53,0.081,30.1,12,1,5.25,0.081,22.21,102.11,40.99,0,0,264.55,2026-05-16 16:24
TR00002,11010,Deccan Express,Mumbai CST,Pune Jn,Mumbai CST,Dadar,355.97,74.37,25.66,0.268,39.8,13,4,28.59,0.16,15.65,305.11,75.0,0,0,323.18,2026-02-14 18:23
TR00003,12010,Shatabdi Express,Mumbai Central,Ahmedabad Jn,Surat,Vadodara,301.48,28.6,39.32,0.088,22.1,5,2,16.06,0.05,7.58,258.41,38.53,1,1,849.1,2026-08-01 19:09
TR00004,12951,Mumbai Rajdhani,Mumbai Central,New Delhi,Mumbai Central,Surat,400.07,75.27,14.22,0.365,27.6,13,2,13.05,0.08,0.75,342.91,87.6,0,0,345.83,2026-07-16 18:45
TR00005,12622,Tamil Nadu Express,New Delhi,Chennai Central,Vijayawada,Chennai Central,297.31,124.21,21.48,0.038,21.8,11,1,12.69,0.397,6.85,254.84,128.07,0,0,175.69,2026-04-08 13:55
TR00006,12295,Sanghamitra Express,Bengaluru,Patna Jn,Guntakal Jn,Vijayawada,276.78,74.69,0.0,0.041,20.2,20,3,7.25,0.119,0.47,237.24,61.9,0,0,228.93,2026-03-26 23:48
TR00001,12123,Mumbai - Pune Express,Mumbai CST,Pune Jn,Mumbai CST,Dadar,187.22,66.14,9.2,0.202,29.9,11,5,19.52,0.152,7.28,160.47,59.85,0,0,188.36,2026-05-20 14:08
TR00002,11010,Deccan Express,Mumbai CST,Pune Jn,Kalyan,Lonavala,115.63,47.3,29.17,0.161,35.4,0,4,22.2,0.367,14.39,99.11,50.18,0,0,179.55,2026-04-28 02:59
TR00003,12010,Shatabdi Express,Mumbai Central,Ahmedabad Jn,Surat,Vadodara,148.01,51.53,19.44,0.157,29.8,10,4,3.66,0.169,5.15,126.87,51.61,0,1,250.27,2026-01-21 14:10
TR00004,12951,Mumbai Rajdhani,Mumbai Central,New Delhi,Surat,Vadodara,303.25,108.98,11.86,0.151,22.6,18,4,2.38,0.362,3.62,259.93,112.82,0,0,202.05,2026-08-03 21:22
TR00005,12622,Tamil Nadu Express,New Delhi,Chennai Central,New Delhi,Bhopal Jn,92.43,87.75,9.76,0.389,23.5,12,3,4.0,0.364,6.28,79.23,92.54,0,0,81.19,2026-03-27 13:21
TR00006,12295,Sanghamitra Express,Bengaluru,Patna Jn,Vijayawada,Gaya Jn,371.95,92.64,22.08,0.17,25.8,21,2,10.28,0.085,6.66,318.82,89.5,0,1,333.54,2026-07-10 02:33
TR00001,12123,Mumbai - Pune Express,Mumbai CST,Pune Jn,Lonavala,Pune Jn,237.17,33.95,29.17,0.558,21.3,14,4,8.18,0.328,16.26,203.29,43.15,0,1,671.26,2026-06-29 01:11
TR00002,11010,Deccan Express,Mumbai CST,Pune Jn,Mumbai CST,Dadar,286.45,80.34,17.41,0.098,35.5,18,3,26.81,0.102,8.7,245.53,82.3,1,0,250.17,2026-06-30 22:10
TR00003,12010,Shatabdi Express,Mumbai Central,Ahmedabad Jn,Vadodara,Ahmedabad Jn,158.29,112.15,43.4,0.188,33.8,23,4,36.25,0.526,13.68,135.67,126.17,0,0,113.25,2026-02-21 00:53
TR00004,12951,Mumbai Rajdhani,Mumbai Central,New Delhi,Vadodara,Kota Jn,264.49,75.27,15.98,0.126,40.3,21,1,20.5,0.173,18.49,226.7,83.15,0,0,235.43,2026-07-18 00:55
TR00005,12622,Tamil Nadu Express,New Delhi,Chennai Central,Vijayawada,Chennai Central,341.11,52.61,4.67,0.013,23.5,19,0,6.94,0.167,12.92,292.38,56.75,0,0,409.09,2026-04-02 01:49
TR00006,12295,Sanghamitra Express,Bengaluru,Patna Jn,Bengaluru,Guntakal Jn,307.79,46.79,20.68,0.187,20.9,6,3,4.16,0.53,14.24,263.82,49.93,0,0,487.42,2026-06-10 14:07
TR00001,12123,Mumbai - Pune Express,Mumbai CST,Pune Jn,Lonavala,Pune Jn,96.92,65.86,34.69,0.271,13.4,7,6,27.26,0.295,23.25,83.07,64.31,0,0,120.38,2026-01-28 09:00
TR00002,11010,Deccan Express,Mumbai CST,Pune Jn,Lonavala,Pune Jn,184.87,62.98,31.25,0.261,32.7,20,3,21.79,0.146,5.0,158.46,73.93,1,0,215.99,2026-05-15 23:35
TR00003,12010,Shatabdi Express,Mumbai Central,Ahmedabad Jn,Vadodara,Ahmedabad Jn,96.99,61.31,9.27,0.133,19.1,19,1,19.32,0.314,5.66,83.13,62.33,0,0,112.0,2026-05-13 20:52
TR00004,12951,Mumbai Rajdhani,Mumbai Central,New Delhi,Vadodara,Kota Jn,170.97,67.8,31.31,0.171,27.1,4,0,12.61,0.382,1.22,146.55,68.17,0,0,186.38,2026-08-12 07:06
TR00005,12622,Tamil Nadu Express,New Delhi,Chennai Central,Bhopal Jn,Nagpur,330.26,75.15,19.2,0.015,20.0,16,1,11.58,0.565,24.76,283.08,59.1,0,0,322.99,2026-08-19 21:22
TR00006,12295,Sanghamitra Express,Bengaluru,Patna Jn,Guntakal Jn,Vijayawada,115.23,70.61,28.47,0.193,22.8,19,2,8.49,0.201,7.73,98.77,57.57,0,0,126.51,2026-06-07 21:06
TR00001,12123,Mumbai - Pune Express,Mumbai CST,Pune Jn,Dadar,Kalyan,270.88,61.19,22.79,0.297,24.0,6,1,19.37,0.482,9.34,232.18,59.33,0,0,327.02,2026-08-05 11:27
TR00002,11010,Deccan Express,Mumbai CST,Pune Jn,Dadar,Kalyan,82.33,72.04,24.6,0.658,33.8,3,0,3.01,0.351,12.69,70.57,65.49,0,0,94.88,2026-05-07 04:34
TR00003,12010,Shatabdi Express,Mumbai Central,Ahmedabad Jn,Mumbai Central,Borivali,132.05,71.48,35.51,0.1,16.5,12,1,47.5,0.159,4.48,113.19,61.37,0,0,136.14,2026-02-05 14:16
TR00004,12951,Mumbai Rajdhani,Mumbai Central,New Delhi,Vadodara,Kota Jn,437.58,84.37,23.84,0.184,15.2,4,3,3.01,0.133,4.22,375.07,77.68,1,0,353.96,2026-08-13 09:53
TR00005,12622,Tamil Nadu Express,New Delhi,Chennai Central,Vijayawada,Chennai Central,254.79,72.88,18.86,0.125,30.6,11,2,13.77,0.142,10.82,218.39,74.64,0,0,225.19,2026-05-08 14:45
TR00006,12295,Sanghamitra Express,Bengaluru,Patna Jn,Bengaluru,Guntakal Jn,73.82,57.29,14.91,0.004,24.5,18,3,2.44,0.445,0.17,63.28,52.31,0,0,92.54,2026-03-23 19:32
TR00001,12123,Mumbai - Pune Express,Mumbai CST,Pune Jn,Mumbai CST,Dadar,247.16,35.02,9.33,0.132,26.0,17,5,13.54,0.157,2.99,211.85,34.01,0,0,454.37,2026-04-24 00:34
TR00002,11010,Deccan Express,Mumbai CST,Pune Jn,Kalyan,Lonavala,190.36,108.86,5.55,0.067,33.8,7,6,19.66,0.134,9.24,163.17,93.74,0,0,117.65,2026-05-03 08:57
TR00003,12010,Shatabdi Express,Mumbai Central,Ahmedabad Jn,Surat,Vadodara,232.75,78.98,14.06,0.026,25.5,1,4,7.59,0.685,8.58,199.5,80.85,0,0,227.58,2026-05-29 04:47
TR00004,12951,Mumbai Rajdhani,Mumbai Central,New Delhi,Mumbai Central,Surat,439.57,72.83,8.98,0.043,31.2,15,3,15.9,0.159,7.6,376.78,74.47,0,0,382.08,2026-06-23 21:22
TR00005,12622,Tamil Nadu Express,New Delhi,Chennai Central,New Delhi,Bhopal Jn,137.52,110.52,24.52,0.434,26.9,23,3,17.71,0.429,4.57,117.87,105.21,0,0,95.61,2026-05-22 00:35
TR00006,12295,Sanghamitra Express,Bengaluru,Patna Jn,Gaya Jn,Patna Jn,313.81,102.47,33.77,0.128,15.9,1,2,29.23,0.28,17.94,268.98,114.1,1,0,226.59,2026-05-24 04:46
TR00001,12123,Mumbai - Pune Express,Mumbai CST,Pune Jn,Dadar,Kalyan,103.1,86.54,24.65,0.044,34.8,5,6,7.29,0.307,3.31,88.38,72.16,1,0,101.19,2026-04-11 06:41
TR00002,11010,Deccan Express,Mumbai CST,Pune Jn,Lonavala,Pune Jn,130.68,92.03,29.43,0.43,20.2,22,0,19.0,0.08,9.59,112.01,101.23,0,0,107.72,2026-04-21 23:47
TR00003,12010,Shatabdi Express,Mumbai Central,Ahmedabad Jn,Vapi,Surat,564.37,78.55,12.87,0.048,26.6,9,5,13.6,0.213,7.44,483.75,72.54,0,0,469.1,2026-01-27 16:49
TR00004,12951,Mumbai Rajdhani,Mumbai Central,New Delhi,Vadodara,Kota Jn,170.92,81.24,14.44,0.192,34.7,1,0,24.54,0.284,10.07,146.51,89.2,0,0,148.23,2026-01-24 03:28
TR00005,12622,Tamil Nadu Express,New Delhi,Chennai Central,Nagpur,Vijayawada,297.24,78.25,39.91,0.159,32.7,10,4,24.2,0.363,17.77,254.77,71.58,0,1,354.49,2026-03-12 15:54
TR00006,12295,Sanghamitra Express,Bengaluru,Patna Jn,Vijayawada,Gaya Jn,209.39,61.2,12.74,0.385,25.9,14,6,3.7,0.241,4.34,179.48,53.39,0,0,240.76,2026-07-11 18:00
TR00001,12123,Mumbai - Pune Express,Mumbai CST,Pune Jn,Mumbai CST,Dadar,169.4,83.07,22.81,0.101,18.1,15,6,13.12,0.473,16.91,145.2,103.38,0,0,146.97,2026-03-09 17:26
TR00002,11010,Deccan Express,Mumbai CST,Pune Jn,Mumbai CST,Dadar,185.18,45.25,20.85,0.364,37.1,2,3,7.4,0.37,1.66,158.73,33.07,0,0,302.68,2026-02-05 07:02
TR00003,12010,Shatabdi Express,Mumbai Central,Ahmedabad Jn,Vapi,Surat,210.61,100.85,5.09,0.122,30.5,0,3,15.21,0.244,8.32,180.52,104.03,0,0,143.81,2026-04-28 02:23
TR00004,12951,Mumbai Rajdhani,Mumbai Central,New Delhi,Surat,Vadodara,73.84,82.78,14.84,0.039,23.2,14,2,12.8,0.48,16.45,63.29,78.45,0,0,72.94,2026-03-02 15:12
TR00005,12622,Tamil Nadu Express,New Delhi,Chennai Central,Bhopal Jn,Nagpur,123.05,94.34,23.65,0.163,24.0,13,3,10.24,0.278,1.2,105.47,93.55,0,1,123.6,2026-05-27 15:03
TR00006,12295,Sanghamitra Express,Bengaluru,Patna Jn,Guntakal Jn,Vijayawada,239.64,65.16,16.18,0.377,26.7,14,3,5.95,0.168,17.14,205.4,58.56,0,0,253.93,2026-08-19 18:13
TR00001,12123,Mumbai - Pune Express,Mumbai CST,Pune Jn,Kalyan,Karjat,222.97,67.67,31.71,0.138,17.6,8,1,16.93,0.313,4.63,191.12,63.06,0,1,306.63,2026-08-24 13:06
TR00002,11010,Deccan Express,Mumbai CST,Pune Jn,Mumbai CST,Dadar,49.76,72.37,32.3,0.041,25.8,7,6,5.85,0.461,3.19,42.65,78.66,1,0,82.11,2026-05-12 08:22
TR00003,12010,Shatabdi Express,Mumbai Central,Ahmedabad Jn,Vadodara,Ahmedabad Jn,163.65,46.19,29.18,0.06,32.0,4,0,12.46,0.52,6.97,140.27,55.66,0,0,269.94,2026-03-08 08:29
TR00004,12951,Mumbai Rajdhani,Mumbai Central,New Delhi,Surat,Vadodara,118.59,51.87,27.57,0.163,31.2,5,4,16.12,0.377,0.51,101.65,60.74,0,0,165.04,2026-06-17 07:45
TR00005,12622,Tamil Nadu Express,New Delhi,Chennai Central,New Delhi,Bhopal Jn,59.2,83.13,25.09,0.037,27.5,2,6,6.63,0.403,2.0,50.74,84.03,0,1,74.38,2026-05-26 03:14
TR00006,12295,Sanghamitra Express,Bengaluru,Patna Jn,Guntakal Jn,Vijayawada,95.48,63.7,31.52,0.226,28.8,7,4,1.75,0.333,2.74,81.84,55.26,1,0,131.07,2026-02-09 09:11
TR00001,12123,Mumbai - Pune Express,Mumbai CST,Pune Jn,Kalyan,Karjat,200.04,73.75,18.57,0.032,17.9,0,5,11.37,0.112,8.95,171.46,74.62,1,0,181.81,2026-01-04 03:01
TR00002,11010,Deccan Express,Mumbai CST,Pune Jn,Dadar,Kalyan,213.57,61.96,29.06,0.091,44.7,18,1,41.64,0.171,4.35,183.06,56.05,0,1,289.73,2026-03-26 22:49
TR00003,12010,Shatabdi Express,Mumbai Central,Ahmedabad Jn,Vapi,Surat,117.37,69.3,9.41,0.059,31.3,5,5,42.22,0.217,5.07,100.6,69.52,0,0,114.04,2026-02-09 06:54
TR00004,12951,Mumbai Rajdhani,Mumbai Central,New Delhi,Vadodara,Kota Jn,272.09,43.56,15.07,0.21,25.2,1,6,9.51,0.489,3.9,233.22,40.12,0,0,450.4,2026-08-06 08:30
TR00005,12622,Tamil Nadu Express,New Delhi,Chennai Central,New Delhi,Bhopal Jn,155.33,87.85,7.32,0.259,32.5,6,2,4.99,0.118,18.23,133.14,92.36,0,0,115.06,2026-05-03 07:55
TR00006,12295,Sanghamitra Express,Bengaluru,Patna Jn,Vijayawada,Gaya Jn,416.44,77.51,12.45,0.259,43.7,19,2,2.72,0.118,6.4,356.95,78.74,0,0,351.64,2026-04-20 00:51
TR00001,12123,Mumbai - Pune Express,Mumbai CST,Pune Jn,Kalyan,Karjat,147.63,48.15,37.18,0.354,21.6,21,3,32.87,0.159,24.14,126.54,51.06,0,0,224.92,2026-01-26 00:44
TR00002,11010,Deccan Express,Mumbai CST,Pune Jn,Mumbai CST,Dadar,103.96,69.67,25.34,0.106,31.6,1,0,4.12,0.289,5.73,89.11,68.08,0,1,148.12,2026-06-04 03:28
TR00003,12010,Shatabdi Express,Mumbai Central,Ahmedabad Jn,Vapi,Surat,163.17,75.61,19.15,0.24,42.0,13,6,7.36,0.176,11.83,139.86,66.67,0,0,152.06,2026-06-29 15:32
TR00004,12951,Mumbai Rajdhani,Mumbai Central,New Delhi,Kota Jn,New Delhi,133.81,101.1,10.02,0.325,27.2,0,4,4.33,0.024,4.56,114.7,97.71,0,0,90.66,2026-06-30 01:30
TR00005,12622,Tamil Nadu Express,New Delhi,Chennai Central,New Delhi,Bhopal Jn,285.79,76.81,15.5,0.138,20.1,20,1,19.39,0.292,5.65,244.97,71.17,0,0,254.72,2026-05-30 00:14
TR00006,12295,Sanghamitra Express,Bengaluru,Patna Jn,Vijayawada,Gaya Jn,45.71,48.48,16.04,0.383,22.9,11,1,14.19,0.196,9.71,39.18,62.73,0,0,76.96,2026-04-14 12:16
TR00001,12123,Mumbai - Pune Express,Mumbai CST,Pune Jn,Lonavala,Pune Jn,492.79,69.23,41.11,0.548,42.1,17,0,18.21,0.102,20.23,422.39,75.36,0,1,631.57,2026-05-18 03:31
TR00002,11010,Deccan Express,Mumbai CST,Pune Jn,Dadar,Kalyan,344.64,69.78,24.9,0.1,34.0,12,6,8.82,0.598,18.2,295.41,75.4,0,0,365.33,2026-06-02 18:05
TR00003,12010,Shatabdi Express,Mumbai Central,Ahmedabad Jn,Surat,Vadodara,157.89,56.22,20.88,0.012,34.4,15,0,17.99,0.542,6.99,135.33,55.8,0,0,204.31,2026-07-02 18:24
TR00004,12951,Mumbai Rajdhani,Mumbai Central,New Delhi,Mumbai Central,Surat,203.48,84.62,24.49,0.141,27.5,13,4,24.75,0.397,4.94,174.41,79.33,0,0,176.74,2026-05-20 15:56
TR00005,12622,Tamil Nadu Express,New Delhi,Chennai Central,Bhopal Jn,Nagpur,361.04,90.55,19.32,0.409,32.2,4,5,19.7,0.134,14.19,309.46,103.75,0,0,270.46,2026-04-17 08:30
TR00006,12295,Sanghamitra Express,Bengaluru,Patna Jn,Gaya Jn,Patna Jn,240.15,56.66,15.19,0.112,15.7,21,3,11.89,0.399,0.28,205.84,64.48,0,0,292.18,2026-07-07 01:52
TR00001,12123,Mumbai - Pune Express,Mumbai CST,Pune Jn,Dadar,Kalyan,154.66,82.2,31.01,0.122,36.1,23,4,10.2,0.38,6.15,132.56,81.21,1,0,156.06,2026-07-03 01:36
TR00002,11010,Deccan Express,Mumbai CST,Pune Jn,Kalyan,Lonavala,382.46,55.31,44.55,0.32,43.4,14,0,50.09,0.411,5.84,327.83,53.57,0,0,509.38,2026-03-07 22:29
TR00003,12010,Shatabdi Express,Mumbai Central,Ahmedabad Jn,Borivali,Vapi,212.88,102.56,43.15,0.274,23.9,12,5,34.19,0.196,14.13,182.47,101.7,1,0,170.59,2026-03-28 14:50
TR00004,12951,Mumbai Rajdhani,Mumbai Central,New Delhi,Mumbai Central,Surat,209.73,60.55,24.81,0.191,41.6,19,0,5.23,0.41,13.77,179.77,63.64,0,0,247.21,2026-08-11 23:07
TR00005,12622,Tamil Nadu Express,New Delhi,Chennai Central,Bhopal Jn,Nagpur,102.81,97.0,19.95,0.048,23.5,13,6,22.16,0.409,7.49,88.12,92.82,0,0,89.51,2026-08-21 14:29
TR00006,12295,Sanghamitra Express,Bengaluru,Patna Jn,Gaya Jn,Patna Jn,415.08,92.87,19.87,0.098,20.9,0,6,22.61,0.276,8.21,355.78,94.19,0,0,301.79,2026-04-17 05:01
TR00001,12123,Mumbai - Pune Express,Mumbai CST,Pune Jn,Karjat,Lonavala,379.82,89.0,27.51,0.347,21.9,10,0,3.96,0.091,2.89,325.56,92.89,1,0,299.64,2026-04-21 14:59
TR00002,11010,Deccan Express,Mumbai CST,Pune Jn,Lonavala,Pune Jn,295.28,98.18,8.9,0.135,22.3,22,5,24.71,0.186,12.5,253.09,87.83,0,0,195.28,2026-04-09 01:15
TR00003,12010,Shatabdi Express,Mumbai Central,Ahmedabad Jn,Vadodara,Ahmedabad Jn,299.38,122.03,21.73,0.13,29.6,10,5,17.09,0.12,23.39,256.61,117.01,0,0,163.4,2026-03-02 12:43
TR00004,12951,Mumbai Rajdhani,Mumbai Central,New Delhi,Surat,Vadodara,136.34,79.0,20.34,0.158,18.9,11,1,7.12,0.263,0.92,116.87,75.02,0,0,118.83,2026-04-29 12:58
TR00005,12622,Tamil Nadu Express,New Delhi,Chennai Central,Bhopal Jn,Nagpur,212.57,72.69,21.59,0.178,26.4,18,4,15.53,0.308,6.57,182.2,77.46,0,0,199.68,2026-01-27 21:19
TR00006,12295,Sanghamitra Express,Bengaluru,Patna Jn,Vijayawada,Gaya Jn,140.62,27.66,4.9,0.245,33.9,13,4,12.14,0.192,12.41,120.53,24.98,0,0,335.45,2026-04-17 18:35
TR00001,12123,Mumbai - Pune Express,Mumbai CST,Pune Jn,Lonavala,Pune Jn,211.83,61.42,21.92,0.165,34.8,20,2,32.05,0.333,5.51,181.57,63.56,0,0,249.32,2026-08-21 00:09
TR00002,11010,Deccan Express,Mumbai CST,Pune Jn,Kalyan,Lonavala,268.0,76.58,18.69,0.239,24.6,17,4,5.96,0.359,20.52,229.72,74.93,0,0,255.74,2026-07-10 21:15
TR00003,12010,Shatabdi Express,Mumbai Central,Ahmedabad Jn,Mumbai Central,Borivali,339.51,112.8,17.19,0.051,23.8,9,0,8.95,0.382,9.66,291.01,100.6,0,0,216.33,2026-06-24 12:36
TR00004,12951,Mumbai Rajdhani,Mumbai Central,New Delhi,Vadodara,Kota Jn,310.9,32.66,28.93,0.264,18.4,19,1,9.34,0.336,20.51,266.49,28.32,0,0,669.15,2026-05-17 06:09
TR00005,12622,Tamil Nadu Express,New Delhi,Chennai Central,Vijayawada,Chennai Central,95.26,97.17,37.96,0.222,26.8,13,3,58.06,0.13,8.09,81.65,98.28,1,0,94.92,2026-06-09 14:34
TR00006,12295,Sanghamitra Express,Bengaluru,Patna Jn,Bengaluru,Guntakal Jn,384.33,70.48,22.31,0.228,18.3,21,5,4.34,0.177,12.98,329.43,62.26,0,0,363.0,2026-04-07 03:02
TR00001,12123,Mumbai - Pune Express,Mumbai CST,Pune Jn,Kalyan,Karjat,118.99,106.57,17.91,0.038,31.3,3,2,12.2,0.576,10.4,101.99,121.92,0,0,84.04,2026-06-20 04:24
TR00002,11010,Deccan Express,Mumbai CST,Pune Jn,Mumbai CST,Dadar,201.31,74.53,23.5,0.09,19.2,23,4,13.0,0.304,0.28,172.55,75.93,0,0,196.54,2026-06-19 02:16
TR00003,12010,Shatabdi Express,Mumbai Central,Ahmedabad Jn,Surat,Vadodara,253.7,87.75,27.89,0.408,24.7,5,2,20.38,0.633,14.3,217.46,99.73,0,0,236.92,2026-07-15 08:56
TR00004,12951,Mumbai Rajdhani,Mumbai Central,New Delhi,Mumbai Central,Surat,262.72,46.41,17.76,0.017,27.8,12,6,25.28,0.177,22.93,225.19,45.02,0,0,368.28,2026-03-14 18:08
TR00005,12622,Tamil Nadu Express,New Delhi,Chennai Central,New Delhi,Bhopal Jn,416.64,92.94,27.68,0.047,30.7,10,4,19.73,0.457,7.32,357.12,88.55,0,0,315.88,2026-05-19 15:15
TR00006,12295,Sanghamitra Express,Bengaluru,Patna Jn,Guntakal Jn,Vijayawada,119.77,52.32,11.11,0.136,28.5,19,3,13.66,0.151,3.59,102.66,61.94,0,0,157.87,2026-01-28 21:37
TR00001,12123,Mumbai - Pune Express,Mumbai CST,Pune Jn,Lonavala,Pune Jn,228.49,56.26,8.85,0.51,15.5,20,4,3.99,0.028,4.47,195.85,56.88,0,0,267.85,2026-04-25 00:27
TR00002,11010,Deccan Express,Mumbai CST,Pune Jn,Dadar,Kalyan,176.01,78.12,36.13,0.202,28.8,20,5,16.95,0.667,10.86,150.87,76.26,0,0,193.14,2026-05-08 23:13
TR00003,12010,Shatabdi Express,Mumbai Central,Ahmedabad Jn,Vadodara,Ahmedabad Jn,102.86,72.98,22.84,0.087,27.0,12,2,33.35,0.355,4.42,88.16,83.19,0,0,99.64,2026-06-26 13:39
TR00004,12951,Mumbai Rajdhani,Mumbai Central,New Delhi,Mumbai Central,Surat,98.31,66.38,35.49,0.178,20.2,12,1,17.14,0.693,13.44,84.26,60.65,0,0,130.51,2026-06-03 14:10
TR00005,12622,Tamil Nadu Express,New Delhi,Chennai Central,New Delhi,Bhopal Jn,191.7,52.07,40.58,0.384,25.6,5,3,28.43,0.498,2.11,164.31,55.58,0,1,382.29,2026-01-08 11:22
TR00006,12295,Sanghamitra Express,Bengaluru,Patna Jn,Gaya Jn,Patna Jn,172.21,95.32,5.75,0.036,35.0,10,0,15.23,0.139,7.57,147.61,101.51,0,0,113.56,2026-08-21 11:53
TR00001,12123,Mumbai - Pune Express,Mumbai CST,Pune Jn,Dadar,Kalyan,80.54,83.34,26.59,0.013,35.3,1,3,5.61,0.166,11.87,69.04,60.69,1,0,89.93,2026-07-22 02:29
TR00002,11010,Deccan Express,Mumbai CST,Pune Jn,Dadar,Kalyan,272.5,82.97,14.31,0.002,20.0,4,2,23.34,0.238,11.32,233.57,80.32,0,0,212.68,2026-02-15 07:32
TR00003,12010,Shatabdi Express,Mumbai Central,Ahmedabad Jn,Vadodara,Ahmedabad Jn,230.81,26.8,36.78,0.469,23.8,17,1,13.11,0.438,3.96,197.84,25.94,1,0,668.51,2026-04-02 04:08
TR00004,12951,Mumbai Rajdhani,Mumbai Central,New Delhi,Vadodara,Kota Jn,88.79,96.65,30.55,0.589,33.5,17,3,12.44,0.218,3.54,76.1,100.69,0,0,81.9,2026-02-04 18:21
TR00005,12622,Tamil Nadu Express,New Delhi,Chennai Central,Nagpur,Vijayawada,95.03,71.51,39.08,0.329,27.4,23,6,29.02,0.524,6.5,81.45,64.07,0,0,111.53,2026-06-25 00:51
TR00006,12295,Sanghamitra Express,Bengaluru,Patna Jn,Gaya Jn,Patna Jn,117.76,25.91,16.29,0.135,24.2,8,6,19.6,0.31,7.1,100.94,31.46,0,0,308.28,2026-08-06 13:08
TR00001,12123,Mumbai - Pune Express,Mumbai CST,Pune Jn,Mumbai CST,Dadar,237.76,58.57,9.62,0.062,30.3,5,1,14.98,0.175,19.28,203.79,60.7,0,0,260.58,2026-07-27 09:20
TR00002,11010,Deccan Express,Mumbai CST,Pune Jn,Kalyan,Lonavala,249.39,40.04,19.02,0.133,28.1,3,0,22.08,0.113,9.66,213.77,51.11,0,0,401.37,2026-06-18 09:41
TR00003,12010,Shatabdi Express,Mumbai Central,Ahmedabad Jn,Vapi,Surat,360.99,92.8,27.06,0.238,21.7,13,0,21.82,0.387,1.78,309.42,102.3,0,0,279.58,2026-02-28 17:39
TR00004,12951,Mumbai Rajdhani,Mumbai Central,New Delhi,Mumbai Central,Surat,210.14,77.1,16.99,0.151,38.4,15,4,15.49,0.28,10.25,180.12,65.99,0,0,189.92,2026-06-25 18:09
TR00005,12622,Tamil Nadu Express,New Delhi,Chennai Central,Vijayawada,Chennai Central,184.62,90.29,14.92,0.214,36.9,20,3,15.96,0.201,5.13,158.24,86.28,0,0,145.53,2026-07-18 22:25
TR00006,12295,Sanghamitra Express,Bengaluru,Patna Jn,Bengaluru,Guntakal Jn,152.18,118.13,12.54,0.076,22.9,0,3,14.84,0.124,1.23,130.44,121.22,0,0,83.59,2026-05-14 01:23
TR00001,12123,Mumbai - Pune Express,Mumbai CST,Pune Jn,Mumbai CST,Dadar,227.64,51.69,33.13,0.172,20.6,16,2,40.97,0.141,1.61,195.12,62.92,0,1,371.37,2026-08-24 22:11
TR00002,11010,Deccan Express,Mumbai CST,Pune Jn,Lonavala,Pune Jn,56.65,76.81,23.01,0.317,19.6,2,4,24.83,0.355,4.31,48.55,73.69,0,0,63.57,2026-06-06 03:03
TR00003,12010,Shatabdi Express,Mumbai Central,Ahmedabad Jn,Vadodara,Ahmedabad Jn,392.23,72.67,11.25,0.223,26.0,21,4,1.05,0.188,15.81,336.19,74.63,0,0,351.21,2026-03-14 02:51
TR00004,12951,Mumbai Rajdhani,Mumbai Central,New Delhi,Mumbai Central,Surat,170.98,55.65,16.94,0.185,31.9,21,2,10.56,0.438,7.2,146.55,44.65,0,0,225.8,2026-03-18 00:45
TR00005,12622,Tamil Nadu Express,New Delhi,Chennai Central,Vijayawada,Chennai Central,517.29,78.76,28.04,0.473,20.2,4,5,11.67,0.434,9.81,443.4,75.04,0,0,493.79,2026-07-16 12:13
TR00006,12295,Sanghamitra Express,Bengaluru,Patna Jn,Bengaluru,Guntakal Jn,229.75,113.63,18.7,0.252,14.9,16,3,20.03,0.203,2.33,196.93,115.56,0,0,138.87,2026-08-26 18:18
TR00001,12123,Mumbai - Pune Express,Mumbai CST,Pune Jn,Karjat,Lonavala,115.18,80.5,20.15,0.403,33.7,14,2,13.77,0.324,14.58,98.73,93.63,0,0,106.64,2026-04-19 15:46
TR00002,11010,Deccan Express,Mumbai CST,Pune Jn,Dadar,Kalyan,103.33,60.87,13.77,0.198,30.6,4,3,2.59,0.491,10.26,88.57,46.47,0,0,129.51,2026-06-18 06:09
TR00003,12010,Shatabdi Express,Mumbai Central,Ahmedabad Jn,Surat,Vadodara,76.99,82.53,19.87,0.418,12.9,9,0,5.11,0.29,4.51,66.0,88.61,0,0,66.93,2026-03-15 10:06
TR00004,12951,Mumbai Rajdhani,Mumbai Central,New Delhi,Vadodara,Kota Jn,155.53,59.39,28.3,0.13,32.3,3,2,19.67,0.319,2.06,133.31,59.24,1,0,198.92,2026-04-01 06:18
TR00005,12622,Tamil Nadu Express,New Delhi,Chennai Central,Vijayawada,Chennai Central,296.7,62.68,34.9,0.503,16.9,12,3,12.45,0.209,15.98,254.31,76.21,0,0,342.76,2026-02-23 17:42
TR00006,12295,Sanghamitra Express,Bengaluru,Patna Jn,Guntakal Jn,Vijayawada,56.09,88.9,27.83,0.462,22.7,8,3,6.57,0.047,7.7,48.07,88.8,0,0,48.65,2026-08-02 08:48
TR00001,12123,Mumbai - Pune Express,Mumbai CST,Pune Jn,Lonavala,Pune Jn,133.84,66.26,10.44,0.086,18.9,17,0,24.22,0.067,11.93,114.72,64.13,0,0,130.38,2026-01-20 19:10
TR00002,11010,Deccan Express,Mumbai CST,Pune Jn,Dadar,Kalyan,43.17,82.16,31.03,0.302,21.4,6,2,18.17,0.095,6.03,37.01,72.99,0,0,51.25,2026-01-27 06:51
TR00003,12010,Shatabdi Express,Mumbai Central,Ahmedabad Jn,Vadodara,Ahmedabad Jn,159.73,124.68,12.31,0.336,30.8,1,1,12.66,0.419,1.54,136.91,130.0,0,0,97.27,2026-03-27 02:37
TR00004,12951,Mumbai Rajdhani,Mumbai Central,New Delhi,Mumbai Central,Surat,198.87,82.52,16.77,0.259,21.5,6,4,9.28,0.063,5.58,170.46,84.51,0,0,163.98,2026-06-30 08:43
TR00005,12622,Tamil Nadu Express,New Delhi,Chennai Central,Vijayawada,Chennai Central,121.42,75.13,7.6,0.361,24.7,8,1,3.44,0.145,10.26,104.08,69.87,0,0,106.07,2026-07-19 09:46
TR00006,12295,Sanghamitra Express,Bengaluru,Patna Jn,Vijayawada,Gaya Jn,232.98,57.09,38.72,0.308,22.4,10,0,8.45,0.406,9.49,199.69,63.36,1,0,318.1,2026-04-06 15:18
TR00001,12123,Mumbai - Pune Express,Mumbai CST,Pune Jn,Kalyan,Karjat,409.45,31.19,28.07,0.102,26.4,21,2,5.58,0.191,23.1,350.96,47.76,1,0,863.95,2026-06-15 11:23
TR00002,11010,Deccan Express,Mumbai CST,Pune Jn,Kalyan,Lonavala,340.17,98.37,2.5,0.077,16.0,12,4,2.95,0.097,13.9,291.57,109.5,0,0,219.85,2026-06-21 15:39
TR00003,12010,Shatabdi Express,Mumbai Central,Ahmedabad Jn,Mumbai Central,Borivali,353.86,64.14,10.18,0.158,24.4,9,1,30.69,0.285,6.1,303.31,48.97,0,0,367.77,2026-03-06 15:07
TR00004,12951,Mumbai Rajdhani,Mumbai Central,New Delhi,Surat,Vadodara,228.44,76.42,26.56,0.258,37.6,17,4,6.25,0.18,4.31,195.81,76.09,0,1,261.91,2026-07-02 21:21
TR00005,12622,Tamil Nadu Express,New Delhi,Chennai Central,Vijayawada,Chennai Central,433.62,67.89,19.09,0.245,33.8,18,2,34.19,0.264,7.4,371.67,70.89,0,0,438.33,2026-06-24 01:18
TR00006,12295,Sanghamitra Express,Bengaluru,Patna Jn,Gaya Jn,Patna Jn,162.31,72.28,12.47,0.06,35.1,19,2,14.71,0.306,3.69,139.12,73.45,0,0,153.61,2026-05-13 21:33
TR00001,12123,Mumbai - Pune Express,Mumbai CST,Pune Jn,Kalyan,Karjat,151.38,67.66,26.29,0.341,35.0,3,1,16.14,0.189,12.19,129.76,75.5,0,1,205.09,2026-06-28 06:25
TR00002,11010,Deccan Express,Mumbai CST,Pune Jn,Mumbai CST,Dadar,625.23,47.11,53.16,0.666,28.0,2,6,6.8,0.222,4.41,535.91,54.74,1,0,983.32,2026-01-17 18:23
TR00003,12010,Shatabdi Express,Mumbai Central,Ahmedabad Jn,Vadodara,Ahmedabad Jn,78.99,48.65,21.35,0.466,18.2,3,4,11.83,0.441,11.55,67.71,48.88,0,0,129.89,2026-05-02 05:09
TR00004,12951,Mumbai Rajdhani,Mumbai Central,New Delhi,Surat,Vadodara,199.21,56.97,27.27,0.294,22.1,13,1,20.2,0.284,7.64,170.75,62.39,1,0,258.17,2026-01-04 17:18
TR00005,12622,Tamil Nadu Express,New Delhi,Chennai Central,Nagpur,Vijayawada,201.66,37.98,30.22,0.158,28.7,12,2,12.69,0.199,1.45,172.85,27.73,0,0,363.29,2026-01-13 18:03
TR00006,12295,Sanghamitra Express,Bengaluru,Patna Jn,Bengaluru,Guntakal Jn,384.4,43.05,24.63,0.389,33.7,19,4,12.69,0.374,0.86,329.48,44.33,0,0,646.34,2026-07-07 05:46
TR00001,12123,Mumbai - Pune Express,Mumbai CST,Pune Jn,Dadar,Kalyan,144.52,82.13,21.25,0.08,21.2,19,6,13.72,0.25,13.48,123.87,77.29,0,0,124.57,2026-08-02 21:04
TR00002,11010,Deccan Express,Mumbai CST,Pune Jn,Lonavala,Pune Jn,259.29,59.38,25.29,0.301,36.3,10,1,7.68,0.412,1.92,222.25,40.62,0,0,317.28,2026-07-23 15:17
TR00003,12010,Shatabdi Express,Mumbai Central,Ahmedabad Jn,Surat,Vadodara,280.24,75.01,20.47,0.067,22.7,7,6,10.54,0.301,6.22,240.21,60.66,0,1,324.06,2026-07-17 12:24
TR00004,12951,Mumbai Rajdhani,Mumbai Central,New Delhi,Surat,Vadodara,99.28,93.61,10.18,0.106,17.8,0,3,10.26,0.14,1.58,85.09,103.59,0,0,73.97,2026-05-11 01:13
TR00005,12622,Tamil Nadu Express,New Delhi,Chennai Central,Nagpur,Vijayawada,339.54,41.53,5.95,0.085,33.3,10,4,8.3,0.166,20.41,291.04,39.4,0,0,518.58,2026-05-05 18:38
TR00006,12295,Sanghamitra Express,Bengaluru,Patna Jn,Vijayawada,Gaya Jn,370.64,90.62,27.75,0.3,40.3,20,3,21.63,0.282,3.09,317.69,103.19,0,1,371.07,2026-06-12 02:11
TR00001,12123,Mumbai - Pune Express,Mumbai CST,Pune Jn,Lonavala,Pune Jn,362.9,104.23,33.97,0.323,34.3,6,1,6.27,0.708,8.2,311.06,91.07,0,0,290.02,2026-02-15 10:50
TR00002,11010,Deccan Express,Mumbai CST,Pune Jn,Kalyan,Lonavala,194.4,53.29,44.08,0.261,21.0,1,3,34.88,0.042,5.82,166.63,52.51,1,0,268.17,2026-06-28 05:28
TR00003,12010,Shatabdi Express,Mumbai Central,Ahmedabad Jn,Borivali,Vapi,480.59,87.83,26.59,0.611,36.8,3,6,11.24,0.66,4.9,411.93,89.25,0,0,459.48,2026-05-07 10:39
TR00004,12951,Mumbai Rajdhani,Mumbai Central,New Delhi,Vadodara,Kota Jn,102.57,73.96,15.24,0.045,26.2,8,4,7.93,0.398,1.52,87.91,90.72,0,0,98.68,2026-03-25 09:38
TR00005,12622,Tamil Nadu Express,New Delhi,Chennai Central,New Delhi,Bhopal Jn,101.32,90.79,30.87,0.149,30.1,2,6,20.28,0.451,15.42,86.85,91.0,0,0,95.63,2026-05-08 03:35
TR00006,12295,Sanghamitra Express,Bengaluru,Patna Jn,Vijayawada,Gaya Jn,275.85,69.58,13.68,0.024,25.2,23,3,10.23,0.446,5.95,236.44,77.06,0,0,281.49,2026-02-14 03:41
TR00001,12123,Mumbai - Pune Express,Mumbai CST,Pune Jn,Lonavala,Pune Jn,352.55,106.72,20.87,0.537,33.6,21,2,6.04,0.189,4.24,302.18,112.25,0,0,235.91,2026-08-28 00:55
TR00002,11010,Deccan Express,Mumbai CST,Pune Jn,Lonavala,Pune Jn,332.97,81.88,49.15,0.332,36.2,10,5,49.41,0.209,26.83,285.4,81.37,0,1,382.05,2026-02-03 16:22
TR00003,12010,Shatabdi Express,Mumbai Central,Ahmedabad Jn,Mumbai Central,Borivali,454.9,94.36,46.45,0.456,23.7,11,0,62.19,0.635,6.41,389.91,87.63,0,0,399.42,2026-06-19 17:39
TR00004,12951,Mumbai Rajdhani,Mumbai Central,New Delhi,Mumbai Central,Surat,507.7,69.51,11.01,0.08,40.2,15,6,1.3,0.408,12.09,435.17,74.07,0,0,497.51,2026-01-13 23:17
TR00005,12622,Tamil Nadu Express,New Delhi,Chennai Central,New Delhi,Bhopal Jn,139.4,60.4,14.86,0.092,21.7,15,4,5.82,0.031,1.8,119.49,57.27,1,0,157.02,2026-03-26 17:37
TR00006,12295,Sanghamitra Express,Bengaluru,Patna Jn,Bengaluru,Guntakal Jn,401.3,48.48,41.64,0.235,21.9,13,5,4.68,0.563,4.3,343.97,45.08,0,1,814.85,2026-08-19 02:34
TR00001,12123,Mumbai - Pune Express,Mumbai CST,Pune Jn,Mumbai CST,Dadar,283.57,59.8,32.12,0.313,25.0,8,3,17.88,0.235,6.13,243.06,62.08,0,1,423.05,2026-07-22 15:03
TR00002,11010,Deccan Express,Mumbai CST,Pune Jn,Lonavala,Pune Jn,113.77,68.37,30.6,0.142,26.8,10,4,21.88,0.269,4.56,97.51,55.09,0,1,152.33,2026-02-19 12:32
TR00003,12010,Shatabdi Express,Mumbai Central,Ahmedabad Jn,Vadodara,Ahmedabad Jn,168.01,71.07,26.28,0.369,25.2,12,5,15.72,0.147,29.05,144.01,66.44,0,0,166.92,2026-05-27 14:46
TR00004,12951,Mumbai Rajdhani,Mumbai Central,New Delhi,Vadodara,Kota Jn,228.0,111.0,27.16,0.455,37.0,12,5,3.17,0.509,7.88,195.43,105.83,0,0,167.11,2026-02-27 14:47
TR00005,12622,Tamil Nadu Express,New Delhi,Chennai Central,Bhopal Jn,Nagpur,126.95,88.33,33.6,0.352,29.3,14,0,38.83,0.238,6.74,108.82,86.85,0,0,113.99,2026-07-12 15:53
TR00006,12295,Sanghamitra Express,Bengaluru,Patna Jn,Guntakal Jn,Vijayawada,347.14,56.89,10.36,0.05,39.9,16,6,3.12,0.168,8.32,297.55,55.82,0,1,488.26,2026-02-04 00:08
TR00001,12123,Mumbai - Pune Express,Mumbai CST,Pune Jn,Kalyan,Karjat,92.62,100.45,24.06,0.144,26.1,13,1,15.73,0.298,10.62,79.39,98.34,0,0,73.49,2026-05-21 14:13
TR00002,11010,Deccan Express,Mumbai CST,Pune Jn,Kalyan,Lonavala,654.16,75.84,14.78,0.061,15.6,18,2,11.65,0.221,5.52,560.71,74.06,0,0,565.09,2026-03-07 03:25
TR00003,12010,Shatabdi Express,Mumbai Central,Ahmedabad Jn,Borivali,Vapi,290.09,46.76,22.96,0.265,25.0,8,1,34.18,0.138,15.04,248.65,51.46,0,1,521.23,2026-02-17 16:41
TR00004,12951,Mumbai Rajdhani,Mumbai Central,New Delhi,Mumbai Central,Surat,156.12,111.01,15.54,0.101,26.1,20,6,4.71,0.279,12.31,133.82,125.49,0,0,97.02,2026-08-01 21:37
TR00005,12622,Tamil Nadu Express,New Delhi,Chennai Central,Nagpur,Vijayawada,165.49,46.29,3.71,0.088,36.4,15,0,10.06,0.162,1.4,141.85,39.32,0,0,226.29,2026-03-09 18:46
TR00006,12295,Sanghamitra Express,Bengaluru,Patna Jn,Vijayawada,Gaya Jn,483.05,50.93,19.06,0.135,41.3,2,1,22.11,0.076,15.08,414.04,46.49,0,0,599.74,2026-01-22 11:59
TR00001,12123,Mumbai - Pune Express,Mumbai CST,Pune Jn,Dadar,Kalyan,225.95,42.95,12.61,0.089,19.9,12,5,5.96,0.271,9.34,193.67,34.0,0,0,350.73,2026-08-01 17:50
TR00002,11010,Deccan Express,Mumbai CST,Pune Jn,Kalyan,Lonavala,117.02,49.41,13.89,0.422,41.1,20,2,13.29,0.129,6.64,100.3,67.9,0,0,168.48,2026-01-14 22:48
TR00003,12010,Shatabdi Express,Mumbai Central,Ahmedabad Jn,Vadodara,Ahmedabad Jn,226.63,70.34,24.47,0.267,31.4,2,6,10.75,0.238,24.61,194.25,63.57,0,1,287.8,2026-04-22 06:47
TR00004,12951,Mumbai Rajdhani,Mumbai Central,New Delhi,Surat,Vadodara,318.14,48.18,8.32,0.249,48.0,11,4,12.6,0.231,14.11,272.69,41.95,0,0,442.98,2026-07-14 18:22
TR00005,12622,Tamil Nadu Express,New Delhi,Chennai Central,Bhopal Jn,Nagpur,141.27,60.61,34.03,0.117,25.9,10,5,2.33,0.712,9.03,121.09,54.35,0,0,189.99,2026-01-09 13:09
TR00006,12295,Sanghamitra Express,Bengaluru,Patna Jn,Vijayawada,Gaya Jn,238.54,75.87,16.16,0.057,29.0,7,6,16.09,0.164,7.69,204.46,65.19,0,0,206.75,2026-03-27 10:26
TR00001,12123,Mumbai - Pune Express,Mumbai CST,Pune Jn,Kalyan,Karjat,94.9,53.39,10.03,0.242,27.8,1,3,12.3,0.295,15.38,81.34,45.08,0,0,125.09,2026-05-03 03:05
TR00002,11010,Deccan Express,Mumbai CST,Pune Jn,Mumbai CST,Dadar,159.32,70.87,0.39,0.01,29.1,7,6,7.13,0.4,1.77,136.56,75.56,0,0,150.42,2026-03-29 09:30
TR00003,12010,Shatabdi Express,Mumbai Central,Ahmedabad Jn,Vapi,Surat,67.64,20.0,34.68,0.07,20.6,22,3,40.14,0.33,22.63,57.98,20.0,0,0,237.99,2026-06-23 01:57
TR00004,12951,Mumbai Rajdhani,Mumbai Central,New Delhi,Mumbai Central,Surat,184.52,60.23,0.45,0.266,24.9,18,1,6.21,0.052,4.06,158.16,50.95,0,0,192.87,2026-02-08 21:12
TR00005,12622,Tamil Nadu Express,New Delhi,Chennai Central,Nagpur,Vijayawada,65.53,95.67,26.88,0.165,34.4,22,2,4.37,0.122,7.58,56.17,90.58,0,0,57.4,2026-07-29 22:57
TR00006,12295,Sanghamitra Express,Bengaluru,Patna Jn,Vijayawada,Gaya Jn,159.38,84.76,26.34,0.181,23.8,23,0,22.66,0.494,0.81,136.61,91.49,0,0,147.29,2026-06-02 01:27
TR00001,12123,Mumbai - Pune Express,Mumbai CST,Pune Jn,Mumbai CST,Dadar,293.22,60.73,29.86,0.137,30.1,18,3,24.59,0.237,4.32,251.33,63.78,0,0,331.91,2026-04-03 23:31
TR00002,11010,Deccan Express,Mumbai CST,Pune Jn,Dadar,Kalyan,391.55,90.03,14.47,0.259,18.3,8,0,27.22,0.139,9.47,335.62,84.02,0,0,293.13,2026-01-03 12:53
TR00003,12010,Shatabdi Express,Mumbai Central,Ahmedabad Jn,Surat,Vadodara,228.73,97.43,15.58,0.265,29.6,23,1,16.46,0.038,3.47,196.06,111.24,0,0,157.25,2026-04-20 01:37
TR00004,12951,Mumbai Rajdhani,Mumbai Central,New Delhi,Kota Jn,New Delhi,314.84,98.76,21.8,0.174,26.9,17,1,56.65,0.19,3.87,269.86,86.48,0,0,221.3,2026-03-16 20:41
TR00005,12622,Tamil Nadu Express,New Delhi,Chennai Central,Nagpur,Vijayawada,169.81,101.3,20.32,0.238,40.8,8,2,15.26,0.129,5.93,145.55,98.18,0,0,123.59,2026-02-22 10:03
TR00006,12295,Sanghamitra Express,Bengaluru,Patna Jn,Vijayawada,Gaya Jn,406.25,92.03,5.02,0.184,32.3,23,0,0.9,0.404,5.43,348.22,85.2,0,0,305.05,2026-05-06 04:05
TR00001,12123,Mumbai - Pune Express,Mumbai CST,Pune Jn,Kalyan,Karjat,151.65,44.79,23.89,0.298,27.4,22,3,3.96,0.421,2.7,129.99,48.89,0,0,255.63,2026-03-24 02:15
TR00002,11010,Deccan Express,Mumbai CST,Pune Jn,Lonavala,Pune Jn,531.37,61.74,18.34,0.209,22.3,11,5,18.47,0.24,12.0,455.46,49.54,0,0,574.15,2026-05-06 20:34
TR00003,12010,Shatabdi Express,Mumbai Central,Ahmedabad Jn,Vapi,Surat,393.27,98.62,26.93,0.252,24.7,15,0,12.12,0.243,9.06,337.09,104.37,0,1,356.91,2026-07-21 20:56
TR00004,12951,Mumbai Rajdhani,Mumbai Central,New Delhi,Mumbai Central,Surat,312.2,73.63,13.26,0.084,27.7,2,2,20.4,0.211,3.33,267.6,69.31,0,0,278.61,2026-01-12 06:38
TR00005,12622,Tamil Nadu Express,New Delhi,Chennai Central,Bhopal Jn,Nagpur,264.89,85.54,24.83,0.324,33.0,7,4,10.57,0.361,15.87,227.05,89.86,0,0,225.41,2026-02-08 10:45
TR00006,12295,Sanghamitra Express,Bengaluru,Patna Jn,Guntakal Jn,Vijayawada,91.55,40.08,30.27,0.241,24.7,10,3,17.95,0.293,5.9,78.47,44.15,0,0,163.35,2026-06-04 12:43
TR00001,12123,Mumbai - Pune Express,Mumbai CST,Pune Jn,Lonavala,Pune Jn,335.49,71.32,10.27,0.026,31.1,2,2,8.97,0.199,17.13,287.57,67.07,0,0,301.04,2026-02-26 07:01
TR00002,11010,Deccan Express,Mumbai CST,Pune Jn,Lonavala,Pune Jn,116.4,58.18,5.47,0.223,32.5,6,1,5.5,0.027,2.09,99.77,53.95,0,0,126.81,2026-07-17 08:06
TR00003,12010,Shatabdi Express,Mumbai Central,Ahmedabad Jn,Mumbai Central,Borivali,229.45,88.56,35.16,0.1,33.6,0,2,6.54,0.344,7.59,196.68,95.23,1,0,199.72,2026-05-19 03:19
TR00004,12951,Mumbai Rajdhani,Mumbai Central,New Delhi,Surat,Vadodara,561.64,76.16,9.46,0.074,37.5,19,4,20.99,0.333,4.42,481.41,71.46,0,0,495.82,2026-06-14 03:15
TR00005,12622,Tamil Nadu Express,New Delhi,Chennai Central,Bhopal Jn,Nagpur,477.49,106.61,43.02,0.062,32.4,12,6,22.37,0.184,15.08,409.28,123.97,1,0,321.02,2026-06-11 17:21
TR00006,12295,Sanghamitra Express,Bengaluru,Patna Jn,Bengaluru,Guntakal Jn,242.52,62.65,10.69,0.131,27.9,12,6,20.92,0.294,2.54,207.87,65.82,0,0,260.67,2026-07-06 16:20
TR00001,12123,Mumbai - Pune Express,Mumbai CST,Pune Jn,Lonavala,Pune Jn,193.48,67.17,21.87,0.124,24.1,11,2,8.71,0.127,40.08,165.84,79.74,0,0,186.08,2026-08-06 14:06
TR00002,11010,Deccan Express,Mumbai CST,Pune Jn,Dadar,Kalyan,220.86,66.58,35.1,0.092,20.9,12,3,14.0,0.272,12.2,189.31,60.95,1,0,248.61,2026-06-06 16:08
TR00003,12010,Shatabdi Express,Mumbai Central,Ahmedabad Jn,Surat,Vadodara,417.27,67.77,9.29,0.215,23.8,14,2,21.01,0.128,1.47,357.66,79.47,0,0,402.64,2026-03-16 20:42
TR00004,12951,Mumbai Rajdhani,Mumbai Central,New Delhi,Mumbai Central,Surat,53.72,64.59,36.98,0.165,25.3,13,6,19.44,0.362,1.73,46.04,63.49,1,0,85.73,2026-02-18 14:25
TR00005,12622,Tamil Nadu Express,New Delhi,Chennai Central,Bhopal Jn,Nagpur,334.67,30.79,11.18,0.153,35.4,8,5,17.44,0.148,2.79,286.86,46.69,0,0,695.68,2026-02-18 19:35
TR00006,12295,Sanghamitra Express,Bengaluru,Patna Jn,Gaya Jn,Patna Jn,428.86,67.35,24.53,0.056,19.9,1,6,27.81,0.268,14.89,367.59,56.89,0,0,423.96,2026-07-17 08:03
TR00001,12123,Mumbai - Pune Express,Mumbai CST,Pune Jn,Dadar,Kalyan,171.77,79.32,9.1,0.073,29.5,2,3,22.27,0.392,1.04,147.23,78.23,0,0,148.59,2026-06-14 04:28
TR00002,11010,Deccan Express,Mumbai CST,Pune Jn,Lonavala,Pune Jn,163.87,97.39,18.76,0.079,27.1,9,0,39.07,0.301,3.57,140.46,86.64,0,0,116.01,2026-08-06 10:56
TR00003,12010,Shatabdi Express,Mumbai Central,Ahmedabad Jn,Borivali,Vapi,275.99,46.48,16.13,0.539,37.6,16,1,11.23,0.179,2.0,236.56,28.02,0,0,420.75,2026-04-25 23:00
TR00004,12951,Mumbai Rajdhani,Mumbai Central,New Delhi,Surat,Vadodara,31.16,102.6,13.12,0.264,48.0,3,4,16.71,0.084,6.71,26.71,98.06,0,0,24.68,2026-02-06 03:24
TR00005,12622,Tamil Nadu Express,New Delhi,Chennai Central,Nagpur,Vijayawada,503.91,86.09,13.76,0.22,35.4,1,2,16.88,0.353,14.86,431.93,89.98,0,0,406.11,2026-03-31 07:46
TR00006,12295,Sanghamitra Express,Bengaluru,Patna Jn,Vijayawada,Gaya Jn,77.36,43.52,23.41,0.2,10.8,2,3,9.33,0.446,12.33,66.31,30.93,0,0,144.1,2026-02-22 04:24
TR00001,12123,Mumbai - Pune Express,Mumbai CST,Pune Jn,Kalyan,Karjat,193.42,73.07,10.37,0.23,28.0,10,6,17.1,0.292,4.37,165.79,95.23,0,0,179.9,2026-06-08 12:59
TR00002,11010,Deccan Express,Mumbai CST,Pune Jn,Lonavala,Pune Jn,346.12,67.67,41.4,0.189,19.2,16,3,20.82,0.099,11.99,296.68,65.89,1,0,354.48,2026-06-30 21:54
TR00003,12010,Shatabdi Express,Mumbai Central,Ahmedabad Jn,Surat,Vadodara,216.99,93.28,9.53,0.395,22.3,3,0,44.79,0.128,4.04,185.99,89.78,0,0,158.72,2026-03-12 05:38
TR00004,12951,Mumbai Rajdhani,Mumbai Central,New Delhi,Mumbai Central,Surat,116.24,102.04,38.18,0.102,33.7,18,5,22.57,0.17,6.3,99.64,104.75,1,1,130.06,2026-01-24 20:10
TR00005,12622,Tamil Nadu Express,New Delhi,Chennai Central,Vijayawada,Chennai Central,250.53,112.22,34.75,0.29,36.3,19,3,25.13,0.173,10.49,214.74,123.95,1,0,178.94,2026-08-04 21:58
TR00006,12295,Sanghamitra Express,Bengaluru,Patna Jn,Vijayawada,Gaya Jn,431.65,71.73,16.38,0.348,37.4,16,0,8.5,0.39,7.9,369.98,72.7,0,0,429.82,2026-01-29 23:09
TR00001,12123,Mumbai - Pune Express,Mumbai CST,Pune Jn,Karjat,Lonavala,229.44,101.11,24.93,0.362,28.0,1,0,3.94,0.241,6.95,196.66,99.24,0,0,168.0,2026-02-27 03:47
TR00002,11010,Deccan Express,Mumbai CST,Pune Jn,Mumbai CST,Dadar,177.25,69.35,7.8,0.4,29.5,18,4,5.5,0.05,6.82,151.93,73.16,0,0,169.15,2026-02-10 20:49
TR00003,12010,Shatabdi Express,Mumbai Central,Ahmedabad Jn,Borivali,Vapi,124.74,68.39,27.99,0.29,41.6,19,5,11.68,0.222,3.4,106.92,65.75,0,1,174.8,2026-01-01 21:54
TR00004,12951,Mumbai Rajdhani,Mumbai Central,New Delhi,Kota Jn,New Delhi,292.07,79.61,23.96,0.428,16.5,13,3,11.55,0.29,3.83,250.35,87.34,0,0,268.08,2026-02-20 17:28
TR00005,12622,Tamil Nadu Express,New Delhi,Chennai Central,Bhopal Jn,Nagpur,65.12,48.49,17.41,0.045,24.9,2,1,27.09,0.07,9.75,55.82,43.03,0,0,96.99,2026-06-16 03:36
TR00006,12295,Sanghamitra Express,Bengaluru,Patna Jn,Guntakal Jn,Vijayawada,352.13,85.6,9.04,0.13,38.6,3,1,13.73,0.321,2.38,301.82,89.9,0,0,272.59,2026-03-15 07:32
TR00001,12123,Mumbai - Pune Express,Mumbai CST,Pune Jn,Karjat,Lonavala,197.78,68.8,20.45,0.158,23.2,14,4,14.56,0.2,8.05,169.53,84.02,0,0,191.3,2026-03-14 17:11
TR00002,11010,Deccan Express,Mumbai CST,Pune Jn,Kalyan,Lonavala,316.7,56.14,10.4,0.259,36.2,21,6,11.72,0.223,8.43,271.45,48.39,0,0,380.32,2026-08-08 03:20
TR00003,12010,Shatabdi Express,Mumbai Central,Ahmedabad Jn,Mumbai Central,Borivali,196.21,82.58,14.36,0.189,25.4,11,5,25.73,0.016,11.31,168.18,98.11,0,0,164.04,2026-02-15 13:44
TR00004,12951,Mumbai Rajdhani,Mumbai Central,New Delhi,Mumbai Central,Surat,365.35,102.53,18.04,0.166,26.4,7,3,10.46,0.196,2.66,313.16,107.19,0,0,238.1,2026-05-28 10:58
TR00005,12622,Tamil Nadu Express,New Delhi,Chennai Central,Nagpur,Vijayawada,299.59,48.55,15.63,0.156,18.9,4,2,12.35,0.319,9.95,256.79,44.87,0,1,537.73,2026-04-25 12:57
TR00006,12295,Sanghamitra Express,Bengaluru,Patna Jn,Vijayawada,Gaya Jn,396.39,70.88,12.77,0.27,39.1,19,2,3.59,0.144,9.39,339.76,69.88,0,0,369.61,2026-04-11 01:09
TR00001,12123,Mumbai - Pune Express,Mumbai CST,Pune Jn,Mumbai CST,Dadar,106.52,103.16,31.07,0.218,25.7,7,1,9.03,0.276,6.5,91.3,97.99,0,0,79.09,2026-04-13 08:19
TR00002,11010,Deccan Express,Mumbai CST,Pune Jn,Lonavala,Pune Jn,139.99,90.77,23.17,0.261,28.3,20,6,14.51,0.203,8.23,119.99,77.28,0,1,145.0,2026-04-16 22:24
TR00003,12010,Shatabdi Express,Mumbai Central,Ahmedabad Jn,Vadodara,Ahmedabad Jn,430.31,57.16,13.9,0.119,28.2,15,2,6.72,0.15,0.57,368.84,52.09,0,0,490.18,2026-04-06 23:10
TR00004,12951,Mumbai Rajdhani,Mumbai Central,New Delhi,Kota Jn,New Delhi,186.2,61.04,23.91,0.035,23.3,19,1,35.12,0.235,4.99,159.6,70.35,0,0,210.13,2026-05-02 22:30
TR00005,12622,Tamil Nadu Express,New Delhi,Chennai Central,Vijayawada,Chennai Central,184.48,82.17,19.37,0.315,32.9,17,3,7.6,0.4,5.4,158.12,89.2,0,0,168.89,2026-08-07 19:48
TR00006,12295,Sanghamitra Express,Bengaluru,Patna Jn,Vijayawada,Gaya Jn,235.23,77.47,20.76,0.096,33.8,22,2,15.44,0.568,7.98,201.63,82.43,0,0,229.53,2026-07-21 01:49
TR00001,12123,Mumbai - Pune Express,Mumbai CST,Pune Jn,Karjat,Lonavala,239.8,50.86,30.3,0.352,32.9,4,5,19.88,0.357,3.54,205.55,49.43,0,0,341.49,2026-07-17 09:41
TR00002,11010,Deccan Express,Mumbai CST,Pune Jn,Mumbai CST,Dadar,135.12,105.51,15.25,0.127,25.6,0,6,31.01,0.476,6.08,115.82,111.82,0,0,95.8,2026-07-08 01:35
TR00003,12010,Shatabdi Express,Mumbai Central,Ahmedabad Jn,Vapi,Surat,214.04,93.97,20.49,0.095,22.6,21,5,35.02,0.301,6.64,183.46,95.39,0,0,162.63,2026-03-21 23:42
TR00004,12951,Mumbai Rajdhani,Mumbai Central,New Delhi,Mumbai Central,Surat,200.72,105.42,9.27,0.198,26.9,18,3,7.12,0.265,7.23,172.05,94.81,0,0,123.7,2026-01-04 20:03
TR00005,12622,Tamil Nadu Express,New Delhi,Chennai Central,Vijayawada,Chennai Central,140.17,23.77,3.75,0.118,36.0,16,5,8.06,0.31,2.48,120.14,26.91,0,0,392.3,2026-01-14 22:32
TR00006,12295,Sanghamitra Express,Bengaluru,Patna Jn,Gaya Jn,Patna Jn,256.15,67.69,20.28,0.207,30.4,23,6,25.33,0.255,3.05,219.55,88.61,0,0,262.12,2026-05-11 03:22
TR00001,12123,Mumbai - Pune Express,Mumbai CST,Pune Jn,Dadar,Kalyan,347.01,76.37,20.96,0.185,25.3,16,5,14.85,0.423,2.52,297.43,65.46,0,0,327.13,2026-05-17 21:27
TR00002,11010,Deccan Express,Mumbai CST,Pune Jn,Lonavala,Pune Jn,139.51,47.15,18.2,0.037,15.8,14,0,16.15,0.177,17.54,119.58,39.86,0,0,193.56,2026-05-15 17:13
TR00003,12010,Shatabdi Express,Mumbai Central,Ahmedabad Jn,Vapi,Surat,176.8,51.89,17.75,0.127,27.1,8,2,6.22,0.468,14.7,151.54,46.07,0,0,244.44,2026-06-21 12:04
TR00004,12951,Mumbai Rajdhani,Mumbai Central,New Delhi,Kota Jn,New Delhi,319.55,57.22,28.19,0.529,27.1,15,3,25.39,0.052,15.2,273.9,69.69,0,0,381.66,2026-06-08 21:21
TR00005,12622,Tamil Nadu Express,New Delhi,Chennai Central,Vijayawada,Chennai Central,359.85,80.87,18.19,0.109,32.5,21,1,21.0,0.262,5.37,308.44,76.36,0,0,299.95,2026-01-26 01:59
TR00006,12295,Sanghamitra Express,Bengaluru,Patna Jn,Vijayawada,Gaya Jn,307.4,51.24,23.55,0.167,23.2,4,6,37.11,0.031,25.48,263.48,46.42,0,0,390.26,2026-08-07 10:30
TR00001,12123,Mumbai - Pune Express,Mumbai CST,Pune Jn,Dadar,Kalyan,175.92,67.3,6.33,0.433,29.2,11,3,13.73,0.116,1.57,150.79,70.98,0,0,171.83,2026-07-07 13:51
TR00002,11010,Deccan Express,Mumbai CST,Pune Jn,Mumbai CST,Dadar,109.94,93.78,5.24,0.044,40.9,0,6,18.05,0.168,7.38,94.23,103.23,0,0,75.9,2026-01-29 01:15
TR00003,12010,Shatabdi Express,Mumbai Central,Ahmedabad Jn,Vadodara,Ahmedabad Jn,322.71,103.01,21.08,0.106,34.2,14,6,5.62,0.242,2.89,276.6,104.95,0,1,273.05,2026-01-24 18:33
TR00004,12951,Mumbai Rajdhani,Mumbai Central,New Delhi,Vadodara,Kota Jn,247.81,70.94,13.72,0.07,25.9,6,4,31.24,0.045,1.61,212.41,59.34,0,0,224.76,2026-08-02 09:44
TR00005,12622,Tamil Nadu Express,New Delhi,Chennai Central,Vijayawada,Chennai Central,156.03,64.63,15.14,0.308,33.5,5,1,6.15,0.333,5.77,133.74,69.02,0,0,176.5,2026-05-16 07:56
TR00006,12295,Sanghamitra Express,Bengaluru,Patna Jn,Gaya Jn,Patna Jn,338.57,54.15,25.68,0.291,23.9,14,0,20.63,0.304,36.59,290.2,48.51,0,0,438.68,2026-01-27 21:18
TR00001,12123,Mumbai - Pune Express,Mumbai CST,Pune Jn,Kalyan,Karjat,133.71,55.74,23.02,0.138,16.1,11,3,14.12,0.367,8.81,114.61,47.75,0,0,168.6,2026-05-14 13:48
TR00002,11010,Deccan Express,Mumbai CST,Pune Jn,Mumbai CST,Dadar,417.44,75.26,22.13,0.242,29.3,18,1,16.9,0.108,48.54,357.8,68.76,0,0,370.96,2026-04-24 00:10
TR00003,12010,Shatabdi Express,Mumbai Central,Ahmedabad Jn,Vapi,Surat,199.79,114.86,21.06,0.253,26.1,11,2,19.99,0.126,0.88,171.25,126.77,0,0,121.52,2026-06-14 13:01
TR00004,12951,Mumbai Rajdhani,Mumbai Central,New Delhi,Surat,Vadodara,207.12,97.72,26.74,0.063,35.3,13,2,37.98,0.018,19.68,177.53,112.25,0,0,148.21,2026-06-08 15:28
TR00005,12622,Tamil Nadu Express,New Delhi,Chennai Central,Nagpur,Vijayawada,116.57,107.67,25.1,0.164,19.8,7,4,12.11,0.401,12.13,99.92,92.24,0,0,88.4,2026-08-14 08:28
TR00006,12295,Sanghamitra Express,Bengaluru,Patna Jn,Gaya Jn,Patna Jn,323.48,71.82,21.84,0.087,24.1,11,3,15.58,0.141,4.65,277.27,60.64,0,0,294.8,2026-08-11 15:54
TR00001,12123,Mumbai - Pune Express,Mumbai CST,Pune Jn,Kalyan,Karjat,222.67,115.27,28.84,0.167,20.6,2,2,37.73,0.436,5.06,190.86,120.63,0,0,147.25,2026-01-21 04:27
TR00002,11010,Deccan Express,Mumbai CST,Pune Jn,Dadar,Kalyan,176.16,106.67,16.57,0.433,20.2,1,4,3.2,0.294,4.26,150.99,115.43,0,0,119.32,2026-01-31 02:59
TR00003,12010,Shatabdi Express,Mumbai Central,Ahmedabad Jn,Surat,Vadodara,239.47,78.48,33.77,0.192,28.3,21,3,20.74,0.188,5.36,205.26,70.6,0,1,265.14,2026-05-15 01:25
TR00004,12951,Mumbai Rajdhani,Mumbai Central,New Delhi,Mumbai Central,Surat,248.13,21.39,15.11,0.049,48.0,8,6,23.13,0.146,10.7,212.69,31.95,0,0,733.08,2026-06-02 20:13
TR00005,12622,Tamil Nadu Express,New Delhi,Chennai Central,Vijayawada,Chennai Central,464.85,112.27,18.77,0.148,19.5,2,3,7.14,0.217,3.6,398.44,120.52,0,0,278.84,2026-05-01 06:38
TR00006,12295,Sanghamitra Express,Bengaluru,Patna Jn,Bengaluru,Guntakal Jn,189.79,52.7,29.67,0.267,29.9,3,4,25.24,0.398,2.93,162.68,50.3,0,0,270.87,2026-07-28 07:30
TR00001,12123,Mumbai - Pune Express,Mumbai CST,Pune Jn,Mumbai CST,Dadar,157.28,61.02,27.36,0.403,39.0,1,5,35.69,0.192,11.26,134.81,60.46,0,0,185.18,2026-05-02 04:05
TR00002,11010,Deccan Express,Mumbai CST,Pune Jn,Lonavala,Pune Jn,165.03,85.46,35.28,0.384,28.1,0,3,24.49,0.094,2.45,141.46,73.75,0,1,176.92,2026-01-20 02:56
TR00003,12010,Shatabdi Express,Mumbai Central,Ahmedabad Jn,Vapi,Surat,162.59,69.18,13.17,0.251,32.8,13,1,19.0,0.238,14.7,139.36,55.53,0,0,156.09,2026-02-25 15:36
TR00004,12951,Mumbai Rajdhani,Mumbai Central,New Delhi,Vadodara,Kota Jn,369.55,75.98,13.79,0.037,17.6,17,5,12.54,0.172,6.2,316.75,71.59,0,0,310.34,2026-01-10 22:10
TR00005,12622,Tamil Nadu Express,New Delhi,Chennai Central,Bhopal Jn,Nagpur,382.47,71.94,23.13,0.085,16.9,7,2,9.16,0.641,12.5,327.83,78.83,0,0,395.48,2026-04-17 13:35
TR00006,12295,Sanghamitra Express,Bengaluru,Patna Jn,Guntakal Jn,Vijayawada,499.94,116.98,17.63,0.418,19.6,14,4,14.66,0.096,10.13,428.52,110.01,0,0,288.67,2026-07-11 18:48
TR00001,12123,Mumbai - Pune Express,Mumbai CST,Pune Jn,Dadar,Kalyan,327.36,45.18,21.12,0.582,18.1,1,6,9.05,0.223,3.3,280.6,41.24,0,0,520.8,2026-04-27 09:40
TR00002,11010,Deccan Express,Mumbai CST,Pune Jn,Lonavala,Pune Jn,373.66,63.11,17.18,0.341,22.2,14,5,18.65,0.187,0.84,320.28,54.83,0,0,406.47,2026-05-08 20:46
TR00003,12010,Shatabdi Express,Mumbai Central,Ahmedabad Jn,Vadodara,Ahmedabad Jn,130.83,85.46,13.62,0.15,14.9,3,5,20.45,0.225,3.23,112.14,85.89,0,0,107.93,2026-05-18 04:47
TR00004,12951,Mumbai Rajdhani,Mumbai Central,New Delhi,Kota Jn,New Delhi,197.44,45.06,40.53,0.493,24.9,14,1,23.42,0.1,15.76,169.23,55.3,0,1,397.44,2026-03-27 20:37
TR00005,12622,Tamil Nadu Express,New Delhi,Chennai Central,New Delhi,Bhopal Jn,134.38,80.83,9.11,0.189,25.8,10,0,18.9,0.38,7.91,115.18,78.96,0,0,116.43,2026-01-01 11:56
TR00006,12295,Sanghamitra Express,Bengaluru,Patna Jn,Guntakal Jn,Vijayawada,360.27,76.42,19.51,0.422,29.1,20,2,26.74,0.151,6.5,308.8,90.0,0,0,325.81,2026-02-26 01:25
TR00001,12123,Mumbai - Pune Express,Mumbai CST,Pune Jn,Karjat,Lonavala,154.77,67.87,17.02,0.33,21.5,21,1,12.04,0.133,10.61,132.66,64.71,0,0,160.39,2026-05-13 23:40
TR00002,11010,Deccan Express,Mumbai CST,Pune Jn,Mumbai CST,Dadar,512.53,36.45,48.26,0.046,24.9,0,2,14.84,0.396,3.44,439.31,41.84,1,1,1250.41,2026-05-16 20:50
TR00003,12010,Shatabdi Express,Mumbai Central,Ahmedabad Jn,Surat,Vadodara,267.46,70.26,25.09,0.035,26.5,7,5,2.94,0.243,63.8,229.25,82.4,0,0,249.54,2026-08-19 11:09
TR00004,12951,Mumbai Rajdhani,Mumbai Central,New Delhi,Vadodara,Kota Jn,228.03,74.57,31.91,0.048,39.3,17,2,27.21,0.22,8.1,195.46,64.35,0,1,269.46,2026-02-06 21:29
TR00005,12622,Tamil Nadu Express,New Delhi,Chennai Central,New Delhi,Bhopal Jn,169.35,67.72,9.86,0.128,31.9,5,4,4.82,0.075,3.74,145.15,68.71,0,0,163.6,2026-08-04 07:43
TR00006,12295,Sanghamitra Express,Bengaluru,Patna Jn,Gaya Jn,Patna Jn,343.79,91.6,16.67,0.196,25.9,13,4,20.59,0.32,23.49,294.68,94.74,0,0,257.22,2026-04-01 17:17
TR00001,12123,Mumbai - Pune Express,Mumbai CST,Pune Jn,Karjat,Lonavala,231.68,104.99,31.36,0.144,28.3,8,0,58.73,0.266,1.73,198.59,119.95,0,0,165.17,2026-03-07 10:45
TR00002,11010,Deccan Express,Mumbai CST,Pune Jn,Kalyan,Lonavala,220.22,48.92,16.96,0.179,18.1,22,5,6.27,0.602,11.19,188.76,39.77,0,0,334.96,2026-04-09 03:34
TR00003,12010,Shatabdi Express,Mumbai Central,Ahmedabad Jn,Surat,Vadodara,208.67,78.87,5.36,0.076,37.2,2,6,28.99,0.231,14.21,178.86,75.43,0,0,173.02,2026-04-02 04:53
TR00004,12951,Mumbai Rajdhani,Mumbai Central,New Delhi,Surat,Vadodara,83.17,59.75,22.97,0.234,28.2,3,3,9.66,0.407,7.53,71.29,56.46,0,0,111.55,2026-06-04 04:51
TR00005,12622,Tamil Nadu Express,New Delhi,Chennai Central,Vijayawada,Chennai Central,355.22,84.4,31.28,0.451,32.5,11,3,20.58,0.524,2.44,304.48,90.18,0,0,332.55,2026-05-26 16:32
TR00006,12295,Sanghamitra Express,Bengaluru,Patna Jn,Vijayawada,Gaya Jn,124.3,74.64,9.19,0.029,26.0,4,6,28.35,0.186,5.71,106.54,75.45,0,0,108.25,2026-02-03 05:48
TR00001,12123,Mumbai - Pune Express,Mumbai CST,Pune Jn,Lonavala,Pune Jn,363.94,91.6,19.57,0.157,38.9,19,6,16.09,0.195,1.12,311.95,98.41,0,0,266.41,2026-03-01 23:26
TR00002,11010,Deccan Express,Mumbai CST,Pune Jn,Lonavala,Pune Jn,182.68,98.33,24.68,0.188,25.6,8,3,11.18,0.4,0.83,156.58,105.8,0,0,147.55,2026-02-18 10:27
TR00003,12010,Shatabdi Express,Mumbai Central,Ahmedabad Jn,Surat,Vadodara,103.56,97.03,18.67,0.242,34.0,10,6,18.42,0.484,6.4,88.77,95.44,0,0,79.88,2026-08-10 11:19
TR00004,12951,Mumbai Rajdhani,Mumbai Central,New Delhi,Surat,Vadodara,285.65,38.69,17.05,0.017,29.4,5,2,12.41,0.344,18.78,244.84,38.38,0,0,498.66,2026-04-04 13:18
TR00005,12622,Tamil Nadu Express,New Delhi,Chennai Central,New Delhi,Bhopal Jn,388.35,101.26,28.89,0.423,38.7,15,4,28.1,0.379,8.19,332.87,103.87,0,0,289.0,2026-06-04 19:49
TR00006,12295,Sanghamitra Express,Bengaluru,Patna Jn,Guntakal Jn,Vijayawada,175.35,74.63,19.8,0.193,13.0,10,2,16.54,0.258,9.36,150.3,69.64,0,0,165.43,2026-04-22 12:45
TR00001,12123,Mumbai - Pune Express,Mumbai CST,Pune Jn,Karjat,Lonavala,171.48,104.5,8.41,0.061,32.4,14,6,16.04,0.211,4.76,146.99,108.05,0,0,108.91,2026-07-23 15:48
TR00002,11010,Deccan Express,Mumbai CST,Pune Jn,Mumbai CST,Dadar,85.54,101.14,21.06,0.355,16.5,7,4,7.09,0.435,7.77,73.32,101.69,0,0,75.98,2026-02-09 08:15
TR00003,12010,Shatabdi Express,Mumbai Central,Ahmedabad Jn,Vadodara,Ahmedabad Jn,113.77,46.28,32.6,0.145,21.9,4,0,39.96,0.126,24.21,97.52,50.15,0,0,175.44,2026-01-02 06:55
TR00004,12951,Mumbai Rajdhani,Mumbai Central,New Delhi,Kota Jn,New Delhi,725.57,49.59,6.08,0.218,38.1,5,4,12.28,0.106,12.2,621.91,63.53,0,0,939.48,2026-03-14 20:39
TR00005,12622,Tamil Nadu Express,New Delhi,Chennai Central,Nagpur,Vijayawada,277.0,45.33,31.67,0.112,37.8,11,5,6.35,0.686,8.78,237.43,35.44,0,0,462.57,2026-03-27 18:42
TR00006,12295,Sanghamitra Express,Bengaluru,Patna Jn,Gaya Jn,Patna Jn,648.95,44.81,32.76,0.238,43.7,20,1,7.58,0.338,2.18,556.25,53.93,1,0,1016.24,2026-08-05 12:56
TR00001,12123,Mumbai - Pune Express,Mumbai CST,Pune Jn,Kalyan,Karjat,309.25,98.95,22.01,0.121,23.5,21,5,13.23,0.042,10.14,265.07,109.64,1,0,211.77,2026-02-22 00:31
TR00002,11010,Deccan Express,Mumbai CST,Pune Jn,Dadar,Kalyan,242.59,70.95,5.68,0.569,22.6,23,4,16.86,0.148,10.68,207.94,76.0,0,0,239.5,2026-02-05 02:59
TR00003,12010,Shatabdi Express,Mumbai Central,Ahmedabad Jn,Mumbai Central,Borivali,183.31,63.9,16.89,0.148,37.9,8,3,4.07,0.26,1.79,157.13,57.23,0,0,192.9,2026-04-19 11:12
TR00004,12951,Mumbai Rajdhani,Mumbai Central,New Delhi,Mumbai Central,Surat,339.16,73.91,21.83,0.653,13.9,23,6,7.96,0.101,2.98,290.71,71.23,0,0,325.7,2026-08-15 04:25
TR00005,12622,Tamil Nadu Express,New Delhi,Chennai Central,New Delhi,Bhopal Jn,119.89,79.08,24.52,0.385,21.6,22,2,16.02,0.296,3.82,102.76,74.21,0,1,141.66,2026-07-19 00:21
TR00006,12295,Sanghamitra Express,Bengaluru,Patna Jn,Bengaluru,Guntakal Jn,189.49,51.62,8.84,0.277,28.9,4,1,9.66,0.167,2.44,162.42,59.28,0,0,244.56,2026-01-28 08:04
TR00001,12123,Mumbai - Pune Express,Mumbai CST,Pune Jn,Lonavala,Pune Jn,256.82,89.88,40.13,0.129,24.3,1,2,51.63,0.143,25.46,220.13,99.61,1,0,216.58,2026-05-05 04:36
TR00002,11010,Deccan Express,Mumbai CST,Pune Jn,Mumbai CST,Dadar,149.52,70.14,21.13,0.176,25.8,11,6,11.59,0.11,35.27,128.16,54.05,0,0,145.17,2026-03-14 13:25
TR00003,12010,Shatabdi Express,Mumbai Central,Ahmedabad Jn,Vapi,Surat,339.73,95.53,12.35,0.2,34.6,1,5,17.71,0.063,11.83,291.2,102.56,0,0,228.45,2026-02-01 04:48
TR00004,12951,Mumbai Rajdhani,Mumbai Central,New Delhi,Surat,Vadodara,443.98,35.62,7.16,0.256,22.1,0,0,8.52,0.098,2.98,380.56,41.34,0,1,1011.84,2026-01-08 16:51
TR00005,12622,Tamil Nadu Express,New Delhi,Chennai Central,Vijayawada,Chennai Central,176.04,75.29,15.63,0.155,30.6,4,5,30.38,0.307,4.95,150.89,76.78,0,0,166.78,2026-07-17 06:46
TR00006,12295,Sanghamitra Express,Bengaluru,Patna Jn,Guntakal Jn,Vijayawada,219.68,40.99,10.54,0.033,29.8,18,6,0.11,0.239,7.05,188.29,28.88,0,0,346.79,2026-02-25 23:46
TR00001,12123,Mumbai - Pune Express,Mumbai CST,Pune Jn,Lonavala,Pune Jn,219.84,64.29,23.82,0.274,31.2,12,1,20.75,0.167,10.16,188.43,66.84,0,0,227.45,2026-06-23 15:47
TR00002,11010,Deccan Express,Mumbai CST,Pune Jn,Mumbai CST,Dadar,217.76,56.1,14.39,0.197,24.5,21,5,13.21,0.267,4.9,186.65,66.24,0,0,267.12,2026-07-02 01:27
TR00003,12010,Shatabdi Express,Mumbai Central,Ahmedabad Jn,Borivali,Vapi,239.03,39.58,11.41,0.024,21.6,8,1,13.97,0.284,5.7,204.89,58.79,0,0,397.56,2026-07-09 14:37
TR00004,12951,Mumbai Rajdhani,Mumbai Central,New Delhi,Vadodara,Kota Jn,180.04,80.88,0.78,0.241,33.0,11,0,7.7,0.082,11.09,154.32,83.38,0,0,147.48,2026-05-28 13:27
TR00005,12622,Tamil Nadu Express,New Delhi,Chennai Central,Nagpur,Vijayawada,261.27,28.69,14.39,0.042,28.4,16,3,19.56,0.08,2.09,223.94,27.6,0,0,564.75,2026-05-13 01:24
TR00006,12295,Sanghamitra Express,Bengaluru,Patna Jn,Vijayawada,Gaya Jn,281.05,60.43,10.19,0.183,28.1,4,6,8.97,0.365,12.03,240.9,53.75,0,0,326.7,2026-01-28 09:26
TR00001,12123,Mumbai - Pune Express,Mumbai CST,Pune Jn,Kalyan,Karjat,138.41,87.05,11.78,0.31,33.5,16,3,15.11,0.423,1.98,118.64,78.22,0,0,120.17,2026-08-25 18:00
TR00002,11010,Deccan Express,Mumbai CST,Pune Jn,Dadar,Kalyan,186.65,49.15,9.05,0.141,23.8,20,4,3.64,0.256,3.97,159.99,48.91,0,0,252.31,2026-05-05 00:12
TR00003,12010,Shatabdi Express,Mumbai Central,Ahmedabad Jn,Borivali,Vapi,298.74,68.7,9.13,0.05,30.3,7,3,8.14,0.455,11.7,256.06,70.04,0,0,311.01,2026-03-29 12:11
TR00004,12951,Mumbai Rajdhani,Mumbai Central,New Delhi,Mumbai Central,Surat,132.81,85.99,24.14,0.055,31.1,20,5,22.28,0.163,6.49,113.83,88.69,0,0,108.52,2026-01-07 21:48
TR00005,12622,Tamil Nadu Express,New Delhi,Chennai Central,New Delhi,Bhopal Jn,171.22,61.41,27.06,0.338,20.4,11,3,14.08,0.186,6.46,146.76,58.01,0,0,190.62,2026-03-11 14:10
TR00006,12295,Sanghamitra Express,Bengaluru,Patna Jn,Guntakal Jn,Vijayawada,147.23,70.43,34.93,0.118,28.2,1,4,25.51,0.347,2.58,126.2,66.08,0,0,158.56,2026-01-17 03:38
TR00001,12123,Mumbai - Pune Express,Mumbai CST,Pune Jn,Lonavala,Pune Jn,249.26,93.52,16.33,0.421,39.0,12,4,22.04,0.103,10.54,213.66,89.42,0,0,183.29,2026-08-02 15:03
TR00002,11010,Deccan Express,Mumbai CST,Pune Jn,Mumbai CST,Dadar,174.95,81.02,22.6,0.097,20.1,0,3,0.67,0.101,1.49,149.96,94.32,1,0,158.01,2026-03-07 02:38
TR00003,12010,Shatabdi Express,Mumbai Central,Ahmedabad Jn,Vadodara,Ahmedabad Jn,53.96,77.13,21.87,0.051,31.4,1,1,21.43,0.222,11.84,46.25,74.96,0,0,53.81,2026-05-12 01:53
TR00004,12951,Mumbai Rajdhani,Mumbai Central,New Delhi,Kota Jn,New Delhi,429.12,88.92,20.99,0.327,35.5,22,1,12.72,0.124,13.43,367.82,93.78,0,0,326.78,2026-05-24 03:26
TR00005,12622,Tamil Nadu Express,New Delhi,Chennai Central,Vijayawada,Chennai Central,83.31,64.04,15.17,0.179,19.9,9,2,4.64,0.336,3.64,71.41,62.63,0,0,95.68,2026-03-01 10:35
TR00006,12295,Sanghamitra Express,Bengaluru,Patna Jn,Bengaluru,Guntakal Jn,438.6,77.72,33.05,0.187,17.5,16,5,28.18,0.241,29.43,375.94,81.34,0,0,389.68,2026-07-13 22:29
TR00001,12123,Mumbai - Pune Express,Mumbai CST,Pune Jn,Lonavala,Pune Jn,376.49,55.93,22.44,0.091,48.0,2,4,14.23,0.309,8.02,322.71,53.97,0,0,461.06,2026-08-21 09:41
TR00002,11010,Deccan Express,Mumbai CST,Pune Jn,Kalyan,Lonavala,171.61,89.78,33.98,0.021,29.2,20,2,28.63,0.546,7.55,147.1,78.45,0,0,149.4,2026-08-21 22:29
TR00003,12010,Shatabdi Express,Mumbai Central,Ahmedabad Jn,Borivali,Vapi,74.02,92.35,33.06,0.327,24.2,15,3,4.87,0.176,9.74,63.45,94.12,1,1,91.45,2026-04-28 16:31
TR00004,12951,Mumbai Rajdhani,Mumbai Central,New Delhi,Mumbai Central,Surat,149.16,51.85,13.03,0.179,36.7,9,5,13.47,0.221,2.18,127.85,56.35,0,0,198.0,2026-02-09 12:18
TR00005,12622,Tamil Nadu Express,New Delhi,Chennai Central,Vijayawada,Chennai Central,337.96,63.47,26.2,0.17,35.4,4,2,19.37,0.373,16.37,289.68,82.76,0,0,389.77,2026-03-31 10:29
TR00006,12295,Sanghamitra Express,Bengaluru,Patna Jn,Gaya Jn,Patna Jn,398.42,85.84,32.24,0.478,17.4,3,5,7.5,0.133,8.41,341.5,92.86,0,1,416.67,2026-03-30 09:56
TR00001,12123,Mumbai - Pune Express,Mumbai CST,Pune Jn,Dadar,Kalyan,267.17,130.0,25.63,0.277,32.7,7,0,23.4,0.174,4.37,229.01,130.0,0,1,188.95,2026-05-19 10:08
TR00002,11010,Deccan Express,Mumbai CST,Pune Jn,Kalyan,Lonavala,252.39,101.21,26.08,0.051,33.4,15,6,21.16,0.091,13.56,216.33,101.79,0,0,168.85,2026-08-14 17:48
TR00003,12010,Shatabdi Express,Mumbai Central,Ahmedabad Jn,Vapi,Surat,324.15,77.36,17.71,0.026,33.2,5,0,18.93,0.17,7.21,277.85,73.12,0,0,268.06,2026-01-16 09:28
TR00004,12951,Mumbai Rajdhani,Mumbai Central,New Delhi,Vadodara,Kota Jn,157.17,68.08,20.65,0.366,41.0,11,6,15.37,0.195,3.89,134.72,65.84,0,0,162.45,2026-06-22 13:42
TR00005,12622,Tamil Nadu Express,New Delhi,Chennai Central,Bhopal Jn,Nagpur,280.46,88.71,14.2,0.507,29.3,10,4,1.73,0.078,7.98,240.4,78.44,0,0,211.43,2026-02-02 13:31
TR00006,12295,Sanghamitra Express,Bengaluru,Patna Jn,Bengaluru,Guntakal Jn,385.41,71.1,16.39,0.261,31.4,7,0,23.72,0.36,1.83,330.35,66.78,0,0,378.85,2026-07-02 13:18
TR00001,12123,Mumbai - Pune Express,Mumbai CST,Pune Jn,Mumbai CST,Dadar,309.68,55.55,26.38,0.478,16.8,22,0,10.15,0.789,18.24,265.44,51.57,0,0,473.76,2026-08-25 05:53
TR00002,11010,Deccan Express,Mumbai CST,Pune Jn,Kalyan,Lonavala,439.58,69.4,12.01,0.082,29.6,20,1,16.17,0.146,2.77,376.78,71.36,0,0,403.19,2026-03-07 02:43
TR00003,12010,Shatabdi Express,Mumbai Central,Ahmedabad Jn,Mumbai Central,Borivali,155.63,102.02,15.24,0.138,26.9,5,4,6.54,0.182,4.8,133.39,104.09,0,1,130.94,2026-02-01 07:10
TR00004,12951,Mumbai Rajdhani,Mumbai Central,New Delhi,Surat,Vadodara,295.94,62.65,7.07,0.278,32.7,3,6,7.27,0.23,5.29,253.67,69.86,0,0,326.38,2026-07-13 08:26
TR00005,12622,Tamil Nadu Express,New Delhi,Chennai Central,Vijayawada,Chennai Central,162.4,71.63,25.63,0.028,25.5,8,0,6.1,0.141,10.44,139.2,67.05,0,1,188.58,2026-01-16 11:08
TR00006,12295,Sanghamitra Express,Bengaluru,Patna Jn,Guntakal Jn,Vijayawada,471.42,79.45,11.2,0.06,28.5,2,0,8.31,0.178,0.12,404.07,99.1,0,0,382.87,2026-01-09 08:22
TR00001,12123,Mumbai - Pune Express,Mumbai CST,Pune Jn,Dadar,Kalyan,298.23,56.61,17.35,0.097,21.4,19,3,34.42,0.37,1.43,255.63,50.02,0,0,360.84,2026-05-11 01:00
TR00002,11010,Deccan Express,Mumbai CST,Pune Jn,Dadar,Kalyan,265.19,97.15,36.27,0.069,27.3,7,2,25.71,0.767,26.98,227.31,105.18,0,0,224.58,2026-06-10 10:44
TR00003,12010,Shatabdi Express,Mumbai Central,Ahmedabad Jn,Borivali,Vapi,55.08,60.18,15.85,0.504,31.9,12,4,8.68,0.355,3.38,47.21,62.39,0,0,74.22,2026-08-09 13:14
TR00004,12951,Mumbai Rajdhani,Mumbai Central,New Delhi,Mumbai Central,Surat,209.41,58.06,0.0,0.157,30.1,13,3,2.91,0.156,7.54,179.49,68.01,0,0,233.29,2026-03-04 16:53
TR00005,12622,Tamil Nadu Express,New Delhi,Chennai Central,Nagpur,Vijayawada,115.49,70.9,10.51,0.217,28.1,8,4,5.49,0.12,11.57,98.99,78.77,0,0,113.39,2026-05-23 09:53
TR00006,12295,Sanghamitra Express,Bengaluru,Patna Jn,Gaya Jn,Patna Jn,321.09,86.38,12.15,0.238,25.3,22,3,13.82,0.185,2.97,275.22,78.09,0,0,249.82,2026-06-07 02:09
TR00001,12123,Mumbai - Pune Express,Mumbai CST,Pune Jn,Mumbai CST,Dadar,305.77,119.72,34.71,0.637,19.9,21,4,19.36,0.329,9.57,262.09,123.27,0,1,263.29,2026-05-12 01:23
TR00002,11010,Deccan Express,Mumbai CST,Pune Jn,Mumbai CST,Dadar,513.68,65.35,22.0,0.313,19.0,15,1,15.8,0.151,5.22,440.3,59.54,0,0,529.22,2026-07-04 23:49
TR00003,12010,Shatabdi Express,Mumbai Central,Ahmedabad Jn,Borivali,Vapi,108.93,122.81,38.74,0.393,20.4,8,2,36.97,0.41,3.34,93.37,112.41,0,0,76.48,2026-06-03 09:16
TR00004,12951,Mumbai Rajdhani,Mumbai Central,New Delhi,Mumbai Central,Surat,321.38,64.32,12.73,0.079,33.2,14,5,13.12,0.273,2.62,275.47,58.84,0,0,335.43,2026-08-01 19:35
TR00005,12622,Tamil Nadu Express,New Delhi,Chennai Central,New Delhi,Bhopal Jn,147.57,20.0,22.57,0.111,30.3,21,1,34.58,0.412,7.39,126.49,30.44,0,0,515.08,2026-06-27 05:35
TR00006,12295,Sanghamitra Express,Bengaluru,Patna Jn,Gaya Jn,Patna Jn,378.03,72.16,6.16,0.119,30.4,17,2,9.6,0.238,1.02,324.03,65.02,0,0,347.53,2026-06-08 22:47
TR00001,12123,Mumbai - Pune Express,Mumbai CST,Pune Jn,Mumbai CST,Dadar,309.16,91.01,24.42,0.215,40.8,8,0,4.15,0.132,12.89,264.99,96.22,0,0,231.87,2026-03-16 11:51
TR00002,11010,Deccan Express,Mumbai CST,Pune Jn,Lonavala,Pune Jn,134.21,57.73,36.9,0.173,18.4,19,3,1.47,0.514,19.92,115.04,56.38,0,1,235.09,2026-04-28 22:55
TR00003,12010,Shatabdi Express,Mumbai Central,Ahmedabad Jn,Borivali,Vapi,184.16,62.1,19.21,0.01,38.6,10,3,13.23,0.396,13.22,157.85,61.24,0,0,202.86,2026-04-01 13:22
TR00004,12951,Mumbai Rajdhani,Mumbai Central,New Delhi,Mumbai Central,Surat,206.91,69.64,17.88,0.246,21.7,17,5,6.8,0.102,2.54,177.35,64.83,1,0,214.78,2026-07-20 20:34
TR00005,12622,Tamil Nadu Express,New Delhi,Chennai Central,Bhopal Jn,Nagpur,94.72,83.77,34.37,0.293,21.6,6,1,6.86,0.357,11.55,81.19,84.16,0,1,121.91,2026-03-09 08:01
TR00006,12295,Sanghamitra Express,Bengaluru,Patna Jn,Gaya Jn,Patna Jn,312.36,80.43,30.42,0.062,19.7,16,4,47.71,0.292,31.38,267.74,80.92,0,0,268.8,2026-01-22 20:28
TR00001,12123,Mumbai - Pune Express,Mumbai CST,Pune Jn,Kalyan,Karjat,100.28,63.04,11.47,0.007,21.5,7,5,4.15,0.477,19.44,85.96,55.19,0,0,113.0,2026-05-31 08:52
TR00002,11010,Deccan Express,Mumbai CST,Pune Jn,Kalyan,Lonavala,182.03,106.42,28.08,0.139,27.2,11,1,12.68,0.497,6.88,156.03,100.45,0,1,164.49,2026-07-09 13:44
TR00003,12010,Shatabdi Express,Mumbai Central,Ahmedabad Jn,Vapi,Surat,527.53,57.29,24.88,0.072,21.9,0,0,1.57,0.365,40.95,452.17,48.71,0,0,630.24,2026-06-09 10:30
TR00004,12951,Mumbai Rajdhani,Mumbai Central,New Delhi,Surat,Vadodara,431.49,66.75,28.03,0.201,22.6,4,4,13.35,0.519,6.56,369.85,78.86,0,0,481.75,2026-01-31 12:01
TR00005,12622,Tamil Nadu Express,New Delhi,Chennai Central,Bhopal Jn,Nagpur,188.47,77.11,29.03,0.14,29.0,14,4,56.75,0.339,2.81,161.55,70.95,0,0,181.61,2026-03-15 17:01
TR00006,12295,Sanghamitra Express,Bengaluru,Patna Jn,Guntakal Jn,Vijayawada,397.61,43.17,18.72,0.058,23.6,19,4,1.63,0.576,8.65,340.81,47.77,0,0,665.1,2026-08-02 06:05
TR00001,12123,Mumbai - Pune Express,Mumbai CST,Pune Jn,Kalyan,Karjat,148.17,74.68,21.09,0.107,16.5,17,3,11.8,0.15,5.76,127.0,77.85,0,0,134.66,2026-01-28 19:14
TR00002,11010,Deccan Express,Mumbai CST,Pune Jn,Mumbai CST,Dadar,341.81,72.26,21.76,0.377,28.6,22,5,3.35,0.188,5.55,292.98,92.99,0,0,320.21,2026-02-16 03:20
TR00003,12010,Shatabdi Express,Mumbai Central,Ahmedabad Jn,Borivali,Vapi,147.61,77.48,4.91,0.165,34.2,21,6,1.42,0.169,2.16,126.53,79.35,0,0,128.96,2026-03-22 23:08
TR00004,12951,Mumbai Rajdhani,Mumbai Central,New Delhi,Vadodara,Kota Jn,185.74,81.3,25.04,0.143,27.5,9,5,21.62,0.464,7.39,159.2,86.01,0,0,172.17,2026-01-25 11:52
TR00005,12622,Tamil Nadu Express,New Delhi,Chennai Central,Bhopal Jn,Nagpur,315.48,67.08,20.54,0.275,33.5,5,5,7.92,0.347,11.63,270.41,74.78,0,0,339.13,2026-04-14 10:39
TR00006,12295,Sanghamitra Express,Bengaluru,Patna Jn,Vijayawada,Gaya Jn,303.82,87.32,15.14,0.132,23.5,8,4,30.74,0.205,3.19,260.42,86.79,0,0,228.13,2026-08-22 11:48
TR00001,12123,Mumbai - Pune Express,Mumbai CST,Pune Jn,Mumbai CST,Dadar,162.88,111.2,30.21,0.484,20.2,10,5,33.66,0.511,3.38,139.61,123.63,0,0,129.41,2026-05-10 12:09
TR00002,11010,Deccan Express,Mumbai CST,Pune Jn,Kalyan,Lonavala,272.29,70.33,24.72,0.438,23.1,18,6,7.99,0.218,3.05,233.39,70.06,0,1,347.05,2026-03-09 23:47
TR00003,12010,Shatabdi Express,Mumbai Central,Ahmedabad Jn,Vadodara,Ahmedabad Jn,284.78,70.36,12.87,0.281,36.4,15,4,4.74,0.272,4.56,244.09,66.1,0,0,280.97,2026-01-11 19:40
TR00004,12951,Mumbai Rajdhani,Mumbai Central,New Delhi,Kota Jn,New Delhi,186.26,76.4,28.97,0.193,26.3,11,6,29.22,0.389,1.5,159.65,71.42,0,0,177.64,2026-06-25 13:57
TR00005,12622,Tamil Nadu Express,New Delhi,Chennai Central,Bhopal Jn,Nagpur,126.71,107.0,39.92,0.367,36.6,23,5,8.46,0.651,16.55,108.61,113.94,0,1,136.16,2026-06-03 01:16
TR00006,12295,Sanghamitra Express,Bengaluru,Patna Jn,Gaya Jn,Patna Jn,262.37,60.21,8.61,0.077,34.3,3,0,10.98,0.07,8.02,224.89,60.2,0,0,273.13,2026-03-29 07:33
TR00001,12123,Mumbai - Pune Express,Mumbai CST,Pune Jn,Mumbai CST,Dadar,301.43,53.03,39.22,0.519,24.0,0,5,22.7,0.271,2.14,258.37,58.14,1,0,424.93,2026-07-27 07:04
TR00002,11010,Deccan Express,Mumbai CST,Pune Jn,Dadar,Kalyan,112.85,85.56,26.12,0.362,26.5,2,5,10.37,0.537,4.4,96.73,84.78,0,0,112.78,2026-04-07 03:52
TR00003,12010,Shatabdi Express,Mumbai Central,Ahmedabad Jn,Mumbai Central,Borivali,395.01,103.98,29.28,0.186,30.0,5,0,9.39,0.289,12.72,338.58,89.6,0,1,338.03,2026-06-01 10:38
TR00004,12951,Mumbai Rajdhani,Mumbai Central,New Delhi,Mumbai Central,Surat,377.55,70.64,31.89,0.166,43.2,2,0,12.22,0.225,6.58,323.61,72.38,1,0,377.5,2026-06-18 08:17
TR00005,12622,Tamil Nadu Express,New Delhi,Chennai Central,New Delhi,Bhopal Jn,420.76,85.33,30.3,0.203,32.7,13,1,7.43,0.653,2.41,360.65,91.1,0,0,382.52,2026-07-24 19:22
TR00006,12295,Sanghamitra Express,Bengaluru,Patna Jn,Guntakal Jn,Vijayawada,374.18,47.3,17.66,0.324,26.9,23,5,7.7,0.243,8.75,320.72,35.96,0,0,539.76,2026-06-21 07:59
TR00001,12123,Mumbai - Pune Express,Mumbai CST,Pune Jn,Lonavala,Pune Jn,182.16,61.91,4.77,0.098,25.3,7,5,5.36,0.051,19.97,156.13,63.23,0,0,174.62,2026-01-31 09:54
TR00002,11010,Deccan Express,Mumbai CST,Pune Jn,Mumbai CST,Dadar,228.72,58.08,29.57,0.2,35.9,19,1,24.94,0.291,7.58,196.04,61.21,0,0,278.36,2026-02-04 23:38
TR00003,12010,Shatabdi Express,Mumbai Central,Ahmedabad Jn,Mumbai Central,Borivali,166.89,56.31,11.06,0.15,29.6,18,0,9.53,0.471,0.93,143.05,54.5,0,0,218.47,2026-08-25 21:38
TR00004,12951,Mumbai Rajdhani,Mumbai Central,New Delhi,Surat,Vadodara,480.46,37.95,17.56,0.394,45.9,19,1,12.29,0.222,17.81,411.82,43.22,0,0,869.07,2026-08-03 09:29
TR00005,12622,Tamil Nadu Express,New Delhi,Chennai Central,New Delhi,Bhopal Jn,452.36,78.5,30.41,0.076,22.3,8,0,28.02,0.5,5.76,387.74,74.33,0,0,417.9,2026-06-28 14:57
TR00006,12295,Sanghamitra Express,Bengaluru,Patna Jn,Bengaluru,Guntakal Jn,359.62,95.01,33.04,0.251,5.4,2,0,26.8,0.361,10.23,308.25,100.79,0,0,268.69,2026-06-27 06:28
TR00001,12123,Mumbai - Pune Express,Mumbai CST,Pune Jn,Kalyan,Karjat,349.48,76.93,20.91,0.161,28.3,22,6,14.71,0.203,38.93,299.56,83.84,0,0,300.27,2026-02-19 03:00
TR00002,11010,Deccan Express,Mumbai CST,Pune Jn,Mumbai CST,Dadar,177.4,76.56,17.12,0.108,33.0,6,5,5.05,0.195,9.44,152.05,74.25,0,0,158.42,2026-08-27 08:38
TR00003,12010,Shatabdi Express,Mumbai Central,Ahmedabad Jn,Vadodara,Ahmedabad Jn,619.3,90.43,19.74,0.028,20.4,18,6,8.93,0.465,27.77,530.83,84.11,0,0,471.08,2026-06-10 01:51
TR00004,12951,Mumbai Rajdhani,Mumbai Central,New Delhi,Vadodara,Kota Jn,186.82,84.21,27.98,0.136,35.0,5,4,6.06,0.259,4.3,160.13,85.09,0,1,200.54,2026-05-12 08:20
TR00005,12622,Tamil Nadu Express,New Delhi,Chennai Central,Bhopal Jn,Nagpur,293.59,67.61,31.57,0.133,21.8,1,3,16.5,0.473,17.17,251.65,57.9,0,0,318.33,2026-04-27 06:18
TR00006,12295,Sanghamitra Express,Bengaluru,Patna Jn,Vijayawada,Gaya Jn,294.27,63.42,12.74,0.158,29.9,17,2,11.0,0.242,4.94,252.23,69.44,0,0,315.77,2026-03-20 22:15
TR00001,12123,Mumbai - Pune Express,Mumbai CST,Pune Jn,Karjat,Lonavala,288.24,34.89,14.38,0.057,30.2,16,3,4.29,0.364,5.02,247.06,34.7,0,0,561.03,2026-05-21 01:21
TR00002,11010,Deccan Express,Mumbai CST,Pune Jn,Mumbai CST,Dadar,154.77,84.95,24.27,0.206,29.0,14,6,6.89,0.328,31.6,132.66,88.66,0,0,133.35,2026-01-26 16:13
TR00003,12010,Shatabdi Express,Mumbai Central,Ahmedabad Jn,Vapi,Surat,250.44,84.42,35.48,0.124,48.0,9,6,8.95,0.44,14.58,214.66,93.84,0,1,284.35,2026-06-08 13:44
TR00004,12951,Mumbai Rajdhani,Mumbai Central,New Delhi,Surat,Vadodara,337.52,80.3,21.02,0.13,27.6,3,3,8.81,0.391,16.46,289.3,74.03,0,0,293.27,2026-07-16 07:53
TR00005,12622,Tamil Nadu Express,New Delhi,Chennai Central,Nagpur,Vijayawada,163.3,91.85,6.06,0.103,35.8,20,3,1.54,0.185,18.17,139.97,99.2,0,0,118.59,2026-08-04 21:58
TR00006,12295,Sanghamitra Express,Bengaluru,Patna Jn,Bengaluru,Guntakal Jn,274.43,101.56,32.81,0.043,25.1,12,6,49.54,0.197,27.97,235.23,88.93,0,0,186.73,2026-06-12 15:06
TR00001,12123,Mumbai - Pune Express,Mumbai CST,Pune Jn,Lonavala,Pune Jn,134.14,71.83,16.9,0.065,22.9,13,1,30.22,0.262,23.44,114.98,72.08,0,0,131.43,2026-04-09 15:11
TR00002,11010,Deccan Express,Mumbai CST,Pune Jn,Lonavala,Pune Jn,361.27,63.43,14.73,0.095,21.0,23,5,6.17,0.199,0.45,309.66,60.8,0,0,369.76,2026-04-18 05:09
TR00003,12010,Shatabdi Express,Mumbai Central,Ahmedabad Jn,Borivali,Vapi,457.26,103.6,35.9,0.264,33.5,7,1,74.08,0.094,3.35,391.94,103.75,0,0,302.34,2026-02-24 12:02
TR00004,12951,Mumbai Rajdhani,Mumbai Central,New Delhi,Surat,Vadodara,96.84,53.28,24.18,0.208,33.4,0,5,48.34,0.252,23.65,83.01,66.85,0,0,131.6,2026-06-25 02:11
TR00005,12622,Tamil Nadu Express,New Delhi,Chennai Central,Bhopal Jn,Nagpur,332.08,79.86,11.79,0.092,24.0,0,0,13.88,0.071,3.3,284.64,86.88,0,0,259.52,2026-02-25 04:19
TR00006,12295,Sanghamitra Express,Bengaluru,Patna Jn,Bengaluru,Guntakal Jn,258.93,81.31,38.4,0.051,24.7,10,0,72.39,0.218,15.24,221.94,71.95,0,0,217.08,2026-03-18 13:37
TR00001,12123,Mumbai - Pune Express,Mumbai CST,Pune Jn,Dadar,Kalyan,204.66,74.49,19.81,0.244,20.8,19,2,25.16,0.135,18.1,175.43,83.9,0,0,192.65,2026-04-18 22:12
TR00002,11010,Deccan Express,Mumbai CST,Pune Jn,Dadar,Kalyan,605.43,87.51,6.78,0.308,26.7,10,4,15.29,0.175,4.07,518.94,95.8,0,0,458.44,2026-05-20 17:38
TR00003,12010,Shatabdi Express,Mumbai Central,Ahmedabad Jn,Borivali,Vapi,168.62,62.29,33.53,0.159,28.3,7,4,13.19,0.261,19.73,144.53,60.86,0,1,244.77,2026-04-18 11:04
TR00004,12951,Mumbai Rajdhani,Mumbai Central,New Delhi,Mumbai Central,Surat,438.24,67.76,31.41,0.322,22.4,8,3,18.23,0.275,6.92,375.63,66.91,0,0,462.07,2026-07-21 15:42
TR00005,12622,Tamil Nadu Express,New Delhi,Chennai Central,New Delhi,Bhopal Jn,177.42,60.86,27.55,0.056,41.3,8,1,33.93,0.283,11.17,152.08,64.49,0,0,198.71,2026-03-14 11:18
TR00006,12295,Sanghamitra Express,Bengaluru,Patna Jn,Vijayawada,Gaya Jn,74.21,59.67,20.12,0.27,26.3,13,2,9.55,0.402,11.01,63.61,61.22,0,0,89.15,2026-02-08 14:29
TR00001,12123,Mumbai - Pune Express,Mumbai CST,Pune Jn,Karjat,Lonavala,204.91,80.28,2.65,0.036,25.9,10,1,20.24,0.089,11.41,175.64,77.73,0,0,158.44,2026-06-02 12:38
TR00002,11010,Deccan Express,Mumbai CST,Pune Jn,Dadar,Kalyan,276.81,49.56,20.57,0.216,19.5,23,4,8.09,0.471,0.65,237.26,51.75,0,0,402.99,2026-05-14 05:42
TR00003,12010,Shatabdi Express,Mumbai Central,Ahmedabad Jn,Vapi,Surat,210.45,65.35,15.4,0.213,11.2,6,0,21.29,0.188,5.57,180.38,78.61,0,0,213.1,2026-05-29 09:33
TR00004,12951,Mumbai Rajdhani,Mumbai Central,New Delhi,Surat,Vadodara,191.69,61.92,32.57,0.195,29.3,0,5,4.99,0.395,7.5,164.31,61.14,1,0,240.78,2026-03-17 04:00
TR00005,12622,Tamil Nadu Express,New Delhi,Chennai Central,New Delhi,Bhopal Jn,161.51,54.78,27.6,0.109,32.3,7,5,17.41,0.081,4.54,138.44,53.65,0,1,254.12,2026-01-14 11:14
TR00006,12295,Sanghamitra Express,Bengaluru,Patna Jn,Bengaluru,Guntakal Jn,223.19,58.4,22.24,0.116,31.9,19,2,20.08,0.124,13.63,191.3,49.05,0,0,260.54,2026-04-27 23:20
TR00001,12123,Mumbai - Pune Express,Mumbai CST,Pune Jn,Lonavala,Pune Jn,298.31,116.29,21.17,0.03,35.3,13,3,55.86,0.245,12.46,255.69,128.46,0,0,165.74,2026-07-01 15:45
TR00002,11010,Deccan Express,Mumbai CST,Pune Jn,Dadar,Kalyan,313.6,76.71,33.6,0.082,26.6,0,1,10.35,0.581,20.22,268.8,79.94,0,0,300.08,2026-08-02 05:00
TR00003,12010,Shatabdi Express,Mumbai Central,Ahmedabad Jn,Borivali,Vapi,211.01,70.31,34.33,0.201,24.1,19,6,28.83,0.246,3.59,180.86,66.25,1,0,226.82,2026-05-20 22:46
TR00004,12951,Mumbai Rajdhani,Mumbai Central,New Delhi,Surat,Vadodara,196.72,47.47,29.85,0.14,18.7,22,1,40.65,0.327,3.7,168.62,46.79,0,0,285.24,2026-08-02 02:45
TR00005,12622,Tamil Nadu Express,New Delhi,Chennai Central,New Delhi,Bhopal Jn,116.5,79.61,18.96,0.342,29.8,15,6,7.86,0.12,8.48,99.86,81.25,0,1,126.9,2026-06-17 17:06
TR00006,12295,Sanghamitra Express,Bengaluru,Patna Jn,Gaya Jn,Patna Jn,724.75,71.29,22.84,0.271,31.1,22,1,23.63,0.158,33.33,621.21,85.16,0,0,675.56,2026-08-13 09:15
TR00001,12123,Mumbai - Pune Express,Mumbai CST,Pune Jn,Lonavala,Pune Jn,101.44,101.46,6.63,0.299,21.3,16,4,13.68,0.247,5.0,86.95,106.07,0,0,69.25,2026-03-23 17:09
TR00002,11010,Deccan Express,Mumbai CST,Pune Jn,Mumbai CST,Dadar,189.57,36.52,27.93,0.089,38.2,15,3,24.58,0.283,7.09,162.49,28.43,0,0,356.6,2026-01-26 20:56
TR00003,12010,Shatabdi Express,Mumbai Central,Ahmedabad Jn,Vapi,Surat,367.61,83.63,19.53,0.369,22.3,16,2,13.63,0.152,5.78,315.1,89.73,0,0,303.73,2026-05-15 21:03
TR00004,12951,Mumbai Rajdhani,Mumbai Central,New Delhi,Vadodara,Kota Jn,114.43,66.12,43.85,0.087,28.7,22,2,12.09,0.624,7.94,98.09,66.49,0,1,191.4,2026-04-04 01:11
TR00005,12622,Tamil Nadu Express,New Delhi,Chennai Central,Bhopal Jn,Nagpur,243.25,70.35,15.76,0.123,30.9,20,6,16.78,0.183,9.48,208.5,64.97,0,0,228.78,2026-06-25 23:48
TR00006,12295,Sanghamitra Express,Bengaluru,Patna Jn,Guntakal Jn,Vijayawada,89.07,68.91,15.95,0.035,27.1,15,2,9.04,0.274,4.83,76.34,82.1,0,1,123.0,2026-03-29 17:03
TR00001,12123,Mumbai - Pune Express,Mumbai CST,Pune Jn,Karjat,Lonavala,531.31,63.55,19.4,0.14,26.4,15,3,16.48,0.248,11.3,455.4,69.11,0,0,552.58,2026-02-02 00:12
TR00002,11010,Deccan Express,Mumbai CST,Pune Jn,Lonavala,Pune Jn,297.58,64.54,26.67,0.399,23.7,10,1,10.84,0.571,5.78,255.07,68.59,0,0,358.59,2026-02-15 15:58
TR00003,12010,Shatabdi Express,Mumbai Central,Ahmedabad Jn,Mumbai Central,Borivali,331.23,45.67,23.77,0.074,24.3,16,0,5.46,0.323,1.11,283.91,36.04,0,0,495.15,2026-04-30 00:15
TR00004,12951,Mumbai Rajdhani,Mumbai Central,New Delhi,Mumbai Central,Surat,233.06,41.01,11.56,0.059,32.7,1,0,22.52,0.096,9.44,199.76,37.55,0,0,359.31,2026-03-25 06:59
TR00005,12622,Tamil Nadu Express,New Delhi,Chennai Central,Nagpur,Vijayawada,161.49,73.97,1.69,0.291,43.2,18,5,7.92,0.307,1.47,138.42,64.49,0,0,151.58,2026-05-05 20:31
TR00006,12295,Sanghamitra Express,Bengaluru,Patna Jn,Bengaluru,Guntakal Jn,177.31,63.34,18.19,0.442,24.7,23,3,17.74,0.087,16.73,151.98,63.25,0,0,186.87,2026-02-19 02:06
TR00001,12123,Mumbai - Pune Express,Mumbai CST,Pune Jn,Kalyan,Karjat,218.51,63.42,2.81,0.229,28.2,1,0,2.81,0.291,9.15,187.3,56.52,0,0,233.85,2026-05-25 04:53
TR00002,11010,Deccan Express,Mumbai CST,Pune Jn,Mumbai CST,Dadar,122.72,50.62,12.41,0.025,37.6,5,4,10.37,0.068,17.53,105.19,51.58,0,0,155.69,2026-01-09 07:35
TR00003,12010,Shatabdi Express,Mumbai Central,Ahmedabad Jn,Borivali,Vapi,255.53,78.78,21.79,0.052,22.7,21,5,50.07,0.238,5.51,219.02,81.93,0,0,222.52,2026-08-07 00:42
TR00004,12951,Mumbai Rajdhani,Mumbai Central,New Delhi,Surat,Vadodara,92.93,66.48,14.2,0.184,24.2,21,5,8.3,0.131,0.99,79.65,69.24,1,0,100.94,2026-07-16 22:40
TR00005,12622,Tamil Nadu Express,New Delhi,Chennai Central,Nagpur,Vijayawada,492.98,112.45,0.0,0.023,22.9,19,3,11.66,0.066,12.69,422.56,110.01,0,0,267.67,2026-02-16 23:27
TR00006,12295,Sanghamitra Express,Bengaluru,Patna Jn,Vijayawada,Gaya Jn,445.67,77.7,45.38,0.104,36.5,3,5,33.73,0.435,9.31,382.01,96.13,1,0,433.72,2026-07-03 10:13
TR00001,12123,Mumbai - Pune Express,Mumbai CST,Pune Jn,Mumbai CST,Dadar,428.7,68.34,8.91,0.359,32.5,12,6,9.67,0.3,6.64,367.46,79.26,0,0,440.2,2026-01-18 19:20
TR00002,11010,Deccan Express,Mumbai CST,Pune Jn,Lonavala,Pune Jn,103.05,76.38,34.37,0.114,23.0,2,3,10.48,0.107,15.03,88.33,77.52,1,0,103.86,2026-08-24 03:43
TR00003,12010,Shatabdi Express,Mumbai Central,Ahmedabad Jn,Vapi,Surat,213.89,75.11,27.05,0.153,15.7,9,2,21.55,0.193,15.29,183.34,64.88,0,1,250.51,2026-06-28 13:10
TR00004,12951,Mumbai Rajdhani,Mumbai Central,New Delhi,Vadodara,Kota Jn,209.25,80.11,41.66,0.29,27.7,1,5,24.38,0.581,3.35,179.36,79.66,0,1,278.35,2026-07-19 05:38
TR00005,12622,Tamil Nadu Express,New Delhi,Chennai Central,Vijayawada,Chennai Central,149.64,47.85,12.74,0.087,20.9,0,2,1.96,0.523,4.84,128.27,60.35,0,0,222.08,2026-01-27 03:42
TR00006,12295,Sanghamitra Express,Bengaluru,Patna Jn,Bengaluru,Guntakal Jn,353.99,88.43,27.39,0.471,33.6,2,5,10.68,0.27,17.36,303.42,93.07,0,0,291.77,2026-03-12 06:51
TR00001,12123,Mumbai - Pune Express,Mumbai CST,Pune Jn,Mumbai CST,Dadar,53.35,79.5,6.45,0.129,20.9,18,5,6.71,0.047,3.92,45.73,82.48,0,0,42.44,2026-05-03 18:42
TR00002,11010,Deccan Express,Mumbai CST,Pune Jn,Kalyan,Lonavala,183.9,73.06,29.84,0.034,23.6,7,3,6.97,0.574,19.91,157.63,69.37,0,1,250.67,2026-01-21 11:10
TR00003,12010,Shatabdi Express,Mumbai Central,Ahmedabad Jn,Surat,Vadodara,292.82,50.74,31.89,0.27,28.4,5,0,29.22,0.521,0.96,250.99,39.92,0,0,434.5,2026-07-28 12:14
TR00004,12951,Mumbai Rajdhani,Mumbai Central,New Delhi,Mumbai Central,Surat,226.41,117.71,25.79,0.37,36.2,16,5,13.58,0.392,12.53,194.06,117.74,0,1,189.78,2026-03-08 19:09
TR00005,12622,Tamil Nadu Express,New Delhi,Chennai Central,Vijayawada,Chennai Central,91.59,43.71,23.57,0.295,31.3,6,3,4.22,0.402,1.57,78.51,28.35,0,0,159.95,2026-01-29 08:39
TR00006,12295,Sanghamitra Express,Bengaluru,Patna Jn,Gaya Jn,Patna Jn,303.43,73.31,22.47,0.273,28.4,16,1,31.87,0.265,4.64,260.08,65.26,0,0,289.94,2026-03-22 20:49
TR00001,12123,Mumbai - Pune Express,Mumbai CST,Pune Jn,Kalyan,Karjat,233.99,86.05,33.43,0.173,29.1,17,6,26.6,0.446,21.03,200.56,81.68,0,0,204.29,2026-07-09 20:24
TR00002,11010,Deccan Express,Mumbai CST,Pune Jn,Dadar,Kalyan,301.13,75.43,18.97,0.151,38.2,22,0,33.47,0.201,12.15,258.11,70.83,0,0,261.02,2026-04-19 02:21
TR00003,12010,Shatabdi Express,Mumbai Central,Ahmedabad Jn,Vadodara,Ahmedabad Jn,180.11,62.58,9.06,0.094,32.3,5,3,14.24,0.315,2.9,154.38,53.04,0,0,195.61,2026-04-01 08:15
TR00004,12951,Mumbai Rajdhani,Mumbai Central,New Delhi,Mumbai Central,Surat,211.02,95.48,10.63,0.407,40.5,13,0,11.7,0.138,2.1,180.88,95.53,0,0,153.03,2026-07-20 15:33
TR00005,12622,Tamil Nadu Express,New Delhi,Chennai Central,Vijayawada,Chennai Central,111.12,48.25,12.0,0.056,22.2,14,2,10.43,0.085,7.87,95.25,35.45,0,0,144.93,2026-07-09 16:24
TR00006,12295,Sanghamitra Express,Bengaluru,Patna Jn,Gaya Jn,Patna Jn,319.42,62.77,26.85,0.124,38.9,7,2,4.99,0.608,0.8,273.79,65.99,0,1,498.07,2026-05-27 15:18
TR00001,12123,Mumbai - Pune Express,Mumbai CST,Pune Jn,Lonavala,Pune Jn,216.8,77.77,16.15,0.107,30.1,21,0,7.06,0.655,5.94,185.83,77.71,0,0,215.81,2026-04-27 00:35
TR00002,11010,Deccan Express,Mumbai CST,Pune Jn,Kalyan,Lonavala,306.62,39.73,16.3,0.413,29.0,3,3,14.6,0.312,3.26,262.81,43.41,0,0,552.53,2026-01-11 12:12
TR00003,12010,Shatabdi Express,Mumbai Central,Ahmedabad Jn,Mumbai Central,Borivali,267.38,20.0,28.62,0.061,33.4,0,0,4.74,0.353,2.02,229.18,20.0,0,1,1159.8,2026-03-16 19:19
TR00004,12951,Mumbai Rajdhani,Mumbai Central,New Delhi,Mumbai Central,Surat,241.41,67.84,10.58,0.156,32.9,8,0,7.6,0.114,8.18,206.93,66.94,0,0,228.24,2026-05-11 11:48
TR00005,12622,Tamil Nadu Express,New Delhi,Chennai Central,Bhopal Jn,Nagpur,75.45,91.18,29.63,0.093,24.1,6,1,26.58,0.377,13.99,64.67,91.76,0,0,74.16,2026-07-26 07:14
TR00006,12295,Sanghamitra Express,Bengaluru,Patna Jn,Guntakal Jn,Vijayawada,242.83,85.82,25.88,0.097,26.6,9,2,10.47,0.351,20.14,208.14,78.74,0,0,196.34,2026-03-14 12:16
TR00001,12123,Mumbai - Pune Express,Mumbai CST,Pune Jn,Karjat,Lonavala,461.58,28.2,28.06,0.249,22.9,12,3,27.33,0.255,14.39,395.64,25.62,0,0,1105.88,2026-04-30 06:25
TR00002,11010,Deccan Express,Mumbai CST,Pune Jn,Mumbai CST,Dadar,531.22,39.43,0.76,0.117,29.5,14,2,10.14,0.27,8.86,455.33,50.06,0,0,882.14,2026-03-02 04:42
TR00003,12010,Shatabdi Express,Mumbai Central,Ahmedabad Jn,Vapi,Surat,230.01,98.34,36.67,0.289,32.7,0,5,16.66,0.522,10.95,197.15,84.46,0,1,246.14,2026-01-27 04:06
TR00004,12951,Mumbai Rajdhani,Mumbai Central,New Delhi,Surat,Vadodara,225.06,81.73,16.81,0.328,29.9,16,3,19.6,0.14,4.12,192.91,79.03,0,0,188.89,2026-02-06 19:08
TR00005,12622,Tamil Nadu Express,New Delhi,Chennai Central,Nagpur,Vijayawada,301.15,82.2,21.08,0.354,19.6,2,1,2.37,0.116,2.59,258.13,82.87,0,1,319.15,2026-05-15 07:19
TR00006,12295,Sanghamitra Express,Bengaluru,Patna Jn,Guntakal Jn,Vijayawada,68.93,98.43,11.74,0.413,32.5,16,6,1.36,0.111,5.96,59.08,97.54,0,0,49.52,2026-02-16 16:49
TR00001,12123,Mumbai - Pune Express,Mumbai CST,Pune Jn,Dadar,Kalyan,200.83,94.61,7.12,0.143,34.1,19,0,6.97,0.218,7.66,172.14,98.57,0,0,130.53,2026-01-12 21:10
TR00002,11010,Deccan Express,Mumbai CST,Pune Jn,Mumbai CST,Dadar,563.58,59.03,58.5,0.205,30.2,2,0,27.17,0.506,9.14,483.07,68.68,1,1,933.3,2026-03-05 17:33
TR00003,12010,Shatabdi Express,Mumbai Central,Ahmedabad Jn,Mumbai Central,Borivali,167.73,90.38,22.45,0.404,30.1,5,6,12.99,0.207,2.97,143.77,79.2,0,0,133.96,2026-01-02 07:13
TR00004,12951,Mumbai Rajdhani,Mumbai Central,New Delhi,Vadodara,Kota Jn,293.74,64.08,40.35,0.177,34.6,10,2,36.21,0.113,7.12,251.78,61.46,0,1,391.45,2026-08-03 16:31
TR00005,12622,Tamil Nadu Express,New Delhi,Chennai Central,New Delhi,Bhopal Jn,191.85,53.89,10.4,0.016,39.9,7,5,9.09,0.231,10.14,164.45,59.73,0,0,227.38,2026-02-27 10:47
TR00006,12295,Sanghamitra Express,Bengaluru,Patna Jn,Gaya Jn,Patna Jn,256.49,93.0,28.62,0.119,37.2,11,5,23.67,0.305,2.65,219.85,99.13,0,0,195.76,2026-05-24 14:15
TR00001,12123,Mumbai - Pune Express,Mumbai CST,Pune Jn,Lonavala,Pune Jn,502.53,54.97,10.27,0.041,10.3,5,1,6.48,0.169,6.01,430.74,46.87,0,0,579.49,2026-07-31 14:39
TR00002,11010,Deccan Express,Mumbai CST,Pune Jn,Lonavala,Pune Jn,386.69,82.91,24.93,0.175,37.0,20,0,14.94,0.309,4.69,331.45,75.46,0,1,410.63,2026-04-12 02:50
TR00003,12010,Shatabdi Express,Mumbai Central,Ahmedabad Jn,Mumbai Central,Borivali,146.99,68.52,9.11,0.297,29.6,5,5,11.97,0.273,7.17,125.99,59.64,0,0,152.01,2026-01-25 07:32
TR00004,12951,Mumbai Rajdhani,Mumbai Central,New Delhi,Surat,Vadodara,30.65,77.29,18.3,0.378,24.5,1,6,14.08,0.299,7.91,26.27,72.09,0,0,36.77,2026-05-20 01:36
TR00005,12622,Tamil Nadu Express,New Delhi,Chennai Central,Vijayawada,Chennai Central,132.0,87.3,3.07,0.167,37.8,19,0,5.16,0.162,14.03,113.14,88.49,0,0,99.7,2026-03-28 20:39
TR00006,12295,Sanghamitra Express,Bengaluru,Patna Jn,Vijayawada,Gaya Jn,122.03,76.86,43.31,0.047,27.0,21,2,25.35,0.462,6.29,104.59,88.57,1,0,146.8,2026-07-14 23:26
TR00001,12123,Mumbai - Pune Express,Mumbai CST,Pune Jn,Kalyan,Karjat,422.58,72.04,38.24,0.05,19.4,2,3,2.4,0.455,6.26,362.22,79.44,1,0,428.73,2026-08-12 09:08
TR00002,11010,Deccan Express,Mumbai CST,Pune Jn,Lonavala,Pune Jn,184.95,102.8,32.9,0.218,29.9,23,6,21.77,0.123,3.85,158.53,83.97,0,1,163.6,2026-08-04 01:43
TR00003,12010,Shatabdi Express,Mumbai Central,Ahmedabad Jn,Mumbai Central,Borivali,151.77,82.65,18.95,0.315,34.8,8,2,14.76,0.096,20.29,130.09,85.71,0,0,120.75,2026-02-26 10:00
TR00004,12951,Mumbai Rajdhani,Mumbai Central,New Delhi,Vadodara,Kota Jn,96.59,25.98,25.71,0.257,34.1,16,5,5.43,0.366,12.74,82.79,26.06,0,0,277.06,2026-04-11 20:37
TR00005,12622,Tamil Nadu Express,New Delhi,Chennai Central,New Delhi,Bhopal Jn,168.31,73.05,30.64,0.212,15.9,5,3,41.05,0.577,6.97,144.26,71.1,0,0,185.55,2026-07-05 08:05
TR00006,12295,Sanghamitra Express,Bengaluru,Patna Jn,Bengaluru,Guntakal Jn,190.29,62.41,29.71,0.258,26.1,22,2,34.55,0.507,6.65,163.1,80.55,0,0,227.14,2026-04-16 01:47
TR00001,12123,Mumbai - Pune Express,Mumbai CST,Pune Jn,Dadar,Kalyan,383.22,73.66,19.27,0.161,27.2,22,4,29.77,0.131,7.64,328.47,85.19,0,0,337.66,2026-04-11 03:37
TR00002,11010,Deccan Express,Mumbai CST,Pune Jn,Lonavala,Pune Jn,241.71,56.15,57.5,0.05,34.0,19,5,100.49,0.139,2.85,207.18,53.61,0,1,374.68,2026-06-02 01:14
TR00003,12010,Shatabdi Express,Mumbai Central,Ahmedabad Jn,Mumbai Central,Borivali,312.25,97.99,10.26,0.183,30.1,13,5,15.28,0.138,11.41,267.64,110.65,0,0,210.06,2026-04-21 16:30
TR00004,12951,Mumbai Rajdhani,Mumbai Central,New Delhi,Kota Jn,New Delhi,122.29,62.31,14.9,0.275,36.8,7,0,0.8,0.426,11.39,104.82,77.91,0,0,150.27,2026-07-15 09:30
TR00005,12622,Tamil Nadu Express,New Delhi,Chennai Central,Nagpur,Vijayawada,232.34,62.15,13.14,0.159,23.5,4,2,11.22,0.059,15.79,199.15,69.1,0,0,243.41,2026-05-24 08:03
TR00006,12295,Sanghamitra Express,Bengaluru,Patna Jn,Vijayawada,Gaya Jn,243.32,66.37,17.82,0.449,26.3,7,6,6.26,0.482,16.57,208.56,56.5,0,0,282.63,2026-06-09 11:42
TR00001,12123,Mumbai - Pune Express,Mumbai CST,Pune Jn,Karjat,Lonavala,239.21,122.49,6.45,0.097,32.4,8,0,11.04,0.088,5.43,205.04,118.33,0,0,120.29,2026-06-20 10:00
TR00002,11010,Deccan Express,Mumbai CST,Pune Jn,Lonavala,Pune Jn,290.73,51.27,22.2,0.312,20.2,11,1,39.29,0.427,10.96,249.2,59.1,0,0,414.19,2026-01-11 17:54
TR00003,12010,Shatabdi Express,Mumbai Central,Ahmedabad Jn,Surat,Vadodara,340.07,92.78,20.1,0.375,19.6,16,5,29.51,0.084,3.28,291.49,90.94,0,0,239.7,2026-04-03 19:59
TR00004,12951,Mumbai Rajdhani,Mumbai Central,New Delhi,Vadodara,Kota Jn,124.76,102.71,3.59,0.124,38.1,22,6,17.88,0.251,2.28,106.93,111.16,0,0,83.34,2026-08-12 23:23
TR00005,12622,Tamil Nadu Express,New Delhi,Chennai Central,Nagpur,Vijayawada,119.71,51.9,16.33,0.069,34.3,18,0,26.35,0.336,5.74,102.61,49.22,0,0,157.27,2026-03-25 20:37
TR00006,12295,Sanghamitra Express,Bengaluru,Patna Jn,Vijayawada,Gaya Jn,181.96,67.43,10.33,0.031,12.0,3,4,19.69,0.136,19.9,155.96,70.69,0,0,172.06,2026-08-11 05:52
TR00001,12123,Mumbai - Pune Express,Mumbai CST,Pune Jn,Kalyan,Karjat,149.62,104.88,19.85,0.43,24.0,5,1,24.26,0.163,0.15,128.24,101.04,0,0,101.54,2026-02-17 06:41
TR00002,11010,Deccan Express,Mumbai CST,Pune Jn,Lonavala,Pune Jn,180.5,74.44,41.33,0.312,42.7,0,3,4.59,0.211,33.68,154.72,76.61,0,1,231.14,2026-02-12 03:51
TR00003,12010,Shatabdi Express,Mumbai Central,Ahmedabad Jn,Vapi,Surat,175.18,53.24,15.26,0.085,33.5,12,5,6.19,0.263,3.65,150.16,58.98,0,0,229.04,2026-03-26 15:49
TR00004,12951,Mumbai Rajdhani,Mumbai Central,New Delhi,Surat,Vadodara,307.41,44.6,21.74,0.153,27.4,9,4,35.2,0.365,23.98,263.49,46.74,0,0,477.84,2026-01-11 16:57
TR00005,12622,Tamil Nadu Express,New Delhi,Chennai Central,New Delhi,Bhopal Jn,211.59,37.47,26.56,0.175,22.6,20,6,14.72,0.223,14.29,181.36,51.1,0,0,380.6,2026-02-24 02:20
TR00006,12295,Sanghamitra Express,Bengaluru,Patna Jn,Gaya Jn,Patna Jn,131.12,64.9,9.23,0.082,29.4,20,6,13.43,0.468,3.19,112.39,68.08,0,0,138.48,2026-03-09 22:18
TR00001,12123,Mumbai - Pune Express,Mumbai CST,Pune Jn,Lonavala,Pune Jn,439.43,37.69,21.32,0.165,26.6,1,6,24.0,0.112,8.7,376.66,32.76,0,0,753.77,2026-06-21 13:33
TR00002,11010,Deccan Express,Mumbai CST,Pune Jn,Dadar,Kalyan,222.85,70.41,29.1,0.44,20.0,4,1,12.42,0.186,5.11,191.02,74.6,0,1,286.09,2026-04-19 08:46
TR00003,12010,Shatabdi Express,Mumbai Central,Ahmedabad Jn,Mumbai Central,Borivali,161.2,91.64,12.79,0.076,35.6,8,1,12.51,0.102,8.53,138.17,89.94,0,1,151.48,2026-06-22 10:31
TR00004,12951,Mumbai Rajdhani,Mumbai Central,New Delhi,Vadodara,Kota Jn,356.48,85.63,25.84,0.454,23.8,13,6,4.62,0.373,3.43,305.55,97.42,0,0,311.17,2026-02-16 18:11
TR00005,12622,Tamil Nadu Express,New Delhi,Chennai Central,New Delhi,Bhopal Jn,257.53,80.65,24.13,0.185,37.7,3,4,4.7,0.323,11.59,220.74,74.81,0,0,227.34,2026-03-25 06:47
TR00006,12295,Sanghamitra Express,Bengaluru,Patna Jn,Gaya Jn,Patna Jn,113.75,76.96,14.48,0.113,14.0,1,4,19.26,0.038,8.95,97.5,92.59,0,0,96.85,2026-04-22 02:36
TR00001,12123,Mumbai - Pune Express,Mumbai CST,Pune Jn,Mumbai CST,Dadar,117.5,52.71,22.05,0.202,36.2,15,1,2.67,0.498,3.56,100.71,47.75,0,0,173.77,2026-08-07 17:53
TR00002,11010,Deccan Express,Mumbai CST,Pune Jn,Lonavala,Pune Jn,516.69,87.52,28.54,0.155,28.2,14,6,28.64,0.518,5.56,442.88,87.22,0,0,431.56,2026-04-30 21:11
TR00003,12010,Shatabdi Express,Mumbai Central,Ahmedabad Jn,Vadodara,Ahmedabad Jn,170.68,82.26,14.49,0.134,28.3,6,1,40.29,0.081,2.02,146.3,68.82,0,0,138.13,2026-05-09 08:18
TR00004,12951,Mumbai Rajdhani,Mumbai Central,New Delhi,Mumbai Central,Surat,221.87,83.49,31.63,0.204,23.8,8,3,5.56,0.555,1.52,190.17,82.46,0,0,204.75,2026-01-17 11:24
TR00005,12622,Tamil Nadu Express,New Delhi,Chennai Central,Nagpur,Vijayawada,150.82,57.93,22.25,0.093,14.7,5,3,20.56,0.364,5.29,129.28,62.94,0,0,184.27,2026-01-28 08:04
TR00006,12295,Sanghamitra Express,Bengaluru,Patna Jn,Bengaluru,Guntakal Jn,110.84,65.64,26.34,0.413,20.5,7,1,22.92,0.337,2.78,95.01,68.27,0,0,134.01,2026-03-07 09:14
TR00001,12123,Mumbai - Pune Express,Mumbai CST,Pune Jn,Mumbai CST,Dadar,262.97,34.11,28.81,0.321,26.9,18,5,10.53,0.347,6.7,225.4,22.88,0,1,706.79,2026-08-18 05:46
TR00002,11010,Deccan Express,Mumbai CST,Pune Jn,Dadar,Kalyan,287.63,62.77,1.8,0.309,23.4,17,4,5.96,0.162,0.29,246.54,67.08,0,0,301.31,2026-02-05 22:01
TR00003,12010,Shatabdi Express,Mumbai Central,Ahmedabad Jn,Vapi,Surat,134.99,62.4,36.16,0.051,29.3,6,0,13.54,0.392,24.05,115.7,55.69,0,1,200.76,2026-01-21 09:20
TR00004,12951,Mumbai Rajdhani,Mumbai Central,New Delhi,Vadodara,Kota Jn,247.35,55.12,14.85,0.441,35.7,5,0,8.24,0.318,1.76,212.02,48.13,0,0,327.49,2026-08-08 10:27
TR00005,12622,Tamil Nadu Express,New Delhi,Chennai Central,Vijayawada,Chennai Central,281.59,76.9,17.85,0.055,40.8,7,2,19.63,0.154,11.29,241.36,63.34,0,0,240.13,2026-07-08 11:00
TR00006,12295,Sanghamitra Express,Bengaluru,Patna Jn,Bengaluru,Guntakal Jn,272.24,55.45,10.54,0.37,35.6,10,3,6.14,0.177,12.31,233.35,55.47,0,0,339.65,2026-03-04 15:39
TR00001,12123,Mumbai - Pune Express,Mumbai CST,Pune Jn,Mumbai CST,Dadar,217.25,94.07,32.31,0.251,35.1,23,4,38.77,0.242,6.43,186.21,80.06,1,0,185.81,2026-07-10 02:05
TR00002,11010,Deccan Express,Mumbai CST,Pune Jn,Mumbai CST,Dadar,311.73,50.44,39.13,0.277,25.5,2,2,21.65,0.558,11.02,267.2,48.89,0,1,620.76,2026-07-05 12:20
TR00003,12010,Shatabdi Express,Mumbai Central,Ahmedabad Jn,Borivali,Vapi,216.37,57.83,14.77,0.146,36.3,13,2,19.73,0.212,10.02,185.46,62.25,0,0,250.12,2026-07-22 17:10
TR00004,12951,Mumbai Rajdhani,Mumbai Central,New Delhi,Kota Jn,New Delhi,303.13,35.43,18.24,0.073,31.0,14,4,11.6,0.181,7.39,259.82,33.74,0,0,553.94,2026-02-23 23:13
TR00005,12622,Tamil Nadu Express,New Delhi,Chennai Central,Nagpur,Vijayawada,263.99,69.52,17.5,0.223,36.5,15,4,12.01,0.082,12.37,226.27,63.39,0,1,314.49,2026-03-12 20:14
TR00006,12295,Sanghamitra Express,Bengaluru,Patna Jn,Gaya Jn,Patna Jn,156.56,78.5,39.15,0.485,24.6,22,4,22.99,0.421,7.69,134.19,62.53,0,0,164.5,2026-02-14 00:44
TR00001,12123,Mumbai - Pune Express,Mumbai CST,Pune Jn,Dadar,Kalyan,87.3,67.52,3.23,0.074,22.1,12,5,8.39,0.433,9.15,74.83,77.93,0,0,93.09,2026-05-04 13:33
TR00002,11010,Deccan Express,Mumbai CST,Pune Jn,Kalyan,Lonavala,330.34,114.57,11.88,0.142,28.6,22,1,16.86,0.379,1.35,283.15,114.85,0,0,201.36,2026-02-24 01:21
TR00003,12010,Shatabdi Express,Mumbai Central,Ahmedabad Jn,Borivali,Vapi,149.85,46.38,27.75,0.259,27.5,6,6,15.88,0.549,7.34,128.45,36.76,0,0,247.78,2026-06-20 10:07
TR00004,12951,Mumbai Rajdhani,Mumbai Central,New Delhi,Mumbai Central,Surat,84.67,65.88,26.24,0.151,25.6,3,5,18.65,0.411,8.5,72.57,64.3,0,0,105.12,2026-06-04 04:45
TR00005,12622,Tamil Nadu Express,New Delhi,Chennai Central,New Delhi,Bhopal Jn,329.82,54.65,28.7,0.398,24.5,7,2,17.16,0.181,23.44,282.7,63.83,0,0,415.52,2026-02-27 13:55
TR00006,12295,Sanghamitra Express,Bengaluru,Patna Jn,Gaya Jn,Patna Jn,148.26,61.51,27.08,0.029,26.9,23,2,16.31,0.514,12.7,127.08,60.54,0,0,180.28,2026-03-25 02:00
TR00001,12123,Mumbai - Pune Express,Mumbai CST,Pune Jn,Kalyan,Karjat,623.18,20.0,30.78,0.224,37.5,19,3,35.89,0.324,6.43,534.16,20.0,0,0,2127.29,2026-06-16 06:27
TR00002,11010,Deccan Express,Mumbai CST,Pune Jn,Dadar,Kalyan,385.2,65.95,22.8,0.104,23.9,3,1,18.85,0.539,15.57,330.17,57.04,0,0,419.71,2026-06-12 09:59
TR00003,12010,Shatabdi Express,Mumbai Central,Ahmedabad Jn,Mumbai Central,Borivali,235.31,94.1,15.43,0.198,34.1,1,1,8.95,0.134,9.34,201.69,100.61,0,0,170.97,2026-02-28 03:50
TR00004,12951,Mumbai Rajdhani,Mumbai Central,New Delhi,Surat,Vadodara,98.83,75.67,33.4,0.104,32.4,18,5,29.63,0.309,20.35,84.71,76.66,0,1,123.17,2026-02-10 20:03
TR00005,12622,Tamil Nadu Express,New Delhi,Chennai Central,New Delhi,Bhopal Jn,84.2,75.29,20.48,0.38,26.1,23,5,13.44,0.262,25.61,72.17,86.26,0,0,91.59,2026-05-03 00:31
TR00006,12295,Sanghamitra Express,Bengaluru,Patna Jn,Gaya Jn,Patna Jn,109.5,45.7,13.43,0.045,21.9,13,5,21.37,0.271,11.42,93.85,46.28,0,0,156.49,2026-01-17 15:36
TR00001,12123,Mumbai - Pune Express,Mumbai CST,Pune Jn,Karjat,Lonavala,234.21,110.89,32.97,0.364,26.1,14,5,46.75,0.384,4.61,200.75,124.36,0,0,162.14,2026-05-20 16:42
TR00002,11010,Deccan Express,Mumbai CST,Pune Jn,Dadar,Kalyan,427.09,82.12,23.35,0.046,39.3,23,0,16.73,0.136,10.11,366.08,59.84,0,0,332.46,2026-02-17 04:32
TR00003,12010,Shatabdi Express,Mumbai Central,Ahmedabad Jn,Vapi,Surat,218.31,108.99,11.2,0.101,17.8,17,4,1.11,0.385,8.59,187.12,108.93,0,0,136.43,2026-02-10 19:16
TR00004,12951,Mumbai Rajdhani,Mumbai Central,New Delhi,Surat,Vadodara,84.62,36.15,28.48,0.071,35.0,0,4,27.82,0.247,5.16,72.54,40.44,0,0,169.14,2026-01-30 02:49
TR00005,12622,Tamil Nadu Express,New Delhi,Chennai Central,New Delhi,Bhopal Jn,384.94,84.4,33.29,0.156,33.7,21,0,48.08,0.296,15.43,329.94,83.24,0,0,322.55,2026-08-29 02:22
TR00006,12295,Sanghamitra Express,Bengaluru,Patna Jn,Guntakal Jn,Vijayawada,257.75,55.36,2.09,0.119,42.6,0,3,1.13,0.264,0.99,220.93,51.9,0,0,305.96,2026-03-26 05:05
TR00001,12123,Mumbai - Pune Express,Mumbai CST,Pune Jn,Karjat,Lonavala,168.27,96.29,16.11,0.33,27.6,7,5,6.72,0.276,14.92,144.24,88.5,0,0,132.52,2026-05-12 09:12
TR00002,11010,Deccan Express,Mumbai CST,Pune Jn,Dadar,Kalyan,533.74,59.14,18.73,0.01,19.6,3,3,7.14,0.633,6.15,457.49,59.91,0,0,649.37,2026-05-23 13:49
TR00003,12010,Shatabdi Express,Mumbai Central,Ahmedabad Jn,Borivali,Vapi,98.81,92.57,27.31,0.162,28.9,23,4,12.52,0.431,11.02,84.69,101.23,0,0,85.54,2026-06-01 00:25
TR00004,12951,Mumbai Rajdhani,Mumbai Central,New Delhi,Kota Jn,New Delhi,195.06,83.55,13.99,0.312,20.4,6,6,18.32,0.074,4.64,167.2,106.09,0,0,151.74,2026-04-05 08:31
TR00005,12622,Tamil Nadu Express,New Delhi,Chennai Central,Bhopal Jn,Nagpur,212.22,80.23,8.15,0.203,30.7,13,0,13.83,0.195,3.71,181.9,72.51,0,0,172.67,2026-08-11 15:52
TR00006,12295,Sanghamitra Express,Bengaluru,Patna Jn,Guntakal Jn,Vijayawada,189.73,115.3,6.75,0.087,32.1,20,6,8.02,0.015,8.91,162.63,127.72,0,0,101.99,2026-01-10 21:41
TR00001,12123,Mumbai - Pune Express,Mumbai CST,Pune Jn,Karjat,Lonavala,319.93,90.22,32.79,0.52,34.7,5,2,9.67,0.161,4.95,274.22,81.95,1,0,271.58,2026-06-10 09:31
TR00002,11010,Deccan Express,Mumbai CST,Pune Jn,Mumbai CST,Dadar,183.86,51.1,33.97,0.167,31.0,18,3,66.96,0.169,3.04,157.6,64.62,0,1,310.04,2026-03-09 23:10
TR00003,12010,Shatabdi Express,Mumbai Central,Ahmedabad Jn,Borivali,Vapi,233.75,46.05,8.24,0.159,32.4,13,5,13.2,0.189,1.1,200.36,46.61,0,0,333.14,2026-04-24 18:33
TR00004,12951,Mumbai Rajdhani,Mumbai Central,New Delhi,Surat,Vadodara,107.99,59.78,43.15,0.208,20.7,7,3,17.57,0.331,8.01,92.57,60.57,1,0,148.86,2026-03-01 09:28
TR00005,12622,Tamil Nadu Express,New Delhi,Chennai Central,Bhopal Jn,Nagpur,82.29,91.34,28.26,0.13,23.5,13,3,4.28,0.599,1.8,70.53,93.7,0,1,101.24,2026-05-27 14:41
TR00006,12295,Sanghamitra Express,Bengaluru,Patna Jn,Bengaluru,Guntakal Jn,297.1,86.25,14.6,0.272,16.6,21,1,0.84,0.106,14.35,254.66,75.47,0,0,231.34,2026-08-07 00:51
TR00001,12123,Mumbai - Pune Express,Mumbai CST,Pune Jn,Karjat,Lonavala,143.05,108.8,14.78,0.115,24.6,19,0,10.37,0.169,3.88,122.62,112.72,0,0,87.19,2026-01-02 20:27
TR00002,11010,Deccan Express,Mumbai CST,Pune Jn,Kalyan,Lonavala,89.07,88.86,12.93,0.08,25.1,1,2,11.36,0.08,10.57,76.35,79.97,0,0,65.03,2026-01-13 02:05
TR00003,12010,Shatabdi Express,Mumbai Central,Ahmedabad Jn,Vadodara,Ahmedabad Jn,112.5,45.29,23.75,0.235,30.7,4,5,8.57,0.643,7.18,96.43,62.41,0,0,195.94,2026-03-21 07:15
TR00004,12951,Mumbai Rajdhani,Mumbai Central,New Delhi,Kota Jn,New Delhi,275.41,85.63,27.2,0.101,27.1,9,2,2.07,0.4,4.35,236.07,101.13,1,0,244.42,2026-07-02 13:04
TR00005,12622,Tamil Nadu Express,New Delhi,Chennai Central,Vijayawada,Chennai Central,143.05,36.2,9.76,0.148,11.3,13,1,7.73,0.094,9.2,122.61,25.82,0,0,253.82,2026-03-31 17:13
TR00006,12295,Sanghamitra Express,Bengaluru,Patna Jn,Guntakal Jn,Vijayawada,257.47,67.0,18.24,0.329,29.0,19,0,12.04,0.387,8.9,220.69,64.16,0,0,272.75,2026-02-14 23:32
TR00001,12123,Mumbai - Pune Express,Mumbai CST,Pune Jn,Mumbai CST,Dadar,92.27,23.1,15.53,0.163,41.4,1,0,7.14,0.444,0.18,79.09,27.56,0,0,285.46,2026-08-11 05:45
TR00002,11010,Deccan Express,Mumbai CST,Pune Jn,Mumbai CST,Dadar,271.72,45.43,11.86,0.049,29.7,15,5,5.11,0.362,4.68,232.91,41.32,0,0,404.77,2026-07-16 21:44
TR00003,12010,Shatabdi Express,Mumbai Central,Ahmedabad Jn,Borivali,Vapi,86.55,59.79,37.8,0.089,31.0,20,5,23.66,0.203,35.46,74.18,56.8,1,0,125.28,2026-04-15 22:05
TR00004,12951,Mumbai Rajdhani,Mumbai Central,New Delhi,Surat,Vadodara,171.19,68.91,10.82,0.061,33.3,0,1,5.34,0.268,10.37,146.74,74.7,0,0,162.03,2026-03-03 02:42
TR00005,12622,Tamil Nadu Express,New Delhi,Chennai Central,New Delhi,Bhopal Jn,49.45,80.69,12.23,0.08,38.2,23,0,9.86,0.463,4.67,42.39,82.22,0,0,44.51,2026-07-19 23:44
TR00006,12295,Sanghamitra Express,Bengaluru,Patna Jn,Gaya Jn,Patna Jn,348.94,66.13,15.09,0.069,25.7,10,4,11.67,0.448,5.5,299.09,81.81,0,0,370.51,2026-01-07 16:10
TR00001,12123,Mumbai - Pune Express,Mumbai CST,Pune Jn,Karjat,Lonavala,522.94,88.31,5.34,0.196,35.0,15,5,4.72,0.155,7.08,448.24,98.28,0,0,378.48,2026-03-06 21:18
TR00002,11010,Deccan Express,Mumbai CST,Pune Jn,Kalyan,Lonavala,244.67,64.2,21.38,0.162,23.8,15,4,13.56,0.366,29.82,209.72,65.38,0,0,271.53,2026-01-16 19:31
TR00003,12010,Shatabdi Express,Mumbai Central,Ahmedabad Jn,Vadodara,Ahmedabad Jn,63.65,91.36,41.68,0.205,22.8,15,4,14.5,0.334,22.04,54.56,86.64,1,0,76.17,2026-03-15 16:16
TR00004,12951,Mumbai Rajdhani,Mumbai Central,New Delhi,Mumbai Central,Surat,461.41,86.09,34.74,0.257,32.6,7,5,36.71,0.477,6.27,395.5,77.11,0,0,396.39,2026-02-22 13:36
TR00005,12622,Tamil Nadu Express,New Delhi,Chennai Central,New Delhi,Bhopal Jn,107.55,57.14,16.69,0.203,33.6,3,3,15.07,0.273,3.03,92.19,60.69,0,0,132.77,2026-01-18 05:12
TR00006,12295,Sanghamitra Express,Bengaluru,Patna Jn,Vijayawada,Gaya Jn,454.11,70.15,15.96,0.468,29.5,6,5,6.39,0.387,9.47,389.24,66.05,0,0,473.48,2026-04-23 13:53
TR00001,12123,Mumbai - Pune Express,Mumbai CST,Pune Jn,Kalyan,Karjat,119.68,90.96,10.79,0.087,27.7,2,2,0.97,0.343,5.13,102.59,92.58,0,1,113.4,2026-06-28 03:53
TR00002,11010,Deccan Express,Mumbai CST,Pune Jn,Dadar,Kalyan,199.68,108.76,31.37,0.094,27.7,10,0,28.59,0.238,4.37,171.16,100.22,1,0,143.72,2026-01-16 12:23
TR00003,12010,Shatabdi Express,Mumbai Central,Ahmedabad Jn,Vadodara,Ahmedabad Jn,84.93,30.2,6.59,0.071,27.7,2,3,37.62,0.151,2.85,72.8,36.83,0,0,173.93,2026-01-24 04:53
TR00004,12951,Mumbai Rajdhani,Mumbai Central,New Delhi,Surat,Vadodara,250.35,65.14,22.56,0.096,31.8,19,5,18.82,0.193,3.74,214.58,67.58,0,1,328.12,2026-05-01 00:28
TR00005,12622,Tamil Nadu Express,New Delhi,Chennai Central,Nagpur,Vijayawada,105.42,66.07,0.0,0.178,27.4,20,4,7.27,0.435,1.62,90.36,72.76,0,0,112.96,2026-05-22 21:52
TR00006,12295,Sanghamitra Express,Bengaluru,Patna Jn,Vijayawada,Gaya Jn,456.88,71.32,25.91,0.237,33.1,18,3,7.14,0.433,10.44,391.61,83.44,0,0,461.05,2026-01-26 01:41
TR00001,12123,Mumbai - Pune Express,Mumbai CST,Pune Jn,Karjat,Lonavala,505.34,71.09,28.64,0.111,32.5,12,3,7.02,0.433,17.76,433.15,79.22,0,0,500.74,2026-01-19 20:20
TR00002,11010,Deccan Express,Mumbai CST,Pune Jn,Kalyan,Lonavala,170.77,50.33,34.95,0.406,20.3,7,0,7.24,0.312,13.69,146.37,41.84,0,1,324.17,2026-07-17 12:24
TR00003,12010,Shatabdi Express,Mumbai Central,Ahmedabad Jn,Vapi,Surat,236.71,66.01,33.13,0.392,41.0,5,5,38.93,0.202,21.29,202.9,59.44,0,0,253.88,2026-07-13 09:13
TR00004,12951,Mumbai Rajdhani,Mumbai Central,New Delhi,Kota Jn,New Delhi,132.4,52.39,12.22,0.036,29.6,23,5,4.73,0.162,3.3,113.48,57.9,0,0,166.08,2026-04-18 01:46
TR00005,12622,Tamil Nadu Express,New Delhi,Chennai Central,Bhopal Jn,Nagpur,372.24,65.61,25.37,0.006,23.5,19,4,6.8,0.413,2.51,319.06,68.49,1,0,399.5,2026-01-14 01:39
TR00006,12295,Sanghamitra Express,Bengaluru,Patna Jn,Bengaluru,Guntakal Jn,112.94,60.41,23.54,0.141,21.0,8,3,37.61,0.162,3.73,96.81,59.26,0,1,153.79,2026-04-24 10:33
TR00001,12123,Mumbai - Pune Express,Mumbai CST,Pune Jn,Mumbai CST,Dadar,151.62,75.08,30.86,0.082,27.4,6,2,24.53,0.604,15.4,129.96,85.12,0,0,161.52,2026-06-13 08:41
TR00002,11010,Deccan Express,Mumbai CST,Pune Jn,Dadar,Kalyan,345.74,89.7,28.63,0.142,25.2,3,4,15.05,0.132,16.84,296.35,98.29,0,0,267.93,2026-06-05 07:27
TR00003,12010,Shatabdi Express,Mumbai Central,Ahmedabad Jn,Vapi,Surat,573.39,55.04,20.49,0.364,30.4,1,6,9.35,0.292,3.48,491.48,45.47,0,0,725.48,2026-08-06 13:05
TR00004,12951,Mumbai Rajdhani,Mumbai Central,New Delhi,Mumbai Central,Surat,237.65,79.17,12.28,0.268,23.0,21,5,7.07,0.325,12.81,203.7,63.79,0,0,210.38,2026-02-13 00:30
TR00005,12622,Tamil Nadu Express,New Delhi,Chennai Central,Nagpur,Vijayawada,262.93,75.65,31.77,0.15,20.6,3,6,15.62,0.16,9.66,225.37,67.13,1,0,257.24,2026-05-24 07:17
TR00006,12295,Sanghamitra Express,Bengaluru,Patna Jn,Guntakal Jn,Vijayawada,303.32,88.12,12.43,0.523,39.2,4,0,7.22,0.391,8.72,259.99,82.15,0,0,255.65,2026-04-07 08:15
TR00001,12123,Mumbai - Pune Express,Mumbai CST,Pune Jn,Mumbai CST,Dadar,163.31,112.54,12.01,0.264,22.4,8,2,18.41,0.129,11.45,139.98,112.71,0,0,98.72,2026-06-23 09:38
TR00002,11010,Deccan Express,Mumbai CST,Pune Jn,Lonavala,Pune Jn,207.0,69.13,18.99,0.367,37.4,6,2,45.74,0.117,1.12,177.42,78.15,0,0,201.56,2026-05-12 09:21
TR00003,12010,Shatabdi Express,Mumbai Central,Ahmedabad Jn,Borivali,Vapi,240.28,48.47,30.47,0.189,23.6,22,6,17.73,0.378,13.42,205.95,52.04,0,0,350.5,2026-02-20 03:50
TR00004,12951,Mumbai Rajdhani,Mumbai Central,New Delhi,Surat,Vadodara,182.5,59.32,19.35,0.361,32.6,17,0,11.2,0.239,0.61,156.43,58.29,0,0,210.14,2026-03-18 20:30
TR00005,12622,Tamil Nadu Express,New Delhi,Chennai Central,Bhopal Jn,Nagpur,90.61,68.27,7.3,0.46,31.6,21,2,2.76,0.103,13.52,77.67,71.66,0,0,93.31,2026-05-14 22:33
TR00006,12295,Sanghamitra Express,Bengaluru,Patna Jn,Guntakal Jn,Vijayawada,231.09,73.65,25.42,0.233,19.5,9,5,8.23,0.525,7.37,198.07,64.12,0,0,241.65,2026-05-04 13:01
TR00001,12123,Mumbai - Pune Express,Mumbai CST,Pune Jn,Mumbai CST,Dadar,174.61,107.9,12.32,0.127,21.2,22,2,19.57,0.165,1.78,149.66,107.65,0,0,104.04,2026-05-26 23:44
TR00002,11010,Deccan Express,Mumbai CST,Pune Jn,Mumbai CST,Dadar,98.87,54.04,19.05,0.058,28.8,22,5,4.85,0.494,9.02,84.75,56.32,0,0,136.47,2026-06-06 00:16
TR00003,12010,Shatabdi Express,Mumbai Central,Ahmedabad Jn,Surat,Vadodara,235.39,20.0,20.57,0.213,41.0,21,0,9.47,0.191,8.35,201.76,38.63,0,0,777.92,2026-04-15 09:57
TR00004,12951,Mumbai Rajdhani,Mumbai Central,New Delhi,Mumbai Central,Surat,136.32,63.74,45.91,0.268,18.9,18,6,20.89,0.173,8.59,116.84,55.18,1,1,216.09,2026-06-22 21:36
TR00005,12622,Tamil Nadu Express,New Delhi,Chennai Central,Bhopal Jn,Nagpur,152.02,116.22,19.11,0.009,18.0,1,1,21.76,0.382,20.82,130.3,120.24,0,0,95.06,2026-01-24 02:35
TR00006,12295,Sanghamitra Express,Bengaluru,Patna Jn,Vijayawada,Gaya Jn,384.25,106.98,4.13,0.045,22.1,3,4,10.4,0.082,3.44,329.35,114.66,0,0,222.6,2026-01-15 06:42
TR00001,12123,Mumbai - Pune Express,Mumbai CST,Pune Jn,Kalyan,Karjat,365.75,81.18,20.37,0.159,22.9,1,5,21.78,0.249,5.23,313.5,82.52,0,0,311.69,2026-05-22 06:11
TR00002,11010,Deccan Express,Mumbai CST,Pune Jn,Kalyan,Lonavala,225.79,77.94,10.19,0.195,32.1,23,4,27.24,0.057,4.39,193.54,69.82,0,0,187.52,2026-04-27 02:07
TR00003,12010,Shatabdi Express,Mumbai Central,Ahmedabad Jn,Vapi,Surat,244.14,113.56,6.44,0.071,23.9,13,0,12.79,0.086,2.34,209.26,105.11,0,0,132.74,2026-07-12 15:12
TR00004,12951,Mumbai Rajdhani,Mumbai Central,New Delhi,Kota Jn,New Delhi,227.68,65.33,7.64,0.085,26.3,16,3,5.46,0.02,8.81,195.15,56.25,0,0,219.59,2026-06-19 19:39
TR00005,12622,Tamil Nadu Express,New Delhi,Chennai Central,Vijayawada,Chennai Central,253.72,93.97,21.24,0.283,20.1,5,1,12.45,0.272,4.87,217.47,108.77,0,0,189.85,2026-02-09 08:09
TR00006,12295,Sanghamitra Express,Bengaluru,Patna Jn,Gaya Jn,Patna Jn,235.96,44.9,27.31,0.12,16.4,10,6,68.89,0.066,10.27,202.25,53.34,0,0,345.48,2026-07-18 15:45
TR00001,12123,Mumbai - Pune Express,Mumbai CST,Pune Jn,Dadar,Kalyan,118.04,60.65,21.4,0.135,26.3,7,5,10.98,0.1,3.37,101.18,68.89,1,0,142.42,2026-07-26 09:22
TR00002,11010,Deccan Express,Mumbai CST,Pune Jn,Lonavala,Pune Jn,314.12,75.61,15.84,0.062,19.5,4,4,8.76,0.19,2.57,269.25,62.62,0,0,275.1,2026-06-22 08:35
TR00003,12010,Shatabdi Express,Mumbai Central,Ahmedabad Jn,Vadodara,Ahmedabad Jn,271.6,57.02,26.89,0.053,24.9,22,1,25.95,0.346,31.69,232.8,64.72,0,0,329.67,2026-08-28 03:29
TR00004,12951,Mumbai Rajdhani,Mumbai Central,New Delhi,Surat,Vadodara,149.3,86.77,19.29,0.504,23.9,4,6,31.68,0.352,3.95,127.97,80.27,0,0,138.9,2026-06-27 06:18
TR00005,12622,Tamil Nadu Express,New Delhi,Chennai Central,Vijayawada,Chennai Central,245.07,57.66,36.27,0.154,29.0,11,0,24.44,0.44,13.48,210.06,45.83,0,0,312.37,2026-07-20 16:12
TR00006,12295,Sanghamitra Express,Bengaluru,Patna Jn,Vijayawada,Gaya Jn,293.65,79.48,39.12,0.465,23.4,6,4,16.55,0.623,4.99,251.7,92.06,0,0,300.23,2026-07-30 11:00
TR00001,12123,Mumbai - Pune Express,Mumbai CST,Pune Jn,Mumbai CST,Dadar,189.93,72.93,12.92,0.052,18.8,3,4,8.86,0.496,9.32,162.79,85.02,0,0,189.56,2026-04-26 06:09
TR00002,11010,Deccan Express,Mumbai CST,Pune Jn,Kalyan,Lonavala,183.31,86.76,25.77,0.171,21.4,13,0,15.03,0.316,21.82,157.13,82.82,0,0,155.87,2026-08-24 15:35
TR00003,12010,Shatabdi Express,Mumbai Central,Ahmedabad Jn,Borivali,Vapi,129.07,65.74,29.49,0.2,35.5,12,5,11.51,0.25,27.77,110.63,54.07,0,0,143.71,2026-07-19 14:23
TR00004,12951,Mumbai Rajdhani,Mumbai Central,New Delhi,Kota Jn,New Delhi,427.54,103.56,22.69,0.208,22.1,1,2,19.04,0.439,5.02,366.46,101.66,0,0,302.46,2026-06-17 06:02
TR00005,12622,Tamil Nadu Express,New Delhi,Chennai Central,Nagpur,Vijayawada,344.78,73.22,4.9,0.047,14.3,19,3,32.43,0.045,0.87,295.53,67.41,0,0,288.52,2026-07-27 23:48
TR00006,12295,Sanghamitra Express,Bengaluru,Patna Jn,Vijayawada,Gaya Jn,276.24,50.58,11.13,0.139,31.1,14,2,26.75,0.168,8.67,236.78,61.51,0,0,350.26,2026-07-30 19:50
TR00001,12123,Mumbai - Pune Express,Mumbai CST,Pune Jn,Lonavala,Pune Jn,321.71,102.35,31.47,0.3,35.1,3,5,19.82,0.44,11.76,275.75,80.8,0,1,308.09,2026-08-27 08:08
TR00002,11010,Deccan Express,Mumbai CST,Pune Jn,Kalyan,Lonavala,77.86,44.57,21.08,0.046,22.7,7,1,12.24,0.512,4.63,66.74,47.23,0,0,132.51,2026-01-27 09:12
TR00003,12010,Shatabdi Express,Mumbai Central,Ahmedabad Jn,Mumbai Central,Borivali,243.24,59.33,31.71,0.026,30.8,6,6,11.21,0.112,5.0,208.49,54.93,1,0,288.19,2026-08-18 10:48
TR00004,12951,Mumbai Rajdhani,Mumbai Central,New Delhi,Kota Jn,New Delhi,114.43,69.71,23.02,0.062,40.4,6,6,14.74,0.188,12.29,98.09,61.06,0,1,150.94,2026-08-07 08:30
TR00005,12622,Tamil Nadu Express,New Delhi,Chennai Central,New Delhi,Bhopal Jn,284.26,82.36,17.59,0.092,23.6,14,3,35.68,0.093,8.05,243.65,90.28,0,0,223.06,2026-06-14 17:43
TR00006,12295,Sanghamitra Express,Bengaluru,Patna Jn,Guntakal Jn,Vijayawada,158.04,81.57,12.44,0.154,26.2,3,3,33.93,0.251,11.71,135.46,81.65,0,0,136.34,2026-01-18 05:16
TR00001,12123,Mumbai - Pune Express,Mumbai CST,Pune Jn,Karjat,Lonavala,232.87,73.74,22.77,0.011,23.7,21,5,23.46,0.518,10.91,199.6,69.93,0,0,228.46,2026-03-26 00:48
TR00002,11010,Deccan Express,Mumbai CST,Pune Jn,Lonavala,Pune Jn,167.85,80.55,17.96,0.254,20.8,20,3,16.87,0.133,10.69,143.87,88.89,0,0,139.06,2026-03-24 22:19
TR00003,12010,Shatabdi Express,Mumbai Central,Ahmedabad Jn,Vapi,Surat,215.59,82.09,26.79,0.32,21.4,9,2,28.48,0.371,9.44,184.79,85.72,0,0,194.64,2026-02-11 12:14
TR00004,12951,Mumbai Rajdhani,Mumbai Central,New Delhi,Mumbai Central,Surat,202.95,114.33,34.58,0.189,27.2,16,6,21.7,0.431,7.16,173.95,108.02,1,0,151.89,2026-04-12 18:31
TR00005,12622,Tamil Nadu Express,New Delhi,Chennai Central,Nagpur,Vijayawada,228.4,82.99,30.99,0.373,18.0,21,3,35.34,0.21,1.0,195.77,75.44,0,0,196.85,2026-03-03 00:16
TR00006,12295,Sanghamitra Express,Bengaluru,Patna Jn,Guntakal Jn,Vijayawada,468.49,101.24,32.55,0.118,30.0,10,1,33.43,0.099,1.84,401.57,93.49,1,0,317.12,2026-01-13 15:17
TR00001,12123,Mumbai - Pune Express,Mumbai CST,Pune Jn,Kalyan,Karjat,553.12,71.25,19.77,0.01,23.6,8,4,2.21,0.449,17.23,474.1,69.02,0,0,528.92,2026-08-18 16:48
TR00002,11010,Deccan Express,Mumbai CST,Pune Jn,Kalyan,Lonavala,146.75,109.65,0.47,0.035,21.1,23,2,13.8,0.148,22.95,125.79,113.28,0,0,89.25,2026-04-15 00:29
TR00003,12010,Shatabdi Express,Mumbai Central,Ahmedabad Jn,Vapi,Surat,224.65,81.09,0.18,0.038,26.1,13,0,7.44,0.094,11.04,192.56,99.07,0,0,171.59,2026-08-15 15:51
TR00004,12951,Mumbai Rajdhani,Mumbai Central,New Delhi,Vadodara,Kota Jn,57.9,51.76,19.76,0.252,30.4,3,6,26.41,0.246,7.05,49.63,59.45,0,0,86.03,2026-02-02 04:26
TR00005,12622,Tamil Nadu Express,New Delhi,Chennai Central,Nagpur,Vijayawada,125.14,78.74,0.84,0.095,42.9,2,1,17.76,0.197,3.96,107.26,72.58,0,0,106.45,2026-06-12 03:46
TR00006,12295,Sanghamitra Express,Bengaluru,Patna Jn,Bengaluru,Guntakal Jn,326.17,80.97,21.96,0.243,26.2,6,2,23.7,0.345,10.0,279.58,72.49,0,0,287.82,2026-08-25 10:47
TR00001,12123,Mumbai - Pune Express,Mumbai CST,Pune Jn,Mumbai CST,Dadar,159.7,85.77,19.15,0.285,26.3,13,1,6.53,0.054,7.51,136.89,76.57,0,0,128.86,2026-01-04 15:08
TR00002,11010,Deccan Express,Mumbai CST,Pune Jn,Mumbai CST,Dadar,189.56,74.67,26.63,0.212,22.5,8,6,2.83,0.487,12.22,162.48,61.75,0,0,188.64,2026-06-14 11:08
TR00003,12010,Shatabdi Express,Mumbai Central,Ahmedabad Jn,Mumbai Central,Borivali,119.24,72.52,17.75,0.329,28.2,15,6,30.25,0.102,7.68,102.21,75.82,0,0,114.34,2026-03-15 16:54
TR00004,12951,Mumbai Rajdhani,Mumbai Central,New Delhi,Mumbai Central,Surat,85.77,75.93,31.24,0.218,34.1,13,4,9.25,0.491,33.1,73.51,78.55,0,0,96.31,2026-02-07 14:36
TR00005,12622,Tamil Nadu Express,New Delhi,Chennai Central,Nagpur,Vijayawada,199.35,51.96,21.54,0.181,23.2,2,3,19.97,0.243,22.9,170.87,54.48,0,0,265.96,2026-01-31 06:25
TR00006,12295,Sanghamitra Express,Bengaluru,Patna Jn,Bengaluru,Guntakal Jn,310.92,77.19,25.88,0.261,20.0,12,0,35.3,0.295,10.11,266.5,81.74,0,0,283.78,2026-07-22 16:43
TR00001,12123,Mumbai - Pune Express,Mumbai CST,Pune Jn,Mumbai CST,Dadar,366.71,61.69,6.0,0.496,20.2,0,5,3.3,0.093,5.36,314.32,65.8,0,0,403.16,2026-01-26 06:43
TR00002,11010,Deccan Express,Mumbai CST,Pune Jn,Dadar,Kalyan,137.39,102.85,30.18,0.083,27.7,9,1,63.16,0.271,6.51,117.76,98.82,0,0,107.85,2026-06-12 10:47
TR00003,12010,Shatabdi Express,Mumbai Central,Ahmedabad Jn,Vapi,Surat,249.14,110.71,55.54,0.255,19.0,5,0,73.42,0.081,24.78,213.55,106.65,1,0,183.39,2026-05-13 08:03
TR00004,12951,Mumbai Rajdhani,Mumbai Central,New Delhi,Vadodara,Kota Jn,148.41,93.35,23.07,0.046,36.4,21,0,17.58,0.097,14.35,127.21,95.61,0,1,128.59,2026-08-10 23:08
TR00005,12622,Tamil Nadu Express,New Delhi,Chennai Central,Nagpur,Vijayawada,479.63,29.7,26.34,0.046,36.5,5,2,21.21,0.322,0.55,411.11,24.9,0,0,1072.92,2026-03-25 22:52
TR00006,12295,Sanghamitra Express,Bengaluru,Patna Jn,Gaya Jn,Patna Jn,138.82,70.73,17.97,0.014,31.5,0,0,23.88,0.304,1.92,118.99,46.43,0,0,134.33,2026-03-27 02:14
TR00001,12123,Mumbai - Pune Express,Mumbai CST,Pune Jn,Mumbai CST,Dadar,384.11,81.19,20.64,0.064,25.8,8,2,2.15,0.124,0.75,329.24,77.23,1,0,321.13,2026-06-26 13:21
TR00002,11010,Deccan Express,Mumbai CST,Pune Jn,Mumbai CST,Dadar,274.91,88.14,10.53,0.319,27.8,9,3,13.98,0.072,1.85,235.64,82.49,0,0,207.51,2026-05-11 12:27
TR00003,12010,Shatabdi Express,Mumbai Central,Ahmedabad Jn,Vapi,Surat,196.05,65.77,17.63,0.336,21.6,8,0,26.66,0.107,1.46,168.04,74.57,0,0,206.11,2026-04-15 11:26
TR00004,12951,Mumbai Rajdhani,Mumbai Central,New Delhi,Surat,Vadodara,302.06,72.78,25.52,0.392,35.9,12,2,7.22,0.402,11.66,258.91,75.92,0,0,314.97,2026-05-20 17:14
TR00005,12622,Tamil Nadu Express,New Delhi,Chennai Central,New Delhi,Bhopal Jn,378.52,59.56,17.67,0.212,19.5,2,6,1.03,0.09,12.26,324.45,35.51,0,0,412.06,2026-01-20 08:52
TR00006,12295,Sanghamitra Express,Bengaluru,Patna Jn,Vijayawada,Gaya Jn,133.42,39.54,31.04,0.044,26.3,22,1,4.57,0.483,7.29,114.36,43.42,1,0,262.3,2026-08-25 02:22
TR00001,12123,Mumbai - Pune Express,Mumbai CST,Pune Jn,Dadar,Kalyan,401.68,67.04,23.97,0.118,18.5,20,0,21.81,0.274,6.62,344.29,60.72,0,0,406.4,2026-01-04 02:46
TR00002,11010,Deccan Express,Mumbai CST,Pune Jn,Lonavala,Pune Jn,212.74,65.38,23.16,0.238,27.6,5,1,9.01,0.174,11.9,182.34,67.07,0,1,280.73,2026-07-18 09:40
TR00003,12010,Shatabdi Express,Mumbai Central,Ahmedabad Jn,Vapi,Surat,118.73,99.01,6.59,0.14,34.6,7,2,9.05,0.332,2.38,101.77,101.07,0,0,85.65,2026-01-05 08:25
TR00004,12951,Mumbai Rajdhani,Mumbai Central,New Delhi,Vadodara,Kota Jn,252.55,60.19,34.03,0.46,26.4,5,5,7.04,0.69,28.34,216.47,61.0,0,0,346.2,2026-08-15 10:46
TR00005,12622,Tamil Nadu Express,New Delhi,Chennai Central,Vijayawada,Chennai Central,196.35,63.83,21.49,0.116,25.8,14,2,24.22,0.18,12.42,168.3,63.32,0,0,212.42,2026-05-12 17:32
TR00006,12295,Sanghamitra Express,Bengaluru,Patna Jn,Vijayawada,Gaya Jn,347.54,78.43,34.73,0.143,26.1,13,5,18.89,0.396,8.16,297.89,77.27,1,0,329.17,2026-04-29 18:29
TR00001,12123,Mumbai - Pune Express,Mumbai CST,Pune Jn,Dadar,Kalyan,125.79,69.24,11.35,0.012,40.5,1,5,13.22,0.399,6.22,107.82,56.59,0,0,128.81,2026-02-27 03:08
TR00002,11010,Deccan Express,Mumbai CST,Pune Jn,Lonavala,Pune Jn,240.85,101.32,21.46,0.275,29.9,15,1,8.71,0.161,5.29,206.44,97.32,0,0,164.02,2026-03-23 17:44
TR00003,12010,Shatabdi Express,Mumbai Central,Ahmedabad Jn,Vadodara,Ahmedabad Jn,136.54,63.66,24.48,0.224,19.9,14,2,21.55,0.071,9.61,117.04,61.27,0,1,190.51,2026-03-26 17:10
TR00004,12951,Mumbai Rajdhani,Mumbai Central,New Delhi,Surat,Vadodara,151.23,67.29,38.53,0.221,29.1,18,4,16.49,0.467,5.99,129.62,61.53,1,0,180.61,2026-05-27 21:00
TR00005,12622,Tamil Nadu Express,New Delhi,Chennai Central,Bhopal Jn,Nagpur,323.53,71.26,19.93,0.028,25.8,14,6,15.8,0.36,16.84,277.31,89.72,0,0,309.94,2026-08-20 19:09
TR00006,12295,Sanghamitra Express,Bengaluru,Patna Jn,Guntakal Jn,Vijayawada,100.03,55.57,19.05,0.044,31.2,13,6,3.09,0.17,11.07,85.74,51.89,0,0,125.09,2026-06-26 15:05
TR00001,12123,Mumbai - Pune Express,Mumbai CST,Pune Jn,Lonavala,Pune Jn,374.88,57.66,19.62,0.082,25.9,6,2,14.57,0.468,2.69,321.33,62.15,0,0,459.23,2026-03-21 13:39
TR00002,11010,Deccan Express,Mumbai CST,Pune Jn,Mumbai CST,Dadar,158.04,80.98,17.13,0.208,34.0,0,3,5.03,0.127,5.61,135.46,86.58,0,0,130.11,2026-02-08 02:10
TR00003,12010,Shatabdi Express,Mumbai Central,Ahmedabad Jn,Surat,Vadodara,147.78,51.88,25.34,0.279,46.4,17,2,21.35,0.213,21.68,126.67,46.45,0,0,198.37,2026-04-20 20:18
TR00004,12951,Mumbai Rajdhani,Mumbai Central,New Delhi,Kota Jn,New Delhi,219.85,60.01,19.43,0.226,13.4,13,6,16.38,0.482,7.4,188.44,60.52,0,0,272.83,2026-07-08 17:32
TR00005,12622,Tamil Nadu Express,New Delhi,Chennai Central,Bhopal Jn,Nagpur,63.73,89.35,44.3,0.16,29.6,13,3,5.79,0.674,14.19,54.62,83.88,1,0,88.78,2026-01-09 14:28
TR00006,12295,Sanghamitra Express,Bengaluru,Patna Jn,Gaya Jn,Patna Jn,216.48,40.35,10.69,0.102,38.5,2,5,9.03,0.444,3.77,185.56,41.06,0,0,373.11,2026-04-04 08:13
TR00001,12123,Mumbai - Pune Express,Mumbai CST,Pune Jn,Karjat,Lonavala,287.61,63.64,8.4,0.053,41.4,21,2,6.94,0.228,4.33,246.53,65.8,0,0,288.49,2026-08-02 01:48
TR00002,11010,Deccan Express,Mumbai CST,Pune Jn,Mumbai CST,Dadar,103.54,95.71,12.5,0.174,29.8,15,3,15.5,0.356,3.37,88.75,92.03,0,0,78.15,2026-07-26 16:18
TR00003,12010,Shatabdi Express,Mumbai Central,Ahmedabad Jn,Mumbai Central,Borivali,320.29,97.83,21.36,0.52,23.9,23,1,13.51,0.115,18.61,274.54,102.15,0,0,232.36,2026-05-18 02:52
TR00004,12951,Mumbai Rajdhani,Mumbai Central,New Delhi,Vadodara,Kota Jn,179.29,59.87,21.24,0.296,34.9,10,2,4.52,0.113,10.58,153.68,74.55,0,0,202.69,2026-06-22 13:22
TR00005,12622,Tamil Nadu Express,New Delhi,Chennai Central,Nagpur,Vijayawada,376.69,86.78,19.88,0.103,11.3,2,4,36.11,0.131,4.09,322.87,78.56,0,0,282.96,2026-05-08 06:42
TR00006,12295,Sanghamitra Express,Bengaluru,Patna Jn,Gaya Jn,Patna Jn,132.26,96.11,18.03,0.758,17.6,6,3,16.81,0.061,3.3,113.36,108.13,0,0,100.17,2026-05-11 07:40
TR00001,12123,Mumbai - Pune Express,Mumbai CST,Pune Jn,Lonavala,Pune Jn,290.33,70.9,21.97,0.014,21.8,15,5,24.37,0.497,37.03,248.85,70.21,0,0,288.29,2026-01-17 19:48
TR00002,11010,Deccan Express,Mumbai CST,Pune Jn,Dadar,Kalyan,143.9,96.35,24.76,0.129,33.7,1,3,14.38,0.425,25.85,123.34,92.54,0,0,113.78,2026-08-21 02:53
TR00003,12010,Shatabdi Express,Mumbai Central,Ahmedabad Jn,Mumbai Central,Borivali,133.87,33.38,22.21,0.367,26.4,23,2,2.66,0.553,6.5,114.74,20.0,0,1,413.3,2026-04-13 05:53
TR00004,12951,Mumbai Rajdhani,Mumbai Central,New Delhi,Kota Jn,New Delhi,200.24,29.11,28.69,0.232,29.8,12,0,22.15,0.431,3.66,171.63,30.26,0,0,491.96,2026-02-21 20:11
TR00005,12622,Tamil Nadu Express,New Delhi,Chennai Central,Bhopal Jn,Nagpur,130.73,60.16,24.39,0.064,20.2,13,0,27.47,0.23,8.34,112.05,68.1,0,0,152.94,2026-02-03 15:32
TR00006,12295,Sanghamitra Express,Bengaluru,Patna Jn,Bengaluru,Guntakal Jn,343.6,88.41,31.56,0.431,43.7,14,6,3.13,0.453,1.07,294.52,97.05,0,0,304.96,2026-08-20 19:04
TR00001,12123,Mumbai - Pune Express,Mumbai CST,Pune Jn,Karjat,Lonavala,170.26,127.46,16.13,0.256,46.0,14,2,17.5,0.158,6.9,145.94,126.57,0,0,93.42,2026-02-15 15:33
TR00002,11010,Deccan Express,Mumbai CST,Pune Jn,Mumbai CST,Dadar,250.9,73.6,20.92,0.134,25.3,15,5,48.67,0.284,10.81,215.06,71.45,0,0,231.79,2026-04-14 18:51
TR00003,12010,Shatabdi Express,Mumbai Central,Ahmedabad Jn,Borivali,Vapi,346.82,72.29,26.49,0.113,19.0,1,0,6.01,0.198,9.69,297.27,77.3,0,0,317.42,2026-03-04 06:17
TR00004,12951,Mumbai Rajdhani,Mumbai Central,New Delhi,Surat,Vadodara,595.64,76.85,23.87,0.252,29.8,14,6,11.46,0.214,9.69,510.55,69.09,0,0,519.17,2026-07-11 22:39
TR00005,12622,Tamil Nadu Express,New Delhi,Chennai Central,New Delhi,Bhopal Jn,165.31,54.31,20.22,0.2,24.3,5,6,1.21,0.31,5.53,141.69,66.28,0,0,214.19,2026-05-28 08:34
TR00006,12295,Sanghamitra Express,Bengaluru,Patna Jn,Bengaluru,Guntakal Jn,136.41,30.4,23.25,0.06,34.6,19,2,18.33,0.119,9.91,116.92,39.72,0,0,291.63,2026-06-06 23:51
TR00001,12123,Mumbai - Pune Express,Mumbai CST,Pune Jn,Karjat,Lonavala,316.52,31.83,40.91,0.554,23.9,2,2,2.36,0.595,14.73,271.31,41.94,1,0,802.07,2026-04-11 15:22
TR00002,11010,Deccan Express,Mumbai CST,Pune Jn,Kalyan,Lonavala,89.11,20.79,29.05,0.232,37.0,19,2,7.51,0.279,8.14,76.38,24.03,0,0,307.13,2026-03-23 00:07
TR00003,12010,Shatabdi Express,Mumbai Central,Ahmedabad Jn,Surat,Vadodara,228.35,87.8,15.12,0.096,37.4,20,6,5.39,0.624,5.12,195.73,101.16,0,0,193.1,2026-07-14 23:13
TR00004,12951,Mumbai Rajdhani,Mumbai Central,New Delhi,Vadodara,Kota Jn,434.2,94.16,1.72,0.214,39.7,16,2,3.7,0.186,3.09,372.17,89.18,0,0,296.46,2026-08-22 20:56
TR00005,12622,Tamil Nadu Express,New Delhi,Chennai Central,Nagpur,Vijayawada,137.34,55.98,27.11,0.315,25.2,14,0,8.89,0.347,9.38,117.72,56.53,0,0,181.21,2026-06-17 17:01
TR00006,12295,Sanghamitra Express,Bengaluru,Patna Jn,Guntakal Jn,Vijayawada,167.99,99.69,54.1,0.161,26.3,14,0,17.09,0.527,14.71,143.99,110.38,1,1,199.63,2026-03-05 17:19
TR00001,12123,Mumbai - Pune Express,Mumbai CST,Pune Jn,Kalyan,Karjat,206.77,105.74,28.49,0.27,31.2,23,1,9.69,0.565,11.33,177.23,110.37,0,0,153.9,2026-05-08 01:33
TR00002,11010,Deccan Express,Mumbai CST,Pune Jn,Dadar,Kalyan,107.74,73.93,22.54,0.076,23.5,17,1,9.3,0.423,7.0,92.35,82.23,0,0,111.14,2026-04-01 18:51
TR00003,12010,Shatabdi Express,Mumbai Central,Ahmedabad Jn,Vadodara,Ahmedabad Jn,191.96,88.23,34.07,0.086,25.5,14,4,24.83,0.564,12.9,164.53,105.59,0,1,221.44,2026-01-05 17:41
TR00004,12951,Mumbai Rajdhani,Mumbai Central,New Delhi,Kota Jn,New Delhi,279.13,106.31,26.7,0.094,26.2,4,1,21.73,0.194,12.31,239.25,97.27,0,0,179.66,2026-05-02 06:59
TR00005,12622,Tamil Nadu Express,New Delhi,Chennai Central,Nagpur,Vijayawada,282.74,53.57,37.11,0.301,19.3,10,2,48.65,0.192,4.19,242.35,53.46,0,0,368.29,2026-02-20 16:08
TR00006,12295,Sanghamitra Express,Bengaluru,Patna Jn,Bengaluru,Guntakal Jn,87.17,74.88,17.86,0.038,41.3,4,2,17.16,0.18,4.9,74.72,81.87,0,0,77.16,2026-07-21 05:17
TR00001,12123,Mumbai - Pune Express,Mumbai CST,Pune Jn,Karjat,Lonavala,385.26,56.84,28.25,0.146,29.6,9,3,22.5,0.392,14.96,330.22,65.59,0,0,474.7,2026-02-14 16:54
TR00002,11010,Deccan Express,Mumbai CST,Pune Jn,Dadar,Kalyan,137.75,73.27,23.53,0.088,44.1,4,4,40.63,0.098,6.65,118.07,88.58,0,0,127.81,2026-02-09 06:07
TR00003,12010,Shatabdi Express,Mumbai Central,Ahmedabad Jn,Borivali,Vapi,377.93,83.98,24.38,0.069,22.1,12,6,23.23,0.301,7.72,323.94,82.13,0,0,302.34,2026-03-29 17:02
TR00004,12951,Mumbai Rajdhani,Mumbai Central,New Delhi,Mumbai Central,Surat,159.53,79.09,21.59,0.226,46.5,4,2,18.13,0.111,4.31,136.74,69.43,1,0,146.31,2026-07-05 06:26
TR00005,12622,Tamil Nadu Express,New Delhi,Chennai Central,Vijayawada,Chennai Central,118.31,106.62,22.84,0.085,39.9,0,4,7.41,0.179,37.82,101.41,101.76,0,0,85.31,2026-02-25 01:25
TR00006,12295,Sanghamitra Express,Bengaluru,Patna Jn,Guntakal Jn,Vijayawada,178.01,92.96,19.63,0.139,35.4,4,6,22.68,0.282,1.56,152.58,108.82,0,0,135.33,2026-01-16 06:15
TR00001,12123,Mumbai - Pune Express,Mumbai CST,Pune Jn,Kalyan,Karjat,243.05,21.41,13.06,0.246,33.0,0,1,20.92,0.083,5.01,208.33,20.0,0,0,727.5,2026-04-09 12:07
TR00002,11010,Deccan Express,Mumbai CST,Pune Jn,Mumbai CST,Dadar,339.59,99.44,30.6,0.313,28.5,23,0,27.53,0.32,1.77,291.07,107.96,0,0,252.25,2026-04-10 03:12
TR00003,12010,Shatabdi Express,Mumbai Central,Ahmedabad Jn,Vapi,Surat,252.0,55.8,32.37,0.015,32.1,21,6,13.6,0.53,2.68,216.0,66.81,0,1,422.75,2026-08-03 04:02
TR00004,12951,Mumbai Rajdhani,Mumbai Central,New Delhi,Vadodara,Kota Jn,157.91,31.95,1.15,0.181,31.3,0,2,4.16,0.047,1.4,135.35,20.0,0,0,311.15,2026-04-11 05:11
TR00005,12622,Tamil Nadu Express,New Delhi,Chennai Central,Nagpur,Vijayawada,359.43,73.11,16.6,0.321,22.3,18,0,4.19,0.127,1.1,308.08,60.03,0,0,326.76,2026-08-24 23:26
TR00006,12295,Sanghamitra Express,Bengaluru,Patna Jn,Guntakal Jn,Vijayawada,316.15,46.59,21.06,0.21,30.9,22,4,15.14,0.265,17.11,270.98,40.95,0,0,460.86,2026-05-30 05:40
TR00001,12123,Mumbai - Pune Express,Mumbai CST,Pune Jn,Karjat,Lonavala,346.05,93.64,8.28,0.077,20.7,2,4,4.99,0.303,2.8,296.61,96.74,0,0,242.35,2026-06-26 06:02
TR00002,11010,Deccan Express,Mumbai CST,Pune Jn,Lonavala,Pune Jn,436.57,72.64,24.24,0.026,29.7,18,6,2.25,0.568,6.28,374.21,87.48,0,0,429.84,2026-03-08 01:09
TR00003,12010,Shatabdi Express,Mumbai Central,Ahmedabad Jn,Vapi,Surat,734.96,73.17,20.63,0.031,37.1,0,1,31.32,0.463,8.88,629.97,82.08,0,0,690.26,2026-08-15 11:30
TR00004,12951,Mumbai Rajdhani,Mumbai Central,New Delhi,Kota Jn,New Delhi,427.63,70.24,25.44,0.449,28.3,10,5,7.97,0.169,5.64,366.54,73.19,0,0,417.24,2026-02-26 16:57
TR00005,12622,Tamil Nadu Express,New Delhi,Chennai Central,Bhopal Jn,Nagpur,295.6,89.89,33.5,0.269,17.3,16,5,5.52,0.27,13.8,253.37,98.77,1,0,252.43,2026-06-16 20:12
TR00006,12295,Sanghamitra Express,Bengaluru,Patna Jn,Vijayawada,Gaya Jn,216.94,112.59,34.97,0.689,27.7,19,4,35.47,0.143,3.8,185.95,102.13,0,1,186.81,2026-04-17 22:06
TR00001,12123,Mumbai - Pune Express,Mumbai CST,Pune Jn,Karjat,Lonavala,76.87,63.12,26.53,0.092,22.8,1,3,35.5,0.519,9.94,65.89,49.0,0,0,97.99,2026-04-30 02:37
TR00002,11010,Deccan Express,Mumbai CST,Pune Jn,Kalyan,Lonavala,245.76,72.84,28.25,0.199,29.4,1,2,14.4,0.393,29.17,210.65,61.66,0,0,249.91,2026-02-18 05:09
TR00003,12010,Shatabdi Express,Mumbai Central,Ahmedabad Jn,Borivali,Vapi,259.38,52.01,26.74,0.204,29.1,12,3,38.53,0.205,9.1,222.33,60.33,0,0,340.32,2026-01-29 17:40
TR00004,12951,Mumbai Rajdhani,Mumbai Central,New Delhi,Kota Jn,New Delhi,105.97,62.99,32.22,0.348,42.3,21,3,6.67,0.456,15.05,90.83,53.49,1,0,153.0,2026-08-09 23:33
TR00005,12622,Tamil Nadu Express,New Delhi,Chennai Central,Bhopal Jn,Nagpur,153.47,72.75,36.72,0.251,34.4,8,4,8.74,0.41,8.37,131.55,79.49,0,1,209.45,2026-02-25 11:29
TR00006,12295,Sanghamitra Express,Bengaluru,Patna Jn,Guntakal Jn,Vijayawada,530.54,71.39,27.7,0.038,34.7,4,0,16.1,0.214,13.69,454.75,64.46,0,1,617.39,2026-07-24 14:17
TR00001,12123,Mumbai - Pune Express,Mumbai CST,Pune Jn,Dadar,Kalyan,312.74,83.23,6.25,0.327,27.1,6,4,9.12,0.061,0.24,268.06,60.24,0,0,239.27,2026-08-18 09:59
TR00002,11010,Deccan Express,Mumbai CST,Pune Jn,Mumbai CST,Dadar,156.08,82.05,3.88,0.053,25.2,22,5,7.89,0.417,3.23,133.78,75.31,0,0,138.93,2026-08-16 00:18
TR00003,12010,Shatabdi Express,Mumbai Central,Ahmedabad Jn,Borivali,Vapi,296.98,45.04,14.98,0.246,24.0,19,0,8.05,0.276,11.33,254.55,39.68,0,0,452.04,2026-08-17 02:32
TR00004,12951,Mumbai Rajdhani,Mumbai Central,New Delhi,Mumbai Central,Surat,149.86,79.6,15.61,0.373,10.8,9,5,2.03,0.062,5.15,128.45,78.52,0,0,130.53,2026-05-23 11:10
TR00005,12622,Tamil Nadu Express,New Delhi,Chennai Central,New Delhi,Bhopal Jn,76.16,85.37,10.31,0.23,25.1,7,3,14.82,0.105,14.14,65.28,80.49,0,0,66.36,2026-08-22 08:06
TR00006,12295,Sanghamitra Express,Bengaluru,Patna Jn,Bengaluru,Guntakal Jn,170.83,82.39,29.2,0.168,18.9,10,5,23.04,0.321,12.07,146.42,82.2,0,1,185.95,2026-06-04 13:05
TR00001,12123,Mumbai - Pune Express,Mumbai CST,Pune Jn,Kalyan,Karjat,500.69,70.69,1.74,0.014,42.3,19,6,7.62,0.254,4.36,429.17,71.02,0,0,451.24,2026-07-11 02:31
TR00002,11010,Deccan Express,Mumbai CST,Pune Jn,Mumbai CST,Dadar,126.45,27.4,15.81,0.253,30.9,14,2,1.04,0.252,1.62,108.39,20.0,0,0,313.11,2026-08-05 19:13
TR00003,12010,Shatabdi Express,Mumbai Central,Ahmedabad Jn,Mumbai Central,Borivali,179.29,89.3,23.28,0.025,22.5,20,0,31.89,0.363,2.96,153.68,92.76,0,0,140.4,2026-07-04 22:20
TR00004,12951,Mumbai Rajdhani,Mumbai Central,New Delhi,Kota Jn,New Delhi,460.77,87.22,17.73,0.346,26.3,22,0,2.39,0.344,12.21,394.94,88.06,0,0,381.07,2026-02-24 04:21
TR00005,12622,Tamil Nadu Express,New Delhi,Chennai Central,Bhopal Jn,Nagpur,624.62,101.05,16.28,0.413,31.5,16,4,15.36,0.546,2.6,535.39,90.79,0,0,471.4,2026-01-26 23:51
TR00006,12295,Sanghamitra Express,Bengaluru,Patna Jn,Guntakal Jn,Vijayawada,311.44,80.26,15.0,0.126,12.1,14,2,6.16,0.398,21.66,266.95,67.85,0,0,270.89,2026-01-11 18:30
TR00001,12123,Mumbai - Pune Express,Mumbai CST,Pune Jn,Mumbai CST,Dadar,323.44,77.97,16.56,0.128,19.0,1,5,10.7,0.327,3.86,277.23,82.96,0,0,290.87,2026-04-21 05:50
TR00002,11010,Deccan Express,Mumbai CST,Pune Jn,Dadar,Kalyan,92.62,75.51,25.88,0.353,28.3,3,0,7.69,0.245,4.55,79.39,79.33,0,0,90.94,2026-06-23 04:30
TR00003,12010,Shatabdi Express,Mumbai Central,Ahmedabad Jn,Mumbai Central,Borivali,163.36,80.71,11.48,0.115,22.3,14,3,14.44,0.185,8.3,140.02,75.62,0,0,129.76,2026-03-23 16:09
TR00004,12951,Mumbai Rajdhani,Mumbai Central,New Delhi,Surat,Vadodara,253.41,83.59,38.05,0.103,21.3,17,5,27.18,0.259,34.21,217.21,68.7,0,1,268.64,2026-04-21 21:28
TR00005,12622,Tamil Nadu Express,New Delhi,Chennai Central,New Delhi,Bhopal Jn,114.41,84.76,34.74,0.079,22.9,12,3,20.38,0.306,15.3,98.07,82.85,0,1,128.54,2026-01-03 14:08
TR00006,12295,Sanghamitra Express,Bengaluru,Patna Jn,Gaya Jn,Patna Jn,150.17,81.44,6.44,0.166,29.5,8,5,4.07,0.293,17.68,128.71,74.63,0,0,121.91,2026-03-04 10:01
TR00001,12123,Mumbai - Pune Express,Mumbai CST,Pune Jn,Lonavala,Pune Jn,193.74,86.31,37.73,0.374,31.3,18,6,20.0,0.292,3.12,166.06,81.33,1,0,183.5,2026-01-04 21:03
TR00002,11010,Deccan Express,Mumbai CST,Pune Jn,Mumbai CST,Dadar,148.76,81.45,17.74,0.146,28.9,12,2,5.64,0.287,3.25,127.51,62.5,0,0,130.73,2026-02-02 14:10
TR00003,12010,Shatabdi Express,Mumbai Central,Ahmedabad Jn,Surat,Vadodara,167.92,98.03,32.9,0.062,32.4,0,4,12.58,0.2,2.38,143.93,96.7,1,0,139.21,2026-05-28 02:19
TR00004,12951,Mumbai Rajdhani,Mumbai Central,New Delhi,Vadodara,Kota Jn,214.17,79.75,20.03,0.402,23.7,3,1,8.94,0.027,5.17,183.58,73.05,0,0,178.7,2026-05-09 05:58
TR00005,12622,Tamil Nadu Express,New Delhi,Chennai Central,New Delhi,Bhopal Jn,207.71,87.35,31.06,0.44,22.9,4,0,19.18,0.062,3.54,178.03,81.34,0,1,213.93,2026-07-26 07:33
TR00006,12295,Sanghamitra Express,Bengaluru,Patna Jn,Gaya Jn,Patna Jn,246.64,75.24,10.14,0.238,25.4,4,5,5.63,0.235,2.74,211.41,72.93,0,0,221.48,2026-02-27 07:41
TR00001,12123,Mumbai - Pune Express,Mumbai CST,Pune Jn,Lonavala,Pune Jn,97.17,61.37,15.92,0.434,24.3,13,5,23.98,0.228,9.4,83.29,77.29,0,0,117.35,2026-03-26 14:57
TR00002,11010,Deccan Express,Mumbai CST,Pune Jn,Dadar,Kalyan,106.57,83.94,0.65,0.183,29.8,2,2,7.21,0.27,9.26,91.34,88.26,0,0,83.39,2026-05-11 03:23
TR00003,12010,Shatabdi Express,Mumbai Central,Ahmedabad Jn,Vadodara,Ahmedabad Jn,61.04,74.27,20.02,0.223,30.7,13,1,2.85,0.263,4.2,52.32,71.93,0,1,79.48,2026-07-02 14:19
TR00004,12951,Mumbai Rajdhani,Mumbai Central,New Delhi,Surat,Vadodara,284.89,69.43,13.4,0.117,23.8,4,5,14.76,0.329,1.17,244.19,54.47,0,0,285.4,2026-01-17 08:45
TR00005,12622,Tamil Nadu Express,New Delhi,Chennai Central,Vijayawada,Chennai Central,133.42,103.1,21.4,0.039,34.4,21,0,13.06,0.296,29.72,114.36,101.49,0,0,93.31,2026-06-28 22:33
TR00006,12295,Sanghamitra Express,Bengaluru,Patna Jn,Bengaluru,Guntakal Jn,186.48,69.73,19.1,0.325,29.5,19,4,9.35,0.066,5.02,159.84,91.6,0,1,227.02,2026-08-02 22:47
TR00001,12123,Mumbai - Pune Express,Mumbai CST,Pune Jn,Mumbai CST,Dadar,261.8,70.08,23.01,0.381,26.1,6,3,39.71,0.126,1.63,224.4,60.83,0,0,260.2,2026-02-05 10:20
TR00002,11010,Deccan Express,Mumbai CST,Pune Jn,Kalyan,Lonavala,251.91,115.8,17.36,0.087,34.3,6,0,12.18,0.165,0.59,215.93,128.29,0,0,154.31,2026-03-10 08:34
TR00003,12010,Shatabdi Express,Mumbai Central,Ahmedabad Jn,Mumbai Central,Borivali,258.1,64.44,25.43,0.092,35.0,17,5,13.01,0.568,15.61,221.23,52.75,0,0,301.38,2026-08-06 22:01
TR00004,12951,Mumbai Rajdhani,Mumbai Central,New Delhi,Kota Jn,New Delhi,267.53,111.36,22.71,0.053,10.9,10,6,28.57,0.395,8.52,229.31,109.84,0,0,169.45,2026-01-17 12:49
TR00005,12622,Tamil Nadu Express,New Delhi,Chennai Central,Bhopal Jn,Nagpur,259.85,43.84,30.16,0.332,30.9,15,3,20.41,0.422,11.96,222.73,48.66,0,0,439.86,2026-07-06 22:19
TR00006,12295,Sanghamitra Express,Bengaluru,Patna Jn,Gaya Jn,Patna Jn,222.1,98.52,21.32,0.383,42.9,12,4,38.24,0.167,3.14,190.37,93.99,0,0,159.95,2026-07-20 14:39
TR00001,12123,Mumbai - Pune Express,Mumbai CST,Pune Jn,Kalyan,Karjat,110.36,61.89,3.63,0.035,35.3,2,5,17.36,0.296,14.15,94.6,57.77,0,0,124.66,2026-05-17 04:04
TR00002,11010,Deccan Express,Mumbai CST,Pune Jn,Mumbai CST,Dadar,224.52,94.8,13.19,0.024,31.2,9,5,10.68,0.676,5.93,192.45,78.42,0,0,182.95,2026-06-18 12:02
TR00003,12010,Shatabdi Express,Mumbai Central,Ahmedabad Jn,Borivali,Vapi,360.94,114.49,33.99,0.56,21.4,20,0,36.5,0.257,9.76,309.37,114.38,0,1,309.86,2026-01-28 01:09
TR00004,12951,Mumbai Rajdhani,Mumbai Central,New Delhi,Vadodara,Kota Jn,190.51,88.96,31.09,0.144,15.7,10,6,11.58,0.431,4.92,163.3,83.53,1,0,176.77,2026-06-04 12:56
TR00005,12622,Tamil Nadu Express,New Delhi,Chennai Central,Vijayawada,Chennai Central,203.21,45.19,21.4,0.032,22.8,21,4,17.14,0.658,2.46,174.18,32.86,0,0,337.95,2026-06-27 02:37
TR00006,12295,Sanghamitra Express,Bengaluru,Patna Jn,Bengaluru,Guntakal Jn,149.12,59.53,22.5,0.155,29.5,6,0,27.94,0.074,10.9,127.82,68.56,0,1,208.19,2026-03-26 09:28
TR00001,12123,Mumbai - Pune Express,Mumbai CST,Pune Jn,Lonavala,Pune Jn,99.56,50.79,4.14,0.364,25.8,19,2,5.62,0.089,1.75,85.33,52.78,0,0,129.59,2026-03-30 21:09
TR00002,11010,Deccan Express,Mumbai CST,Pune Jn,Mumbai CST,Dadar,254.15,66.33,29.19,0.194,22.7,5,6,19.41,0.213,5.36,217.84,68.45,0,0,268.93,2026-01-06 09:28
TR00003,12010,Shatabdi Express,Mumbai Central,Ahmedabad Jn,Vapi,Surat,175.85,89.34,24.75,0.232,17.8,15,4,13.56,0.218,7.44,150.73,87.9,0,0,144.15,2026-03-03 17:24
TR00004,12951,Mumbai Rajdhani,Mumbai Central,New Delhi,Vadodara,Kota Jn,191.95,60.4,18.36,0.025,41.7,23,0,32.41,0.379,10.42,164.53,52.07,0,0,218.48,2026-04-04 02:38
TR00005,12622,Tamil Nadu Express,New Delhi,Chennai Central,Nagpur,Vijayawada,204.35,70.08,34.44,0.609,36.6,22,4,9.27,0.212,7.51,175.15,60.93,0,1,284.35,2026-06-17 02:44
TR00006,12295,Sanghamitra Express,Bengaluru,Patna Jn,Bengaluru,Guntakal Jn,133.53,93.31,26.94,0.09,36.1,12,6,5.81,0.11,1.54,114.45,97.34,0,1,123.14,2026-03-29 14:03
TR00001,12123,Mumbai - Pune Express,Mumbai CST,Pune Jn,Kalyan,Karjat,378.58,56.9,16.44,0.037,40.9,7,5,2.88,0.17,6.17,324.5,48.56,0,0,421.4,2026-08-02 14:01
TR00002,11010,Deccan Express,Mumbai CST,Pune Jn,Kalyan,Lonavala,208.2,74.78,11.06,0.218,20.4,0,1,18.05,0.15,26.96,178.45,73.54,0,0,190.13,2026-08-25 03:10
TR00003,12010,Shatabdi Express,Mumbai Central,Ahmedabad Jn,Borivali,Vapi,416.86,59.51,13.34,0.094,20.2,20,1,7.44,0.142,3.84,357.31,59.94,1,0,466.5,2026-06-07 03:46
TR00004,12951,Mumbai Rajdhani,Mumbai Central,New Delhi,Kota Jn,New Delhi,121.7,54.36,1.37,0.187,25.6,2,2,10.2,0.175,1.47,104.31,53.93,0,0,139.75,2026-02-03 04:19
TR00005,12622,Tamil Nadu Express,New Delhi,Chennai Central,Bhopal Jn,Nagpur,181.72,63.76,25.7,0.028,22.9,8,3,8.98,0.219,2.67,155.76,77.45,0,1,245.84,2026-07-05 12:05
TR00006,12295,Sanghamitra Express,Bengaluru,Patna Jn,Bengaluru,Guntakal Jn,144.85,72.21,2.52,0.037,34.6,22,6,1.31,0.045,10.39,124.16,60.36,0,0,115.95,2026-04-27 23:55
TR00001,12123,Mumbai - Pune Express,Mumbai CST,Pune Jn,Karjat,Lonavala,389.82,64.3,23.33,0.141,25.5,21,6,13.22,0.243,3.1,334.14,58.56,0,0,409.9,2026-02-08 03:49
TR00002,11010,Deccan Express,Mumbai CST,Pune Jn,Kalyan,Lonavala,341.08,53.73,29.77,0.2,31.1,17,0,9.88,0.173,25.95,292.36,59.57,0,1,546.53,2026-05-17 02:06
TR00003,12010,Shatabdi Express,Mumbai Central,Ahmedabad Jn,Vapi,Surat,380.3,59.89,23.03,0.441,28.5,12,0,4.75,0.502,14.54,325.97,62.7,0,0,483.43,2026-04-09 20:03
TR00004,12951,Mumbai Rajdhani,Mumbai Central,New Delhi,Vadodara,Kota Jn,299.9,93.67,32.81,0.107,37.8,1,3,10.97,0.278,2.0,257.06,80.13,0,1,284.24,2026-05-06 05:44
TR00005,12622,Tamil Nadu Express,New Delhi,Chennai Central,Nagpur,Vijayawada,299.76,78.26,35.19,0.624,26.6,19,3,14.02,0.291,2.12,256.94,67.47,0,1,378.64,2026-04-21 01:18
TR00006,12295,Sanghamitra Express,Bengaluru,Patna Jn,Gaya Jn,Patna Jn,204.33,43.01,24.29,0.249,37.1,4,4,20.45,0.25,8.29,175.14,43.4,0,0,327.56,2026-05-08 09:27
TR00001,12123,Mumbai - Pune Express,Mumbai CST,Pune Jn,Mumbai CST,Dadar,185.47,103.0,35.22,0.097,31.3,8,4,4.57,0.153,25.63,158.97,97.22,1,0,144.84,2026-07-08 10:24
TR00002,11010,Deccan Express,Mumbai CST,Pune Jn,Dadar,Kalyan,248.04,113.14,11.44,0.458,28.3,13,0,13.01,0.045,4.83,212.6,118.0,0,0,153.51,2026-08-15 15:33
TR00003,12010,Shatabdi Express,Mumbai Central,Ahmedabad Jn,Vapi,Surat,307.33,71.07,30.53,0.233,36.6,19,6,22.11,0.465,11.03,263.42,71.32,0,0,314.77,2026-05-13 00:14
TR00004,12951,Mumbai Rajdhani,Mumbai Central,New Delhi,Kota Jn,New Delhi,283.71,45.86,30.94,0.005,16.8,18,5,28.53,0.242,9.79,243.18,47.43,0,1,519.94,2026-04-24 02:39
TR00005,12622,Tamil Nadu Express,New Delhi,Chennai Central,Vijayawada,Chennai Central,27.4,62.95,17.96,0.289,32.9,14,6,2.2,0.135,5.14,23.49,59.91,0,0,28.76,2026-07-15 14:28
TR00006,12295,Sanghamitra Express,Bengaluru,Patna Jn,Guntakal Jn,Vijayawada,206.06,49.59,9.04,0.165,31.8,13,6,8.78,0.221,3.65,176.62,41.63,0,0,272.85,2026-06-11 17:32
TR00001,12123,Mumbai - Pune Express,Mumbai CST,Pune Jn,Lonavala,Pune Jn,368.88,82.16,11.43,0.023,36.5,4,0,0.66,0.274,2.76,316.18,73.89,0,0,303.73,2026-02-19 09:03
TR00002,11010,Deccan Express,Mumbai CST,Pune Jn,Dadar,Kalyan,133.32,98.43,29.51,0.384,33.2,5,1,21.45,0.481,1.26,114.28,86.78,0,0,120.79,2026-01-14 07:00
TR00003,12010,Shatabdi Express,Mumbai Central,Ahmedabad Jn,Borivali,Vapi,412.53,72.96,29.91,0.089,28.7,6,3,26.82,0.399,6.66,353.59,76.93,0,1,499.42,2026-06-26 14:19
TR00004,12951,Mumbai Rajdhani,Mumbai Central,New Delhi,Surat,Vadodara,182.64,78.42,6.05,0.043,32.0,14,1,13.47,0.452,1.7,156.55,83.83,0,0,163.59,2026-08-20 16:43
TR00005,12622,Tamil Nadu Express,New Delhi,Chennai Central,Nagpur,Vijayawada,51.0,118.2,24.63,0.151,32.2,10,5,5.33,0.464,2.31,43.72,117.22,0,1,52.25,2026-02-12 10:52
TR00006,12295,Sanghamitra Express,Bengaluru,Patna Jn,Gaya Jn,Patna Jn,196.07,35.79,26.92,0.076,34.6,23,0,32.56,0.391,14.45,168.06,21.92,0,1,487.35,2026-06-18 07:07
TR00001,12123,Mumbai - Pune Express,Mumbai CST,Pune Jn,Kalyan,Karjat,163.72,61.52,32.45,0.3,32.3,23,0,8.45,0.297,2.23,140.33,53.4,0,1,254.88,2026-06-29 03:14
TR00002,11010,Deccan Express,Mumbai CST,Pune Jn,Mumbai CST,Dadar,331.04,61.3,24.68,0.053,33.9,23,1,12.18,0.198,3.41,283.75,53.39,1,0,365.44,2026-05-18 05:05
TR00003,12010,Shatabdi Express,Mumbai Central,Ahmedabad Jn,Vapi,Surat,47.58,67.66,16.71,0.2,9.2,21,6,15.3,0.303,8.96,40.78,66.86,0,0,55.82,2026-08-06 21:55
TR00004,12951,Mumbai Rajdhani,Mumbai Central,New Delhi,Vadodara,Kota Jn,458.7,122.86,10.3,0.336,24.8,1,1,9.54,0.067,1.62,393.17,120.03,0,0,244.57,2026-03-12 05:04
TR00005,12622,Tamil Nadu Express,New Delhi,Chennai Central,Vijayawada,Chennai Central,257.67,71.31,12.81,0.335,32.7,4,1,9.98,0.236,13.9,220.86,68.37,0,0,254.77,2026-07-15 08:14
TR00006,12295,Sanghamitra Express,Bengaluru,Patna Jn,Bengaluru,Guntakal Jn,66.56,81.78,10.06,0.029,25.4,21,3,6.04,0.365,13.5,57.05,84.96,0,0,61.02,2026-06-24 22:01
TR00001,12123,Mumbai - Pune Express,Mumbai CST,Pune Jn,Kalyan,Karjat,396.69,69.73,17.42,0.087,23.8,0,5,11.56,0.385,17.99,340.02,71.07,0,0,386.04,2026-02-06 06:26
TR00002,11010,Deccan Express,Mumbai CST,Pune Jn,Lonavala,Pune Jn,116.16,96.26,26.38,0.007,10.8,18,3,10.08,0.433,27.85,99.56,96.3,0,0,90.01,2026-06-26 19:30
TR00003,12010,Shatabdi Express,Mumbai Central,Ahmedabad Jn,Mumbai Central,Borivali,203.87,90.7,23.45,0.217,29.7,22,0,6.78,0.528,5.41,174.74,83.23,0,0,172.54,2026-07-14 00:52
TR00004,12951,Mumbai Rajdhani,Mumbai Central,New Delhi,Kota Jn,New Delhi,92.84,91.78,16.45,0.066,24.3,16,0,8.52,0.235,14.77,79.57,96.49,0,0,82.14,2026-03-20 17:22
TR00005,12622,Tamil Nadu Express,New Delhi,Chennai Central,Nagpur,Vijayawada,43.74,75.27,13.52,0.0,20.6,13,4,15.32,0.138,4.12,37.5,77.37,0,0,48.56,2026-07-26 13:48
TR00006,12295,Sanghamitra Express,Bengaluru,Patna Jn,Bengaluru,Guntakal Jn,285.09,94.59,7.85,0.157,34.7,4,1,14.15,0.485,15.38,244.36,105.76,0,0,217.16,2026-03-12 07:37
TR00001,12123,Mumbai - Pune Express,Mumbai CST,Pune Jn,Karjat,Lonavala,72.73,51.4,32.78,0.181,36.3,12,4,39.91,0.199,7.97,62.34,65.73,0,0,110.84,2026-01-11 13:50
TR00002,11010,Deccan Express,Mumbai CST,Pune Jn,Mumbai CST,Dadar,208.35,61.67,19.47,0.057,23.1,22,1,20.17,0.081,14.35,178.58,76.78,1,0,231.11,2026-02-14 01:51
TR00003,12010,Shatabdi Express,Mumbai Central,Ahmedabad Jn,Vadodara,Ahmedabad Jn,117.5,67.76,23.02,0.188,26.7,15,4,46.09,0.145,28.16,100.72,43.73,0,0,118.53,2026-06-26 16:58
TR00004,12951,Mumbai Rajdhani,Mumbai Central,New Delhi,Surat,Vadodara,149.66,68.27,36.69,0.4,41.8,13,5,13.52,0.473,35.27,128.28,62.38,0,0,176.03,2026-06-18 15:56
TR00005,12622,Tamil Nadu Express,New Delhi,Chennai Central,New Delhi,Bhopal Jn,677.4,56.53,15.13,0.077,30.2,1,3,15.01,0.525,8.25,580.63,63.36,0,0,842.55,2026-06-17 15:02
TR00006,12295,Sanghamitra Express,Bengaluru,Patna Jn,Bengaluru,Guntakal Jn,121.63,87.57,17.63,0.166,32.7,5,4,3.24,0.125,36.14,104.26,88.23,0,0,94.59,2026-02-28 06:34
TR00001,12123,Mumbai - Pune Express,Mumbai CST,Pune Jn,Karjat,Lonavala,288.95,60.96,19.5,0.159,33.7,12,3,14.69,0.342,7.68,247.67,60.73,0,0,331.75,2026-07-30 17:31
TR00002,11010,Deccan Express,Mumbai CST,Pune Jn,Dadar,Kalyan,371.47,50.54,31.05,0.411,34.8,6,6,16.77,0.21,14.6,318.4,59.48,1,0,526.22,2026-01-24 14:46
TR00003,12010,Shatabdi Express,Mumbai Central,Ahmedabad Jn,Vadodara,Ahmedabad Jn,213.92,73.71,32.83,0.138,26.7,3,1,25.54,0.581,4.49,183.36,83.28,0,0,223.19,2026-01-05 06:43
TR00004,12951,Mumbai Rajdhani,Mumbai Central,New Delhi,Mumbai Central,Surat,298.55,50.93,26.89,0.316,20.5,22,6,12.59,0.231,3.63,255.9,61.86,1,0,416.18,2026-07-02 04:56
TR00005,12622,Tamil Nadu Express,New Delhi,Chennai Central,Nagpur,Vijayawada,262.93,63.04,11.01,0.147,27.1,23,1,10.85,0.195,10.53,225.37,50.33,0,0,285.36,2026-06-12 03:45
TR00006,12295,Sanghamitra Express,Bengaluru,Patna Jn,Gaya Jn,Patna Jn,284.19,102.35,0.0,0.063,31.5,10,2,11.99,0.197,1.77,243.59,108.84,0,0,182.98,2026-06-14 13:02
TR00001,12123,Mumbai - Pune Express,Mumbai CST,Pune Jn,Mumbai CST,Dadar,165.24,72.89,29.7,0.288,36.8,21,3,26.81,0.104,3.89,141.64,59.33,0,1,197.47,2026-03-13 00:17
TR00002,11010,Deccan Express,Mumbai CST,Pune Jn,Kalyan,Lonavala,117.78,111.68,27.44,0.241,24.7,0,5,7.67,0.657,8.75,100.95,103.13,0,0,102.37,2026-05-12 01:42
TR00003,12010,Shatabdi Express,Mumbai Central,Ahmedabad Jn,Mumbai Central,Borivali,113.98,109.84,28.21,0.373,18.6,11,1,0.83,0.073,2.1,97.69,116.08,1,0,91.35,2026-01-19 12:31
TR00004,12951,Mumbai Rajdhani,Mumbai Central,New Delhi,Surat,Vadodara,306.49,111.52,8.97,0.47,35.4,3,4,10.31,0.02,6.64,262.71,116.65,0,0,182.08,2026-01-17 06:02
TR00005,12622,Tamil Nadu Express,New Delhi,Chennai Central,New Delhi,Bhopal Jn,238.79,44.19,6.69,0.114,20.1,19,0,11.39,0.049,1.55,204.68,32.05,0,0,344.79,2026-01-24 00:44
TR00006,12295,Sanghamitra Express,Bengaluru,Patna Jn,Vijayawada,Gaya Jn,109.81,99.79,28.35,0.194,34.1,19,0,45.06,0.404,2.48,94.12,109.18,0,0,86.83,2026-07-05 20:26
TR00001,12123,Mumbai - Pune Express,Mumbai CST,Pune Jn,Mumbai CST,Dadar,203.72,67.09,23.88,0.122,36.2,10,5,10.13,0.321,8.8,174.62,62.19,0,0,212.26,2026-08-21 13:32
TR00002,11010,Deccan Express,Mumbai CST,Pune Jn,Mumbai CST,Dadar,147.97,107.21,18.7,0.338,26.0,1,0,18.47,0.476,0.53,126.83,98.46,0,0,102.11,2026-01-14 02:42
TR00003,12010,Shatabdi Express,Mumbai Central,Ahmedabad Jn,Surat,Vadodara,196.68,61.12,14.37,0.154,19.8,18,2,7.77,0.096,17.59,168.58,54.79,0,0,210.9,2026-04-07 21:30
TR00004,12951,Mumbai Rajdhani,Mumbai Central,New Delhi,Mumbai Central,Surat,513.79,78.82,29.55,0.121,25.3,4,4,2.74,0.316,6.4,440.39,84.38,1,0,462.42,2026-01-14 11:42
TR00005,12622,Tamil Nadu Express,New Delhi,Chennai Central,Vijayawada,Chennai Central,420.54,62.46,14.44,0.028,22.4,18,0,10.14,0.319,3.24,360.46,60.64,0,0,449.01,2026-08-17 01:29
TR00006,12295,Sanghamitra Express,Bengaluru,Patna Jn,Guntakal Jn,Vijayawada,333.83,80.42,21.73,0.122,44.2,2,3,29.98,0.286,7.95,286.14,80.21,0,0,286.64,2026-05-03 06:46
TR00001,12123,Mumbai - Pune Express,Mumbai CST,Pune Jn,Mumbai CST,Dadar,199.11,80.43,16.58,0.316,23.4,22,0,7.81,0.099,12.02,170.67,82.57,0,0,170.08,2026-06-01 00:50
TR00002,11010,Deccan Express,Mumbai CST,Pune Jn,Kalyan,Lonavala,159.48,65.28,4.76,0.092,25.8,18,1,10.17,0.346,0.86,136.7,63.91,0,0,163.63,2026-06-08 20:43
TR00003,12010,Shatabdi Express,Mumbai Central,Ahmedabad Jn,Vadodara,Ahmedabad Jn,256.93,61.98,8.7,0.133,42.9,14,3,7.86,0.106,14.89,220.23,64.77,0,0,259.92,2026-02-02 18:19
TR00004,12951,Mumbai Rajdhani,Mumbai Central,New Delhi,Surat,Vadodara,143.73,77.44,9.59,0.104,24.9,12,3,23.47,0.176,1.8,123.19,82.81,0,0,122.42,2026-01-14 14:02
TR00005,12622,Tamil Nadu Express,New Delhi,Chennai Central,New Delhi,Bhopal Jn,331.8,39.37,20.59,0.602,21.2,0,5,15.89,0.02,2.29,284.4,41.66,0,0,569.37,2026-06-17 09:29
TR00006,12295,Sanghamitra Express,Bengaluru,Patna Jn,Gaya Jn,Patna Jn,241.98,63.7,17.47,0.054,29.8,12,3,16.54,0.183,4.02,207.41,63.66,0,0,244.31,2026-05-07 16:04
TR00001,12123,Mumbai - Pune Express,Mumbai CST,Pune Jn,Kalyan,Karjat,400.87,81.5,13.39,0.02,18.2,11,3,19.27,0.29,3.06,343.6,63.52,0,0,323.52,2026-06-02 16:23
TR00002,11010,Deccan Express,Mumbai CST,Pune Jn,Mumbai CST,Dadar,410.49,68.56,18.17,0.172,23.3,14,1,25.34,0.067,6.88,351.85,65.59,0,0,379.08,2026-08-22 20:19
TR00003,12010,Shatabdi Express,Mumbai Central,Ahmedabad Jn,Borivali,Vapi,371.62,89.11,14.39,0.322,26.4,4,2,8.74,0.397,4.2,318.53,91.93,0,0,298.4,2026-01-11 08:58
TR00004,12951,Mumbai Rajdhani,Mumbai Central,New Delhi,Vadodara,Kota Jn,164.12,72.69,31.12,0.334,32.0,20,1,11.56,0.253,5.09,140.67,69.42,0,1,213.14,2026-04-15 23:33
TR00005,12622,Tamil Nadu Express,New Delhi,Chennai Central,New Delhi,Bhopal Jn,198.13,60.58,0.59,0.069,28.2,2,4,11.87,0.196,7.88,169.82,44.07,0,0,204.83,2026-08-12 05:24
TR00006,12295,Sanghamitra Express,Bengaluru,Patna Jn,Bengaluru,Guntakal Jn,101.79,50.11,20.27,0.018,17.4,6,6,10.96,0.268,23.87,87.25,57.38,0,0,142.39,2026-04-25 08:22
TR00001,12123,Mumbai - Pune Express,Mumbai CST,Pune Jn,Lonavala,Pune Jn,123.83,88.92,11.73,0.201,38.1,11,1,8.08,0.256,8.33,106.14,76.16,0,1,121.81,2026-03-23 13:01
TR00002,11010,Deccan Express,Mumbai CST,Pune Jn,Lonavala,Pune Jn,263.98,47.72,16.97,0.106,22.8,20,3,2.48,0.15,7.7,226.27,43.09,0,0,352.52,2026-01-13 01:52
TR00003,12010,Shatabdi Express,Mumbai Central,Ahmedabad Jn,Vadodara,Ahmedabad Jn,210.96,79.03,12.86,0.208,20.9,1,3,11.48,0.212,12.46,180.82,71.9,0,0,185.8,2026-07-01 04:05
TR00004,12951,Mumbai Rajdhani,Mumbai Central,New Delhi,Surat,Vadodara,361.83,91.18,18.11,0.391,25.2,23,0,13.67,0.094,15.0,310.14,104.08,0,0,270.7,2026-07-31 03:30
TR00005,12622,Tamil Nadu Express,New Delhi,Chennai Central,Nagpur,Vijayawada,46.99,63.91,11.74,0.178,35.9,18,4,9.4,0.264,4.4,40.28,66.06,0,0,59.88,2026-08-14 18:59
TR00006,12295,Sanghamitra Express,Bengaluru,Patna Jn,Guntakal Jn,Vijayawada,119.34,40.21,21.21,0.121,28.4,21,0,14.76,0.256,10.21,102.3,40.48,1,0,216.91,2026-06-24 00:36
TR00001,12123,Mumbai - Pune Express,Mumbai CST,Pune Jn,Kalyan,Karjat,182.41,55.13,20.72,0.178,28.1,7,3,6.18,0.168,6.58,156.35,43.93,0,0,224.36,2026-05-21 10:44
TR00002,11010,Deccan Express,Mumbai CST,Pune Jn,Lonavala,Pune Jn,269.74,97.1,18.29,0.048,22.8,18,3,20.1,0.394,17.89,231.21,103.53,0,0,192.54,2026-01-19 21:12
TR00003,12010,Shatabdi Express,Mumbai Central,Ahmedabad Jn,Vapi,Surat,174.88,57.0,30.3,0.117,32.4,0,3,7.43,0.212,3.1,149.89,61.01,1,0,228.6,2026-05-18 03:48
TR00004,12951,Mumbai Rajdhani,Mumbai Central,New Delhi,Vadodara,Kota Jn,155.27,121.94,6.11,0.231,27.9,5,0,2.34,0.162,0.92,133.09,125.14,0,0,82.19,2026-02-27 06:22
TR00005,12622,Tamil Nadu Express,New Delhi,Chennai Central,Vijayawada,Chennai Central,252.65,87.61,3.53,0.219,21.7,12,5,3.42,0.216,1.88,216.56,99.05,0,0,194.82,2026-04-02 15:14
TR00006,12295,Sanghamitra Express,Bengaluru,Patna Jn,Bengaluru,Guntakal Jn,265.98,36.32,22.38,0.398,19.8,4,1,5.82,0.338,4.36,227.98,44.17,0,0,526.11,2026-03-17 12:46
TR00001,12123,Mumbai - Pune Express,Mumbai CST,Pune Jn,Kalyan,Karjat,298.84,92.96,37.11,0.099,28.3,21,0,29.49,0.307,30.68,256.14,83.6,0,0,231.57,2026-06-24 00:51
TR00002,11010,Deccan Express,Mumbai CST,Pune Jn,Mumbai CST,Dadar,44.05,122.55,18.29,0.247,29.2,21,6,23.59,0.201,3.44,37.76,121.42,0,0,36.94,2026-06-29 21:36
TR00003,12010,Shatabdi Express,Mumbai Central,Ahmedabad Jn,Borivali,Vapi,362.12,76.13,13.37,0.12,34.9,19,4,22.91,0.283,5.2,310.39,90.64,0,0,323.78,2026-01-15 00:23
TR00004,12951,Mumbai Rajdhani,Mumbai Central,New Delhi,Vadodara,Kota Jn,533.81,99.0,36.09,0.313,21.1,8,0,39.21,0.265,9.25,457.55,89.77,0,0,381.21,2026-06-17 14:21
TR00005,12622,Tamil Nadu Express,New Delhi,Chennai Central,Vijayawada,Chennai Central,146.1,112.74,26.77,0.115,37.1,10,6,12.49,0.261,1.58,125.23,109.49,1,0,106.25,2026-05-30 11:46
TR00006,12295,Sanghamitra Express,Bengaluru,Patna Jn,Vijayawada,Gaya Jn,139.33,82.07,45.28,0.052,29.8,8,2,45.51,0.57,5.09,119.42,77.03,0,1,176.17,2026-07-02 10:56
TR00001,12123,Mumbai - Pune Express,Mumbai CST,Pune Jn,Kalyan,Karjat,216.97,68.23,1.05,0.132,40.1,1,4,3.58,0.157,0.56,185.97,71.78,0,0,198.92,2026-01-17 04:18
TR00002,11010,Deccan Express,Mumbai CST,Pune Jn,Mumbai CST,Dadar,154.87,78.08,63.43,0.258,31.8,1,3,43.29,0.322,14.36,132.75,83.31,1,0,182.63,2026-01-01 04:02
TR00003,12010,Shatabdi Express,Mumbai Central,Ahmedabad Jn,Mumbai Central,Borivali,254.0,105.71,14.36,0.089,24.9,15,4,21.02,0.18,5.39,217.72,107.76,0,0,156.26,2026-03-29 17:36
TR00004,12951,Mumbai Rajdhani,Mumbai Central,New Delhi,Kota Jn,New Delhi,511.92,58.05,44.95,0.287,30.9,10,3,61.61,0.125,7.26,438.79,50.0,0,0,589.53,2026-02-23 19:49
TR00005,12622,Tamil Nadu Express,New Delhi,Chennai Central,New Delhi,Bhopal Jn,364.86,108.32,24.77,0.34,34.3,12,5,12.39,0.109,11.89,312.74,92.49,0,1,295.24,2026-03-14 16:55
TR00006,12295,Sanghamitra Express,Bengaluru,Patna Jn,Vijayawada,Gaya Jn,76.73,64.26,34.37,0.237,23.7,10,1,24.64,0.382,0.38,65.77,46.74,1,0,114.91,2026-02-01 11:54
TR00001,12123,Mumbai - Pune Express,Mumbai CST,Pune Jn,Karjat,Lonavala,423.95,85.87,32.86,0.257,36.7,10,6,16.6,0.325,9.51,363.39,73.02,0,1,449.1,2026-01-17 17:29
TR00002,11010,Deccan Express,Mumbai CST,Pune Jn,Mumbai CST,Dadar,93.99,67.02,10.24,0.062,24.6,6,5,8.35,0.261,2.51,80.56,77.01,0,0,94.12,2026-01-23 07:34
TR00003,12010,Shatabdi Express,Mumbai Central,Ahmedabad Jn,Mumbai Central,Borivali,210.16,99.5,6.8,0.136,21.4,18,1,8.45,0.254,1.98,180.14,101.01,0,0,144.13,2026-02-23 20:24
TR00004,12951,Mumbai Rajdhani,Mumbai Central,New Delhi,Vadodara,Kota Jn,274.12,63.52,15.96,0.41,37.0,0,2,7.75,0.308,14.47,234.96,78.64,0,0,309.47,2026-05-28 05:09
TR00005,12622,Tamil Nadu Express,New Delhi,Chennai Central,Bhopal Jn,Nagpur,212.4,112.79,8.56,0.218,22.2,13,1,4.76,0.158,1.46,182.05,105.62,0,0,121.45,2026-02-23 15:01
TR00006,12295,Sanghamitra Express,Bengaluru,Patna Jn,Bengaluru,Guntakal Jn,131.31,35.14,28.79,0.116,32.1,10,3,13.68,0.599,12.24,112.55,24.34,0,0,283.18,2026-06-27 14:43
TR00001,12123,Mumbai - Pune Express,Mumbai CST,Pune Jn,Mumbai CST,Dadar,458.21,74.69,22.63,0.209,22.6,16,6,16.29,0.369,9.53,392.75,70.57,0,0,433.3,2026-05-12 23:13
TR00002,11010,Deccan Express,Mumbai CST,Pune Jn,Dadar,Kalyan,135.97,89.07,42.77,0.422,14.8,18,1,23.81,0.05,2.15,116.55,85.11,1,0,131.82,2026-01-15 20:11
TR00003,12010,Shatabdi Express,Mumbai Central,Ahmedabad Jn,Borivali,Vapi,236.02,98.53,25.65,0.114,25.3,23,3,14.42,0.472,13.69,202.31,95.49,0,0,175.05,2026-07-21 01:55
TR00004,12951,Mumbai Rajdhani,Mumbai Central,New Delhi,Mumbai Central,Surat,82.38,70.23,21.91,0.191,24.0,11,2,11.56,0.445,4.52,70.61,78.84,0,0,95.98,2026-07-19 12:35
TR00005,12622,Tamil Nadu Express,New Delhi,Chennai Central,Vijayawada,Chennai Central,84.23,81.7,28.65,0.244,30.2,10,5,12.84,0.349,5.36,72.19,79.99,0,0,80.58,2026-06-07 11:20
TR00006,12295,Sanghamitra Express,Bengaluru,Patna Jn,Vijayawada,Gaya Jn,151.15,69.49,0.34,0.231,37.1,7,0,7.07,0.036,4.44,129.56,71.36,0,0,136.52,2026-05-23 09:16
TR00001,12123,Mumbai - Pune Express,Mumbai CST,Pune Jn,Dadar,Kalyan,299.06,75.61,8.49,0.443,40.8,4,3,7.94,0.315,3.56,256.34,86.58,0,0,284.15,2026-08-10 08:44
TR00002,11010,Deccan Express,Mumbai CST,Pune Jn,Lonavala,Pune Jn,317.5,74.31,8.6,0.248,26.6,0,4,14.81,0.06,2.03,272.15,67.66,0,0,273.36,2026-07-22 04:33
TR00003,12010,Shatabdi Express,Mumbai Central,Ahmedabad Jn,Surat,Vadodara,63.34,78.0,25.06,0.252,33.7,4,3,10.45,0.456,1.99,54.29,84.65,0,0,61.85,2026-02-19 05:01
TR00004,12951,Mumbai Rajdhani,Mumbai Central,New Delhi,Kota Jn,New Delhi,442.52,46.42,11.11,0.077,33.3,19,1,0.53,0.302,1.81,379.3,50.54,0,0,634.27,2026-04-07 05:34
TR00005,12622,Tamil Nadu Express,New Delhi,Chennai Central,New Delhi,Bhopal Jn,334.14,95.85,32.43,0.074,34.2,12,0,2.5,0.472,14.76,286.41,99.72,1,0,264.85,2026-03-02 16:24
TR00006,12295,Sanghamitra Express,Bengaluru,Patna Jn,Guntakal Jn,Vijayawada,331.02,43.48,25.75,0.49,34.8,16,2,22.16,0.334,1.09,283.73,45.89,0,0,551.69,2026-01-28 01:11
TR00001,12123,Mumbai - Pune Express,Mumbai CST,Pune Jn,Dadar,Kalyan,133.43,93.37,17.95,0.311,28.4,5,6,2.17,0.274,0.72,114.37,87.32,0,0,104.54,2026-02-22 06:44
TR00002,11010,Deccan Express,Mumbai CST,Pune Jn,Kalyan,Lonavala,48.49,77.56,23.93,0.247,35.5,8,5,25.71,0.149,8.65,41.56,70.12,0,1,62.6,2026-08-07 09:02
TR00003,12010,Shatabdi Express,Mumbai Central,Ahmedabad Jn,Vapi,Surat,285.48,105.14,1.08,0.061,30.6,0,1,8.2,0.084,3.83,244.7,96.22,0,0,173.56,2026-02-05 02:53
TR00004,12951,Mumbai Rajdhani,Mumbai Central,New Delhi,Mumbai Central,Surat,290.03,81.07,10.38,0.028,27.4,12,6,5.18,0.452,2.28,248.6,86.31,0,0,242.43,2026-04-15 16:02
TR00005,12622,Tamil Nadu Express,New Delhi,Chennai Central,Nagpur,Vijayawada,199.03,70.94,22.38,0.229,16.1,0,6,17.26,0.501,9.09,170.6,67.01,0,0,210.38,2026-04-10 03:30
TR00006,12295,Sanghamitra Express,Bengaluru,Patna Jn,Gaya Jn,Patna Jn,117.53,78.83,9.09,0.134,37.4,20,5,29.83,0.021,3.01,100.74,69.31,0,0,95.16,2026-01-03 21:35
TR00001,12123,Mumbai - Pune Express,Mumbai CST,Pune Jn,Mumbai CST,Dadar,377.42,49.95,15.66,0.04,21.2,20,3,14.39,0.215,11.01,323.5,40.09,0,0,481.63,2026-07-30 04:01
TR00002,11010,Deccan Express,Mumbai CST,Pune Jn,Dadar,Kalyan,72.93,109.3,7.33,0.264,28.4,0,3,17.36,0.117,23.46,62.51,123.13,0,0,46.84,2026-05-03 00:46
TR00003,12010,Shatabdi Express,Mumbai Central,Ahmedabad Jn,Mumbai Central,Borivali,463.17,74.22,13.23,0.089,29.0,9,1,21.4,0.168,0.56,397.0,79.84,0,0,399.97,2026-06-03 15:39
TR00004,12951,Mumbai Rajdhani,Mumbai Central,New Delhi,Kota Jn,New Delhi,58.01,60.99,34.56,0.312,26.1,23,0,12.48,0.573,28.7,49.72,61.45,0,0,92.05,2026-03-09 00:32
TR00005,12622,Tamil Nadu Express,New Delhi,Chennai Central,Nagpur,Vijayawada,253.42,82.49,0.09,0.241,13.3,7,5,4.62,0.122,6.27,217.22,68.82,0,0,196.2,2026-02-15 10:16
TR00006,12295,Sanghamitra Express,Bengaluru,Patna Jn,Guntakal Jn,Vijayawada,313.09,73.93,31.24,0.08,14.4,8,4,22.33,0.417,10.99,268.36,71.53,0,1,387.35,2026-02-15 14:27
TR00001,12123,Mumbai - Pune Express,Mumbai CST,Pune Jn,Kalyan,Karjat,67.03,78.53,13.5,0.079,9.1,18,6,25.11,0.086,1.83,57.46,85.12,0,0,58.11,2026-06-13 18:58
TR00002,11010,Deccan Express,Mumbai CST,Pune Jn,Lonavala,Pune Jn,201.68,74.61,23.84,0.283,13.6,1,5,22.1,0.175,20.5,172.86,79.74,0,0,193.33,2026-01-21 04:13
TR00003,12010,Shatabdi Express,Mumbai Central,Ahmedabad Jn,Mumbai Central,Borivali,246.9,91.0,21.66,0.494,27.1,13,0,6.3,0.068,7.38,211.62,91.44,0,0,191.88,2026-01-24 16:11
TR00004,12951,Mumbai Rajdhani,Mumbai Central,New Delhi,Surat,Vadodara,136.26,58.89,34.57,0.276,32.0,2,4,2.47,0.66,6.97,116.79,57.72,0,0,196.76,2026-04-14 05:16
TR00005,12622,Tamil Nadu Express,New Delhi,Chennai Central,New Delhi,Bhopal Jn,203.69,73.47,10.97,0.167,34.1,14,5,5.13,0.085,23.2,174.59,71.38,0,0,177.69,2026-06-24 16:57
TR00006,12295,Sanghamitra Express,Bengaluru,Patna Jn,Guntakal Jn,Vijayawada,67.83,81.19,30.94,0.521,27.3,15,2,15.61,0.266,14.79,58.14,78.19,0,0,79.96,2026-04-26 16:19
TR00001,12123,Mumbai - Pune Express,Mumbai CST,Pune Jn,Kalyan,Karjat,180.95,102.47,17.43,0.316,34.2,9,0,9.69,0.32,8.39,155.1,94.15,0,0,127.51,2026-07-16 11:07
TR00002,11010,Deccan Express,Mumbai CST,Pune Jn,Lonavala,Pune Jn,181.09,83.05,8.9,0.239,48.0,20,4,8.56,0.178,4.72,155.22,75.92,0,0,148.15,2026-02-11 22:28
TR00003,12010,Shatabdi Express,Mumbai Central,Ahmedabad Jn,Vadodara,Ahmedabad Jn,112.72,36.58,20.02,0.031,24.1,7,5,31.38,0.129,22.71,96.62,37.67,0,0,204.51,2026-08-19 10:24
TR00004,12951,Mumbai Rajdhani,Mumbai Central,New Delhi,Vadodara,Kota Jn,373.98,83.78,11.69,0.058,24.6,12,1,11.0,0.427,15.42,320.55,100.6,0,0,305.65,2026-04-07 17:05
TR00005,12622,Tamil Nadu Express,New Delhi,Chennai Central,Bhopal Jn,Nagpur,307.51,74.14,27.24,0.142,29.1,23,0,46.49,0.123,3.19,263.58,74.93,0,0,280.9,2026-03-13 03:40
TR00006,12295,Sanghamitra Express,Bengaluru,Patna Jn,Guntakal Jn,Vijayawada,192.17,74.08,25.43,0.31,29.7,13,1,2.93,0.496,19.57,164.71,63.89,0,0,205.75,2026-06-28 16:25
TR00001,12123,Mumbai - Pune Express,Mumbai CST,Pune Jn,Dadar,Kalyan,399.47,81.17,19.55,0.192,41.1,9,6,9.33,0.542,20.02,342.41,74.41,0,0,361.32,2026-06-27 15:01
TR00002,11010,Deccan Express,Mumbai CST,Pune Jn,Dadar,Kalyan,297.09,75.4,19.29,0.475,28.5,22,1,26.56,0.181,2.95,254.65,81.53,0,0,276.06,2026-08-29 02:36
TR00003,12010,Shatabdi Express,Mumbai Central,Ahmedabad Jn,Mumbai Central,Borivali,300.14,74.36,21.87,0.104,31.1,23,6,2.07,0.228,11.96,257.26,73.36,0,1,345.92,2026-05-12 04:45
TR00004,12951,Mumbai Rajdhani,Mumbai Central,New Delhi,Mumbai Central,Surat,219.41,86.41,19.86,0.009,25.7,16,2,15.73,0.197,14.66,188.06,78.25,0,0,169.12,2026-02-17 18:49
TR00005,12622,Tamil Nadu Express,New Delhi,Chennai Central,Bhopal Jn,Nagpur,498.15,52.37,17.25,0.123,48.0,22,1,8.88,0.111,7.81,426.99,56.06,0,0,605.34,2026-02-05 08:05
TR00006,12295,Sanghamitra Express,Bengaluru,Patna Jn,Gaya Jn,Patna Jn,325.23,52.43,13.17,0.169,23.8,20,1,30.62,0.028,3.31,278.77,52.46,0,0,395.77,2026-01-25 02:35
TR00001,12123,Mumbai - Pune Express,Mumbai CST,Pune Jn,Dadar,Kalyan,197.83,62.26,25.82,0.285,45.0,3,5,22.67,0.355,6.85,169.57,76.13,0,0,226.68,2026-08-02 06:46
TR00002,11010,Deccan Express,Mumbai CST,Pune Jn,Mumbai CST,Dadar,241.95,46.04,27.44,0.062,27.2,2,4,16.98,0.568,1.16,207.38,47.57,0,0,382.05,2026-01-11 08:22
TR00003,12010,Shatabdi Express,Mumbai Central,Ahmedabad Jn,Vadodara,Ahmedabad Jn,131.26,58.6,28.39,0.191,23.2,3,5,48.09,0.169,4.64,112.51,52.52,0,0,161.75,2026-06-30 05:41
TR00004,12951,Mumbai Rajdhani,Mumbai Central,New Delhi,Kota Jn,New Delhi,171.66,53.14,19.51,0.089,27.4,3,2,5.87,0.19,2.99,147.14,49.67,1,0,227.43,2026-06-17 06:47
TR00005,12622,Tamil Nadu Express,New Delhi,Chennai Central,Vijayawada,Chennai Central,361.62,113.83,45.11,0.088,24.8,7,5,33.89,0.377,9.59,309.96,105.6,0,1,292.72,2026-06-28 11:52
TR00006,12295,Sanghamitra Express,Bengaluru,Patna Jn,Bengaluru,Guntakal Jn,110.64,33.71,10.06,0.123,21.6,8,3,15.75,0.323,12.94,94.83,34.19,0,0,227.75,2026-08-26 11:47
TR00001,12123,Mumbai - Pune Express,Mumbai CST,Pune Jn,Dadar,Kalyan,390.99,102.37,15.38,0.126,27.3,19,3,2.55,0.533,0.64,335.14,102.09,0,0,276.94,2026-06-18 23:36
TR00002,11010,Deccan Express,Mumbai CST,Pune Jn,Lonavala,Pune Jn,265.57,52.28,14.84,0.408,19.0,16,1,13.09,0.386,11.08,227.63,57.32,0,0,366.51,2026-06-11 22:06
TR00003,12010,Shatabdi Express,Mumbai Central,Ahmedabad Jn,Mumbai Central,Borivali,126.34,63.62,22.33,0.123,28.2,1,5,36.71,0.031,8.46,108.29,70.58,0,0,133.1,2026-05-09 03:13
TR00004,12951,Mumbai Rajdhani,Mumbai Central,New Delhi,Kota Jn,New Delhi,235.61,51.86,14.6,0.193,48.0,18,4,13.46,0.243,5.73,201.95,57.43,0,0,314.28,2026-05-23 23:14
TR00005,12622,Tamil Nadu Express,New Delhi,Chennai Central,New Delhi,Bhopal Jn,236.38,78.4,28.48,0.13,25.9,17,2,54.52,0.223,0.67,202.61,86.25,0,1,268.63,2026-06-16 21:28
TR00006,12295,Sanghamitra Express,Bengaluru,Patna Jn,Gaya Jn,Patna Jn,137.71,63.4,19.02,0.37,24.4,16,0,10.79,0.416,2.07,118.03,58.92,0,0,161.58,2026-01-14 18:41
TR00001,12123,Mumbai - Pune Express,Mumbai CST,Pune Jn,Dadar,Kalyan,240.39,51.22,12.65,0.176,40.7,1,1,47.87,0.121,8.54,206.05,53.86,0,0,301.64,2026-07-31 06:01
TR00002,11010,Deccan Express,Mumbai CST,Pune Jn,Mumbai CST,Dadar,186.6,101.7,34.76,0.364,20.1,17,5,6.51,0.351,3.78,159.94,98.97,0,1,190.09,2026-02-23 20:10
TR00003,12010,Shatabdi Express,Mumbai Central,Ahmedabad Jn,Vadodara,Ahmedabad Jn,169.44,80.63,9.01,0.068,30.7,6,1,12.39,0.079,7.68,145.24,78.23,0,0,133.06,2026-08-21 08:13
TR00004,12951,Mumbai Rajdhani,Mumbai Central,New Delhi,Mumbai Central,Surat,327.26,57.48,7.16,0.055,17.6,13,2,14.85,0.092,3.06,280.51,49.74,0,0,357.74,2026-05-25 18:57
TR00005,12622,Tamil Nadu Express,New Delhi,Chennai Central,Vijayawada,Chennai Central,206.2,93.07,8.25,0.072,31.6,3,5,2.7,0.245,9.54,176.74,96.93,0,0,144.6,2026-04-27 05:24
TR00006,12295,Sanghamitra Express,Bengaluru,Patna Jn,Vijayawada,Gaya Jn,143.11,74.04,20.67,0.072,21.9,2,6,25.15,0.378,11.51,122.67,64.47,0,0,133.79,2026-02-07 04:13
TR00001,12123,Mumbai - Pune Express,Mumbai CST,Pune Jn,Lonavala,Pune Jn,289.77,99.56,28.43,0.074,25.6,9,2,6.91,0.343,4.44,248.38,105.46,0,0,204.11,2026-06-09 12:24
TR00002,11010,Deccan Express,Mumbai CST,Pune Jn,Kalyan,Lonavala,239.03,90.26,25.24,0.154,22.8,15,2,5.19,0.313,11.79,204.88,82.6,0,1,238.44,2026-06-11 18:58
TR00003,12010,Shatabdi Express,Mumbai Central,Ahmedabad Jn,Vapi,Surat,105.1,54.11,21.31,0.1,22.7,12,2,16.53,0.638,15.59,90.09,67.09,0,0,154.12,2026-07-05 14:34
TR00004,12951,Mumbai Rajdhani,Mumbai Central,New Delhi,Vadodara,Kota Jn,141.15,85.99,9.57,0.06,24.9,19,3,5.37,0.376,0.4,120.98,90.21,0,0,118.42,2026-07-04 20:58
TR00005,12622,Tamil Nadu Express,New Delhi,Chennai Central,New Delhi,Bhopal Jn,317.68,130.0,23.21,0.162,24.7,16,0,28.09,0.482,3.38,272.29,129.54,0,0,184.2,2026-04-03 19:04
TR00006,12295,Sanghamitra Express,Bengaluru,Patna Jn,Vijayawada,Gaya Jn,146.12,49.55,13.73,0.146,30.1,10,3,16.84,0.295,25.11,125.24,67.07,0,0,203.41,2026-02-02 13:23
TR00001,12123,Mumbai - Pune Express,Mumbai CST,Pune Jn,Mumbai CST,Dadar,265.37,53.24,19.22,0.241,32.0,17,2,16.11,0.13,1.97,227.46,49.94,0,1,421.47,2026-05-15 00:01
TR00002,11010,Deccan Express,Mumbai CST,Pune Jn,Dadar,Kalyan,296.54,58.78,13.56,0.314,28.3,2,5,9.63,0.112,16.38,254.18,59.55,0,0,326.18,2026-03-15 07:26
TR00003,12010,Shatabdi Express,Mumbai Central,Ahmedabad Jn,Vapi,Surat,290.26,64.04,23.06,0.075,16.1,14,3,27.83,0.333,5.36,248.8,63.04,0,0,312.54,2026-06-10 19:12
TR00004,12951,Mumbai Rajdhani,Mumbai Central,New Delhi,Kota Jn,New Delhi,216.0,92.59,31.79,0.126,5.0,12,6,12.31,0.18,5.33,185.14,95.17,0,0,171.86,2026-08-05 14:51
TR00005,12622,Tamil Nadu Express,New Delhi,Chennai Central,Nagpur,Vijayawada,439.12,42.63,9.23,0.091,26.0,4,4,12.87,0.192,5.82,376.39,40.25,0,0,664.92,2026-06-17 15:04
TR00006,12295,Sanghamitra Express,Bengaluru,Patna Jn,Vijayawada,Gaya Jn,55.18,72.85,27.5,0.172,23.1,5,2,30.28,0.39,2.3,47.3,62.54,0,0,63.1,2026-07-23 06:03
TR00001,12123,Mumbai - Pune Express,Mumbai CST,Pune Jn,Karjat,Lonavala,85.43,82.41,24.75,0.109,29.7,13,6,19.36,0.615,3.95,73.22,85.62,0,0,88.1,2026-06-26 14:28
TR00002,11010,Deccan Express,Mumbai CST,Pune Jn,Mumbai CST,Dadar,261.27,61.49,21.54,0.212,33.8,2,1,9.39,0.131,1.95,223.94,62.14,0,1,358.32,2026-08-24 07:58
TR00003,12010,Shatabdi Express,Mumbai Central,Ahmedabad Jn,Vadodara,Ahmedabad Jn,292.03,39.41,16.77,0.085,25.8,2,4,4.96,0.293,2.41,250.31,38.21,0,1,630.31,2026-06-29 12:30
TR00004,12951,Mumbai Rajdhani,Mumbai Central,New Delhi,Kota Jn,New Delhi,42.48,109.96,11.57,0.175,31.8,21,1,17.75,0.061,23.15,36.41,105.99,0,0,31.27,2026-06-10 21:31
TR00005,12622,Tamil Nadu Express,New Delhi,Chennai Central,Bhopal Jn,Nagpur,292.84,96.75,23.14,0.331,28.3,14,5,8.29,0.271,7.52,251.01,109.92,0,0,210.18,2026-04-26 17:30
TR00006,12295,Sanghamitra Express,Bengaluru,Patna Jn,Vijayawada,Gaya Jn,123.04,99.92,27.81,0.322,17.5,17,5,16.95,0.193,14.42,105.46,100.83,0,1,111.58,2026-05-18 18:51
TR00001,12123,Mumbai - Pune Express,Mumbai CST,Pune Jn,Dadar,Kalyan,424.15,77.44,9.43,0.042,28.3,19,3,13.65,0.147,4.72,363.56,75.17,0,0,348.11,2026-01-02 00:48
TR00002,11010,Deccan Express,Mumbai CST,Pune Jn,Dadar,Kalyan,273.01,111.4,32.69,0.188,29.0,16,5,11.22,0.353,7.32,234.01,117.26,0,0,181.03,2026-03-16 19:01
TR00003,12010,Shatabdi Express,Mumbai Central,Ahmedabad Jn,Vapi,Surat,95.73,101.89,28.19,0.151,30.0,23,3,21.91,0.271,15.81,82.05,94.02,1,0,84.63,2026-07-10 00:24
TR00004,12951,Mumbai Rajdhani,Mumbai Central,New Delhi,Surat,Vadodara,276.51,65.21,29.87,0.142,24.6,16,5,26.47,0.35,5.42,237.01,79.77,0,1,391.85,2026-04-29 22:31
TR00005,12622,Tamil Nadu Express,New Delhi,Chennai Central,Bhopal Jn,Nagpur,115.98,89.25,33.43,0.166,19.7,23,4,38.13,0.216,3.29,99.41,98.14,1,1,133.82,2026-04-23 01:13
TR00006,12295,Sanghamitra Express,Bengaluru,Patna Jn,Gaya Jn,Patna Jn,201.61,80.89,19.98,0.449,31.8,15,5,11.26,0.441,5.63,172.81,76.01,0,0,195.16,2026-06-13 18:15
TR00001,12123,Mumbai - Pune Express,Mumbai CST,Pune Jn,Mumbai CST,Dadar,76.89,87.43,25.25,0.307,27.4,23,1,22.18,0.231,29.08,65.91,82.23,0,0,72.3,2026-05-01 00:12
TR00002,11010,Deccan Express,Mumbai CST,Pune Jn,Lonavala,Pune Jn,263.05,102.6,32.63,0.042,24.2,2,2,9.48,0.69,1.67,225.47,102.76,0,1,257.87,2026-01-21 06:17
TR00003,12010,Shatabdi Express,Mumbai Central,Ahmedabad Jn,Vadodara,Ahmedabad Jn,315.32,77.4,17.37,0.058,26.4,17,5,24.86,0.271,5.12,270.27,74.92,0,0,279.8,2026-02-07 21:39
TR00004,12951,Mumbai Rajdhani,Mumbai Central,New Delhi,Mumbai Central,Surat,445.27,78.49,18.54,0.136,37.5,0,6,19.77,0.247,6.78,381.66,69.6,0,0,376.44,2026-08-10 06:16
TR00005,12622,Tamil Nadu Express,New Delhi,Chennai Central,New Delhi,Bhopal Jn,230.27,54.81,12.7,0.321,19.4,3,4,23.86,0.039,23.26,197.37,66.42,0,0,279.14,2026-03-31 07:39
TR00006,12295,Sanghamitra Express,Bengaluru,Patna Jn,Gaya Jn,Patna Jn,208.42,73.96,24.01,0.1,28.7,18,2,7.42,0.192,23.06,178.65,72.45,0,1,242.83,2026-04-30 22:02
TR00001,12123,Mumbai - Pune Express,Mumbai CST,Pune Jn,Karjat,Lonavala,125.51,86.47,17.18,0.248,32.1,22,2,19.97,0.337,5.44,107.58,82.74,0,0,105.61,2026-02-27 23:45
TR00002,11010,Deccan Express,Mumbai CST,Pune Jn,Lonavala,Pune Jn,125.1,89.2,34.84,0.164,31.9,17,6,17.91,0.518,18.75,107.23,106.51,0,1,147.64,2026-02-14 19:27
TR00003,12010,Shatabdi Express,Mumbai Central,Ahmedabad Jn,Borivali,Vapi,339.89,96.66,30.92,0.189,37.9,1,6,32.41,0.559,14.45,291.34,98.56,0,0,270.03,2026-04-18 05:30
TR00004,12951,Mumbai Rajdhani,Mumbai Central,New Delhi,Kota Jn,New Delhi,174.53,84.02,41.25,0.052,14.9,6,6,32.0,0.393,0.82,149.6,81.93,1,0,175.11,2026-07-11 08:55
TR00005,12622,Tamil Nadu Express,New Delhi,Chennai Central,Bhopal Jn,Nagpur,197.89,66.38,20.37,0.144,26.6,3,0,8.85,0.474,1.66,169.62,69.25,0,0,212.26,2026-01-06 06:32
TR00006,12295,Sanghamitra Express,Bengaluru,Patna Jn,Vijayawada,Gaya Jn,198.23,74.46,10.98,0.303,27.7,5,1,4.08,0.244,12.02,169.91,77.7,0,0,184.42,2026-06-01 08:04
TR00001,12123,Mumbai - Pune Express,Mumbai CST,Pune Jn,Kalyan,Karjat,300.78,112.6,23.91,0.386,18.4,17,0,13.41,0.216,7.3,257.81,102.28,0,0,184.41,2026-04-14 20:04
TR00002,11010,Deccan Express,Mumbai CST,Pune Jn,Lonavala,Pune Jn,153.25,92.48,0.19,0.402,33.8,8,6,3.26,0.06,4.37,131.36,93.58,0,0,103.79,2026-04-07 09:43
TR00003,12010,Shatabdi Express,Mumbai Central,Ahmedabad Jn,Vapi,Surat,230.24,82.05,34.19,0.598,27.1,11,1,10.1,0.632,2.99,197.35,85.07,0,0,246.77,2026-07-17 15:06
TR00004,12951,Mumbai Rajdhani,Mumbai Central,New Delhi,Vadodara,Kota Jn,295.2,83.21,19.4,0.134,29.8,0,1,19.89,0.373,16.11,253.03,94.32,0,0,257.5,2026-03-16 04:17
TR00005,12622,Tamil Nadu Express,New Delhi,Chennai Central,New Delhi,Bhopal Jn,476.22,110.39,27.93,0.271,35.9,23,1,11.56,0.376,25.8,408.19,111.66,0,0,312.75,2026-01-29 04:12
TR00006,12295,Sanghamitra Express,Bengaluru,Patna Jn,Gaya Jn,Patna Jn,121.32,78.48,16.0,0.324,25.8,21,6,7.48,0.105,19.2,103.98,78.93,0,0,106.72,2026-02-20 22:46
TR00001,12123,Mumbai - Pune Express,Mumbai CST,Pune Jn,Karjat,Lonavala,107.85,72.1,48.38,0.315,31.7,10,6,23.11,0.473,4.64,92.44,64.7,1,0,143.61,2026-07-31 12:23
TR00002,11010,Deccan Express,Mumbai CST,Pune Jn,Kalyan,Lonavala,156.09,52.98,31.64,0.065,21.4,7,0,8.55,0.632,35.24,133.79,45.9,0,0,228.95,2026-04-17 10:48
TR00003,12010,Shatabdi Express,Mumbai Central,Ahmedabad Jn,Vapi,Surat,317.49,90.56,39.16,0.075,24.1,15,4,14.62,0.292,2.33,272.13,88.05,1,0,259.35,2026-08-20 19:19
TR00004,12951,Mumbai Rajdhani,Mumbai Central,New Delhi,Kota Jn,New Delhi,228.11,89.05,9.18,0.219,28.0,7,2,22.43,0.101,0.12,195.52,84.25,0,0,171.34,2026-04-08 09:51
TR00005,12622,Tamil Nadu Express,New Delhi,Chennai Central,Bhopal Jn,Nagpur,161.91,66.32,13.79,0.181,32.2,6,6,8.58,0.187,2.33,138.78,59.13,0,0,162.74,2026-05-12 08:42
TR00006,12295,Sanghamitra Express,Bengaluru,Patna Jn,Bengaluru,Guntakal Jn,131.24,62.15,12.25,0.046,39.8,19,2,12.98,0.237,4.96,112.49,70.86,0,0,139.46,2026-01-30 21:19
TR00001,12123,Mumbai - Pune Express,Mumbai CST,Pune Jn,Mumbai CST,Dadar,301.89,111.11,27.8,0.39,29.8,18,5,21.11,0.189,4.78,258.77,100.11,0,0,203.04,2026-04-17 21:23
TR00002,11010,Deccan Express,Mumbai CST,Pune Jn,Dadar,Kalyan,95.43,60.15,9.26,0.107,26.1,2,5,1.67,0.282,2.98,81.8,56.26,0,0,108.78,2026-08-06 03:48
TR00003,12010,Shatabdi Express,Mumbai Central,Ahmedabad Jn,Mumbai Central,Borivali,232.01,85.11,8.8,0.157,21.1,14,3,14.72,0.196,22.71,198.86,77.4,0,0,181.64,2026-04-25 17:01
TR00004,12951,Mumbai Rajdhani,Mumbai Central,New Delhi,Kota Jn,New Delhi,272.49,97.3,43.8,0.162,27.3,23,5,9.26,0.45,7.09,233.57,97.78,1,0,228.23,2026-01-28 02:48
TR00005,12622,Tamil Nadu Express,New Delhi,Chennai Central,New Delhi,Bhopal Jn,111.45,108.97,29.21,0.239,24.1,20,4,8.08,0.3,11.22,95.53,99.55,0,0,80.04,2026-06-27 21:20
TR00006,12295,Sanghamitra Express,Bengaluru,Patna Jn,Guntakal Jn,Vijayawada,187.73,86.31,8.24,0.116,28.6,6,1,8.77,0.182,20.59,160.91,81.11,0,0,142.28,2026-05-31 08:22
TR00001,12123,Mumbai - Pune Express,Mumbai CST,Pune Jn,Dadar,Kalyan,304.69,59.7,15.87,0.142,33.2,13,2,3.42,0.145,21.58,261.16,60.35,0,0,328.7,2026-01-26 18:28
TR00002,11010,Deccan Express,Mumbai CST,Pune Jn,Mumbai CST,Dadar,84.84,81.9,28.02,0.117,20.8,7,3,26.94,0.109,6.61,72.72,76.56,1,0,88.17,2026-07-11 08:28
TR00003,12010,Shatabdi Express,Mumbai Central,Ahmedabad Jn,Vapi,Surat,237.93,77.09,19.09,0.058,43.8,3,4,9.0,0.292,1.78,203.94,65.61,0,1,269.23,2026-04-23 07:29
TR00004,12951,Mumbai Rajdhani,Mumbai Central,New Delhi,Mumbai Central,Surat,250.54,25.05,12.98,0.196,32.4,18,6,29.45,0.06,13.57,214.75,37.59,0,0,641.86,2026-04-11 04:41
TR00005,12622,Tamil Nadu Express,New Delhi,Chennai Central,Bhopal Jn,Nagpur,179.12,67.05,35.45,0.316,22.4,14,0,13.77,0.47,2.34,153.53,61.99,0,1,277.6,2026-07-12 18:37
TR00006,12295,Sanghamitra Express,Bengaluru,Patna Jn,Vijayawada,Gaya Jn,253.23,106.03,7.9,0.165,22.6,2,2,2.87,0.252,17.35,217.05,115.5,0,0,163.74,2026-04-03 04:43
TR00001,12123,Mumbai - Pune Express,Mumbai CST,Pune Jn,Lonavala,Pune Jn,272.23,67.53,26.44,0.615,37.7,20,1,31.07,0.276,4.97,233.34,77.03,0,0,301.07,2026-04-06 01:01
TR00002,11010,Deccan Express,Mumbai CST,Pune Jn,Mumbai CST,Dadar,270.69,31.64,19.7,0.396,24.5,22,1,23.04,0.123,5.68,232.02,31.54,0,0,571.62,2026-02-10 07:31
TR00003,12010,Shatabdi Express,Mumbai Central,Ahmedabad Jn,Vapi,Surat,469.61,55.43,17.27,0.273,20.4,22,4,10.68,0.047,12.89,402.52,69.6,0,0,546.08,2026-05-03 07:06
TR00004,12951,Mumbai Rajdhani,Mumbai Central,New Delhi,Surat,Vadodara,111.81,61.5,14.11,0.227,26.1,6,0,4.35,0.141,15.33,95.84,61.92,0,0,124.16,2026-05-04 08:04
TR00005,12622,Tamil Nadu Express,New Delhi,Chennai Central,Bhopal Jn,Nagpur,216.93,106.02,33.76,0.635,23.0,5,1,11.55,0.483,15.89,185.94,114.55,0,0,175.01,2026-07-14 07:55
TR00006,12295,Sanghamitra Express,Bengaluru,Patna Jn,Vijayawada,Gaya Jn,251.21,82.52,17.46,0.11,32.6,12,2,11.69,0.093,18.53,215.32,68.99,0,0,201.71,2026-01-26 15:21
TR00001,12123,Mumbai - Pune Express,Mumbai CST,Pune Jn,Mumbai CST,Dadar,658.94,59.11,14.62,0.088,33.2,22,2,11.61,0.509,8.05,564.81,60.74,0,0,790.24,2026-02-17 11:10
TR00002,11010,Deccan Express,Mumbai CST,Pune Jn,Dadar,Kalyan,279.04,82.08,6.67,0.169,42.5,1,5,7.66,0.212,10.86,239.18,75.47,0,0,224.45,2026-05-24 04:44
TR00003,12010,Shatabdi Express,Mumbai Central,Ahmedabad Jn,Mumbai Central,Borivali,333.07,90.02,20.62,0.094,34.6,8,2,7.13,0.661,14.91,285.49,81.7,0,0,277.55,2026-04-12 12:37
TR00004,12951,Mumbai Rajdhani,Mumbai Central,New Delhi,Mumbai Central,Surat,217.98,64.62,18.04,0.141,35.7,11,1,5.8,0.133,4.35,186.84,72.4,1,0,237.22,2026-06-02 14:57
TR00005,12622,Tamil Nadu Express,New Delhi,Chennai Central,New Delhi,Bhopal Jn,90.66,98.63,22.89,0.082,39.4,6,3,5.7,0.523,11.38,77.71,95.73,0,0,75.92,2026-01-03 07:15
TR00006,12295,Sanghamitra Express,Bengaluru,Patna Jn,Guntakal Jn,Vijayawada,115.31,86.39,18.03,0.137,32.1,1,1,11.09,0.238,8.65,98.83,86.31,0,0,97.53,2026-04-06 02:37
TR00001,12123,Mumbai - Pune Express,Mumbai CST,Pune Jn,Karjat,Lonavala,377.67,62.37,18.15,0.231,35.2,16,1,24.91,0.171,8.64,323.71,51.13,0,0,402.81,2026-03-21 22:42
TR00002,11010,Deccan Express,Mumbai CST,Pune Jn,Mumbai CST,Dadar,349.72,90.74,25.3,0.037,33.8,4,2,21.67,0.152,7.57,299.76,86.64,0,0,259.95,2026-08-15 08:19
TR00003,12010,Shatabdi Express,Mumbai Central,Ahmedabad Jn,Vapi,Surat,62.78,95.43,17.76,0.206,33.5,15,3,35.36,0.253,1.91,53.81,91.85,0,0,45.91,2026-02-12 15:45
TR00004,12951,Mumbai Rajdhani,Mumbai Central,New Delhi,Kota Jn,New Delhi,299.44,81.08,16.16,0.018,18.7,2,6,29.18,0.183,18.76,256.66,68.54,0,0,237.9,2026-02-23 05:57
TR00005,12622,Tamil Nadu Express,New Delhi,Chennai Central,Vijayawada,Chennai Central,153.41,46.32,29.41,0.283,18.6,11,2,8.67,0.474,8.55,131.49,36.43,0,1,329.82,2026-03-14 16:29
TR00006,12295,Sanghamitra Express,Bengaluru,Patna Jn,Guntakal Jn,Vijayawada,338.52,65.61,16.87,0.045,30.5,5,0,17.85,0.176,2.03,290.16,65.55,0,1,421.28,2026-06-07 12:01
TR00001,12123,Mumbai - Pune Express,Mumbai CST,Pune Jn,Karjat,Lonavala,228.14,62.34,35.88,0.089,26.5,6,2,16.06,0.396,4.41,195.55,60.56,0,1,339.7,2026-04-21 11:39
TR00002,11010,Deccan Express,Mumbai CST,Pune Jn,Lonavala,Pune Jn,233.43,69.01,35.16,0.159,30.4,11,0,6.58,0.316,23.16,200.08,65.15,0,1,305.92,2026-08-18 16:05
TR00003,12010,Shatabdi Express,Mumbai Central,Ahmedabad Jn,Mumbai Central,Borivali,361.31,64.97,14.81,0.171,19.3,16,5,5.92,0.12,8.7,309.7,76.85,0,0,356.62,2026-05-18 21:56
TR00004,12951,Mumbai Rajdhani,Mumbai Central,New Delhi,Kota Jn,New Delhi,221.97,68.46,17.96,0.028,34.4,20,4,22.76,0.446,3.27,190.26,49.42,0,0,233.83,2026-06-20 23:53
TR00005,12622,Tamil Nadu Express,New Delhi,Chennai Central,Bhopal Jn,Nagpur,103.79,87.94,4.67,0.097,23.0,6,0,4.61,0.117,2.77,88.96,85.52,0,0,84.34,2026-06-29 07:24
TR00006,12295,Sanghamitra Express,Bengaluru,Patna Jn,Bengaluru,Guntakal Jn,135.43,93.11,1.59,0.129,29.3,5,6,11.64,0.077,4.19,116.08,96.45,0,0,89.23,2026-02-14 06:29
TR00001,12123,Mumbai - Pune Express,Mumbai CST,Pune Jn,Lonavala,Pune Jn,197.34,64.66,8.06,0.081,27.5,0,0,4.03,0.224,17.34,169.15,74.36,0,0,198.96,2026-01-12 03:18
TR00002,11010,Deccan Express,Mumbai CST,Pune Jn,Dadar,Kalyan,193.17,64.91,20.77,0.304,25.6,6,1,28.32,0.328,5.23,165.58,52.81,0,0,214.58,2026-02-26 09:34
TR00003,12010,Shatabdi Express,Mumbai Central,Ahmedabad Jn,Mumbai Central,Borivali,112.74,84.01,11.23,0.414,30.0,6,1,11.58,0.101,1.96,96.63,89.78,0,0,98.67,2026-06-25 07:38
TR00004,12951,Mumbai Rajdhani,Mumbai Central,New Delhi,Kota Jn,New Delhi,226.83,77.72,13.19,0.16,31.8,14,3,11.55,0.031,17.44,194.43,67.61,0,0,185.21,2026-02-01 17:05
TR00005,12622,Tamil Nadu Express,New Delhi,Chennai Central,Bhopal Jn,Nagpur,60.06,73.75,14.43,0.151,32.9,6,6,9.86,0.232,5.67,51.48,79.67,0,0,65.59,2026-06-02 07:05
TR00006,12295,Sanghamitra Express,Bengaluru,Patna Jn,Bengaluru,Guntakal Jn,154.65,53.6,18.52,0.383,29.0,17,3,7.31,0.289,12.11,132.56,54.85,0,0,205.95,2026-01-15 20:25
TR00001,12123,Mumbai - Pune Express,Mumbai CST,Pune Jn,Dadar,Kalyan,320.61,50.54,22.76,0.164,13.2,8,1,9.48,0.15,17.01,274.81,48.81,0,0,411.52,2026-02-14 14:51
TR00002,11010,Deccan Express,Mumbai CST,Pune Jn,Mumbai CST,Dadar,222.66,20.0,18.94,0.267,23.2,9,1,16.7,0.275,0.25,190.85,20.0,0,0,758.07,2026-05-22 21:38
TR00003,12010,Shatabdi Express,Mumbai Central,Ahmedabad Jn,Borivali,Vapi,389.36,63.27,11.86,0.109,29.3,6,4,9.77,0.254,8.4,333.74,58.81,0,0,405.04,2026-03-25 12:45
TR00004,12951,Mumbai Rajdhani,Mumbai Central,New Delhi,Vadodara,Kota Jn,202.31,54.74,40.72,0.138,36.6,2,3,26.01,0.413,6.4,173.41,47.83,1,0,290.32,2026-03-04 06:50
TR00005,12622,Tamil Nadu Express,New Delhi,Chennai Central,Bhopal Jn,Nagpur,262.34,25.51,12.4,0.161,25.2,13,4,15.32,0.041,15.96,224.86,20.0,0,0,643.48,2026-04-04 23:43
TR00006,12295,Sanghamitra Express,Bengaluru,Patna Jn,Vijayawada,Gaya Jn,207.48,65.39,3.56,0.244,25.6,8,0,6.31,0.061,3.84,177.84,67.34,0,0,202.6,2026-05-24 11:22
TR00001,12123,Mumbai - Pune Express,Mumbai CST,Pune Jn,Kalyan,Karjat,112.89,84.34,16.72,0.352,22.4,0,4,26.46,0.025,4.37,96.76,71.94,0,0,89.98,2026-02-25 01:29
TR00002,11010,Deccan Express,Mumbai CST,Pune Jn,Kalyan,Lonavala,397.03,61.16,12.33,0.052,19.5,23,3,4.35,0.287,8.67,340.31,47.5,0,0,422.59,2026-01-19 06:02
TR00003,12010,Shatabdi Express,Mumbai Central,Ahmedabad Jn,Mumbai Central,Borivali,347.23,57.15,29.99,0.376,32.7,0,1,9.7,0.404,4.1,297.63,47.51,0,1,584.66,2026-04-27 09:44
TR00004,12951,Mumbai Rajdhani,Mumbai Central,New Delhi,Vadodara,Kota Jn,151.36,100.62,20.38,0.097,25.6,2,4,20.82,0.396,9.03,129.73,98.62,0,0,118.55,2026-03-26 03:58
TR00005,12622,Tamil Nadu Express,New Delhi,Chennai Central,Bhopal Jn,Nagpur,173.82,79.52,14.98,0.127,34.1,19,3,32.2,0.06,8.66,148.99,79.84,0,0,143.33,2026-06-29 21:23
TR00006,12295,Sanghamitra Express,Bengaluru,Patna Jn,Gaya Jn,Patna Jn,91.63,91.37,18.93,0.246,19.3,20,4,13.79,0.537,9.87,78.54,98.21,0,0,79.66,2026-03-16 21:19
TR00001,12123,Mumbai - Pune Express,Mumbai CST,Pune Jn,Karjat,Lonavala,227.01,46.99,21.26,0.388,26.6,19,1,10.12,0.374,11.48,194.58,53.97,0,0,347.15,2026-08-14 00:47
TR00002,11010,Deccan Express,Mumbai CST,Pune Jn,Dadar,Kalyan,92.98,117.86,12.94,0.158,34.2,4,3,6.34,0.436,12.75,79.7,126.39,0,0,61.38,2026-06-08 05:01
TR00003,12010,Shatabdi Express,Mumbai Central,Ahmedabad Jn,Mumbai Central,Borivali,125.32,68.5,44.13,0.222,21.8,21,5,12.26,0.779,42.4,107.42,58.93,0,0,164.46,2026-03-28 23:44
TR00004,12951,Mumbai Rajdhani,Mumbai Central,New Delhi,Vadodara,Kota Jn,545.12,104.76,46.74,0.227,24.9,8,6,19.68,0.393,20.34,467.25,98.01,0,1,492.82,2026-02-21 16:12
TR00005,12622,Tamil Nadu Express,New Delhi,Chennai Central,New Delhi,Bhopal Jn,173.28,39.54,21.96,0.447,32.2,12,1,4.0,0.25,4.45,148.52,51.89,0,0,305.85,2026-02-04 17:05
TR00006,12295,Sanghamitra Express,Bengaluru,Patna Jn,Guntakal Jn,Vijayawada,289.42,76.59,13.68,0.116,32.8,5,3,36.34,0.145,8.42,248.07,79.84,0,0,241.63,2026-03-08 09:01
TR00001,12123,Mumbai - Pune Express,Mumbai CST,Pune Jn,Dadar,Kalyan,197.04,20.0,27.21,0.116,25.8,19,6,40.17,0.163,22.88,168.89,27.32,0,0,643.57,2026-07-16 05:43
TR00002,11010,Deccan Express,Mumbai CST,Pune Jn,Kalyan,Lonavala,115.85,52.32,22.24,0.17,22.0,10,2,10.68,0.423,14.51,99.3,64.37,0,0,164.4,2026-05-20 12:44
TR00003,12010,Shatabdi Express,Mumbai Central,Ahmedabad Jn,Vapi,Surat,264.46,28.84,16.25,0.282,27.1,15,4,14.95,0.369,5.8,226.68,35.81,0,0,641.35,2026-07-22 01:41
TR00004,12951,Mumbai Rajdhani,Mumbai Central,New Delhi,Vadodara,Kota Jn,145.7,47.88,19.17,0.141,17.7,18,2,5.15,0.597,6.35,124.89,59.09,0,0,234.44,2026-05-18 21:54
TR00005,12622,Tamil Nadu Express,New Delhi,Chennai Central,Nagpur,Vijayawada,300.36,58.69,31.18,0.172,27.9,13,0,45.93,0.319,6.46,257.45,62.8,0,0,356.48,2026-05-18 18:56
TR00006,12295,Sanghamitra Express,Bengaluru,Patna Jn,Vijayawada,Gaya Jn,193.02,101.71,29.35,0.175,33.1,19,5,41.49,0.301,16.69,165.45,106.45,0,0,140.62,2026-08-10 21:20
TR00001,12123,Mumbai - Pune Express,Mumbai CST,Pune Jn,Lonavala,Pune Jn,432.13,113.65,33.77,0.233,30.8,17,6,22.72,0.042,2.26,370.4,113.49,1,0,269.2,2026-04-17 21:29
TR00002,11010,Deccan Express,Mumbai CST,Pune Jn,Kalyan,Lonavala,169.38,54.09,23.22,0.144,25.6,21,5,3.75,0.454,2.24,145.18,59.4,0,0,228.16,2026-07-19 00:48
TR00003,12010,Shatabdi Express,Mumbai Central,Ahmedabad Jn,Borivali,Vapi,264.83,101.78,38.54,0.162,30.9,9,5,19.92,0.247,12.33,227.0,103.17,1,0,201.83,2026-03-28 12:21
TR00004,12951,Mumbai Rajdhani,Mumbai Central,New Delhi,Vadodara,Kota Jn,33.83,54.72,19.47,0.014,31.9,5,4,10.08,0.331,14.89,28.99,52.42,0,0,53.21,2026-05-31 05:53
TR00005,12622,Tamil Nadu Express,New Delhi,Chennai Central,Bhopal Jn,Nagpur,199.2,114.3,14.95,0.13,19.2,7,1,25.1,0.309,3.68,170.74,111.46,0,0,124.0,2026-06-30 09:04
TR00006,12295,Sanghamitra Express,Bengaluru,Patna Jn,Guntakal Jn,Vijayawada,431.79,40.53,56.82,0.325,30.4,2,4,20.39,0.378,25.92,370.11,31.93,1,0,789.8,2026-05-25 15:09
TR00001,12123,Mumbai - Pune Express,Mumbai CST,Pune Jn,Lonavala,Pune Jn,239.62,55.66,22.25,0.226,16.0,19,6,10.38,0.32,3.57,205.39,50.75,0,1,392.26,2026-05-18 01:32
TR00002,11010,Deccan Express,Mumbai CST,Pune Jn,Lonavala,Pune Jn,161.48,75.77,29.06,0.431,25.0,3,6,15.28,0.278,5.55,138.41,57.61,0,0,152.6,2026-08-20 05:32
TR00003,12010,Shatabdi Express,Mumbai Central,Ahmedabad Jn,Surat,Vadodara,159.53,73.48,7.07,0.174,13.7,4,1,3.91,0.337,16.06,136.74,74.39,0,0,148.55,2026-02-12 06:28
TR00004,12951,Mumbai Rajdhani,Mumbai Central,New Delhi,Surat,Vadodara,218.17,60.91,34.76,0.163,29.5,9,4,7.53,0.63,12.1,187.0,72.06,0,0,287.07,2026-08-21 13:47
TR00005,12622,Tamil Nadu Express,New Delhi,Chennai Central,Bhopal Jn,Nagpur,193.21,50.95,21.19,0.42,36.9,18,6,4.9,0.153,4.09,165.61,52.82,0,1,346.0,2026-01-12 23:45
TR00006,12295,Sanghamitra Express,Bengaluru,Patna Jn,Guntakal Jn,Vijayawada,158.01,45.18,18.58,0.2,25.2,22,5,6.6,0.166,3.08,135.43,40.62,0,0,234.72,2026-01-13 01:54
TR00001,12123,Mumbai - Pune Express,Mumbai CST,Pune Jn,Kalyan,Karjat,131.92,75.88,20.32,0.166,23.6,10,0,0.1,0.472,5.7,113.07,75.07,0,0,127.03,2026-01-15 12:07
TR00002,11010,Deccan Express,Mumbai CST,Pune Jn,Mumbai CST,Dadar,144.82,48.63,41.88,0.265,27.3,22,3,34.05,0.317,13.87,124.13,44.27,0,0,226.8,2026-03-30 01:46
TR00003,12010,Shatabdi Express,Mumbai Central,Ahmedabad Jn,Vadodara,Ahmedabad Jn,182.68,49.96,33.1,0.115,29.2,9,6,42.95,0.417,8.87,156.58,54.28,0,0,265.94,2026-01-17 13:25
TR00004,12951,Mumbai Rajdhani,Mumbai Central,New Delhi,Mumbai Central,Surat,235.74,45.21,14.59,0.013,36.1,23,6,11.55,0.021,9.51,202.06,45.86,0,1,404.59,2026-02-23 05:44
TR00005,12622,Tamil Nadu Express,New Delhi,Chennai Central,New Delhi,Bhopal Jn,486.21,101.02,18.14,0.222,31.4,3,0,24.1,0.096,18.13,416.75,120.23,0,0,313.9,2026-08-09 08:13
TR00006,12295,Sanghamitra Express,Bengaluru,Patna Jn,Vijayawada,Gaya Jn,179.16,42.09,13.54,0.041,27.0,19,3,17.99,0.081,4.16,153.56,42.03,0,0,265.2,2026-07-17 23:25
TR00001,12123,Mumbai - Pune Express,Mumbai CST,Pune Jn,Dadar,Kalyan,315.11,65.17,17.64,0.145,24.0,19,0,6.63,0.118,17.47,270.09,75.28,0,0,315.91,2026-04-02 00:15
TR00002,11010,Deccan Express,Mumbai CST,Pune Jn,Kalyan,Lonavala,479.61,31.18,30.49,0.364,25.2,11,5,18.21,0.489,14.35,411.1,35.62,0,0,1130.12,2026-02-16 05:50
TR00003,12010,Shatabdi Express,Mumbai Central,Ahmedabad Jn,Surat,Vadodara,271.7,60.95,40.05,0.681,27.5,6,0,34.47,0.218,4.01,232.89,55.75,0,0,338.74,2026-02-11 11:38
TR00004,12951,Mumbai Rajdhani,Mumbai Central,New Delhi,Vadodara,Kota Jn,248.61,83.73,28.38,0.32,26.1,3,4,16.26,0.195,4.95,213.09,74.25,0,1,268.23,2026-05-21 07:28
TR00005,12622,Tamil Nadu Express,New Delhi,Chennai Central,Nagpur,Vijayawada,222.85,101.77,13.55,0.288,37.5,15,5,8.54,0.415,3.95,191.02,105.82,0,0,152.68,2026-04-09 17:32
TR00006,12295,Sanghamitra Express,Bengaluru,Patna Jn,Bengaluru,Guntakal Jn,307.57,40.75,21.1,0.364,31.0,19,3,9.33,0.189,8.83,263.63,30.86,0,0,511.12,2026-06-30 03:31
TR00001,12123,Mumbai - Pune Express,Mumbai CST,Pune Jn,Mumbai CST,Dadar,75.08,73.55,66.4,0.678,22.9,19,0,39.8,0.702,5.42,64.35,65.9,1,0,124.51,2026-08-07 21:04
TR00002,11010,Deccan Express,Mumbai CST,Pune Jn,Lonavala,Pune Jn,188.92,99.02,21.47,0.084,30.5,19,6,39.3,0.097,9.93,161.93,104.69,0,0,130.28,2026-02-03 21:10
TR00003,12010,Shatabdi Express,Mumbai Central,Ahmedabad Jn,Mumbai Central,Borivali,392.47,64.08,10.05,0.125,26.9,19,6,13.14,0.237,12.08,336.4,58.77,0,0,410.04,2026-08-27 01:50
TR00004,12951,Mumbai Rajdhani,Mumbai Central,New Delhi,Surat,Vadodara,110.72,52.7,19.74,0.384,41.5,19,3,5.42,0.474,11.09,94.9,55.12,0,0,159.51,2026-01-14 21:39
TR00005,12622,Tamil Nadu Express,New Delhi,Chennai Central,New Delhi,Bhopal Jn,181.97,72.95,5.71,0.293,25.5,17,0,13.73,0.238,0.69,155.97,62.53,0,0,167.4,2026-02-02 19:47
TR00006,12295,Sanghamitra Express,Bengaluru,Patna Jn,Vijayawada,Gaya Jn,316.46,82.72,16.87,0.101,35.3,18,3,16.18,0.233,18.44,271.25,85.9,0,0,250.15,2026-01-21 22:10
TR00001,12123,Mumbai - Pune Express,Mumbai CST,Pune Jn,Lonavala,Pune Jn,343.25,34.17,18.84,0.12,24.6,9,4,9.67,0.23,26.14,294.21,20.0,0,0,662.04,2026-04-15 20:02
TR00002,11010,Deccan Express,Mumbai CST,Pune Jn,Mumbai CST,Dadar,291.52,36.7,7.61,0.23,18.8,20,2,10.82,0.137,14.19,249.88,31.1,0,0,513.09,2026-01-02 04:33
TR00003,12010,Shatabdi Express,Mumbai Central,Ahmedabad Jn,Vadodara,Ahmedabad Jn,270.12,84.09,13.02,0.103,34.3,3,2,38.23,0.125,6.25,231.53,85.89,0,0,206.18,2026-03-08 06:26
TR00004,12951,Mumbai Rajdhani,Mumbai Central,New Delhi,Vadodara,Kota Jn,99.17,80.25,16.4,0.374,16.1,7,1,7.06,0.282,4.28,85.0,78.84,0,0,95.4,2026-08-18 08:35
TR00005,12622,Tamil Nadu Express,New Delhi,Chennai Central,Vijayawada,Chennai Central,309.76,66.92,23.16,0.267,24.4,4,2,7.66,0.535,0.57,265.51,66.69,0,1,453.29,2026-02-27 11:33
TR00006,12295,Sanghamitra Express,Bengaluru,Patna Jn,Vijayawada,Gaya Jn,203.3,74.64,7.93,0.098,16.7,6,1,4.64,0.297,10.56,174.26,69.73,0,1,229.5,2026-03-11 09:49
TR00001,12123,Mumbai - Pune Express,Mumbai CST,Pune Jn,Kalyan,Karjat,123.17,81.24,21.1,0.549,15.7,11,2,1.78,0.227,2.07,105.57,78.32,0,0,115.03,2026-06-22 12:55
TR00002,11010,Deccan Express,Mumbai CST,Pune Jn,Dadar,Kalyan,165.43,44.22,4.2,0.135,37.8,17,2,7.33,0.184,10.04,141.8,39.04,0,0,244.19,2026-07-28 21:04
TR00003,12010,Shatabdi Express,Mumbai Central,Ahmedabad Jn,Vadodara,Ahmedabad Jn,94.78,53.11,31.1,0.273,21.1,3,1,38.34,0.435,8.37,81.24,39.56,0,0,142.64,2026-03-27 05:22
TR00004,12951,Mumbai Rajdhani,Mumbai Central,New Delhi,Kota Jn,New Delhi,369.59,56.48,10.21,0.054,28.0,15,6,16.13,0.136,2.05,316.79,49.8,0,0,415.86,2026-02-04 21:55
TR00005,12622,Tamil Nadu Express,New Delhi,Chennai Central,Bhopal Jn,Nagpur,404.99,49.77,1.97,0.112,24.3,7,0,17.66,0.115,5.33,347.14,61.47,0,0,514.55,2026-06-19 15:34
TR00006,12295,Sanghamitra Express,Bengaluru,Patna Jn,Vijayawada,Gaya Jn,225.22,95.65,11.88,0.223,30.1,9,5,10.4,0.395,19.87,193.04,100.29,0,0,172.28,2026-05-24 11:52
TR00001,12123,Mumbai - Pune Express,Mumbai CST,Pune Jn,Kalyan,Karjat,284.86,67.51,14.06,0.198,24.4,6,5,15.25,0.166,15.25,244.17,61.79,0,0,282.92,2026-01-19 10:42
TR00002,11010,Deccan Express,Mumbai CST,Pune Jn,Dadar,Kalyan,151.89,55.09,14.55,0.047,17.4,21,5,2.28,0.347,0.78,130.19,48.88,0,0,189.77,2026-08-24 00:09
TR00003,12010,Shatabdi Express,Mumbai Central,Ahmedabad Jn,Surat,Vadodara,256.8,93.52,29.54,0.088,19.6,3,3,66.98,0.326,21.04,220.12,90.78,0,0,200.82,2026-01-24 06:20
TR00004,12951,Mumbai Rajdhani,Mumbai Central,New Delhi,Surat,Vadodara,196.96,67.6,14.84,0.177,25.7,8,4,19.91,0.221,2.41,168.82,68.45,0,0,195.89,2026-01-03 11:15
TR00005,12622,Tamil Nadu Express,New Delhi,Chennai Central,Vijayawada,Chennai Central,230.87,92.36,26.98,0.344,20.1,13,4,38.12,0.156,5.1,197.89,91.25,0,0,181.81,2026-01-31 16:01
TR00006,12295,Sanghamitra Express,Bengaluru,Patna Jn,Gaya Jn,Patna Jn,190.87,60.4,13.11,0.117,29.6,16,4,14.06,0.628,4.81,163.6,58.08,0,0,236.29,2026-03-21 19:56
TR00001,12123,Mumbai - Pune Express,Mumbai CST,Pune Jn,Dadar,Kalyan,283.75,66.47,19.63,0.181,28.4,13,3,21.2,0.53,15.82,243.22,48.34,0,0,322.77,2026-01-31 18:22
TR00002,11010,Deccan Express,Mumbai CST,Pune Jn,Mumbai CST,Dadar,264.75,94.62,6.92,0.208,40.5,17,3,8.4,0.054,4.25,226.93,93.28,0,0,175.95,2026-05-06 19:55
TR00003,12010,Shatabdi Express,Mumbai Central,Ahmedabad Jn,Vadodara,Ahmedabad Jn,247.01,35.56,16.82,0.254,34.8,5,5,16.9,0.114,2.98,211.73,29.71,0,0,456.01,2026-04-01 12:36
TR00004,12951,Mumbai Rajdhani,Mumbai Central,New Delhi,Mumbai Central,Surat,141.78,72.84,26.54,0.066,21.8,14,3,27.31,0.426,16.35,121.53,64.19,0,0,143.02,2026-07-01 16:23
TR00005,12622,Tamil Nadu Express,New Delhi,Chennai Central,Nagpur,Vijayawada,371.95,72.71,0.0,0.173,27.9,14,5,1.01,0.037,0.17,318.81,63.34,0,0,320.8,2026-01-30 19:20
TR00006,12295,Sanghamitra Express,Bengaluru,Patna Jn,Guntakal Jn,Vijayawada,186.5,74.18,31.42,0.232,25.6,0,6,18.73,0.501,13.28,159.86,70.19,0,0,195.37,2026-04-16 03:15
TR00001,12123,Mumbai - Pune Express,Mumbai CST,Pune Jn,Lonavala,Pune Jn,269.11,41.91,19.63,0.237,30.5,7,4,1.46,0.538,1.37,230.66,37.04,0,0,473.19,2026-07-27 14:53
TR00002,11010,Deccan Express,Mumbai CST,Pune Jn,Dadar,Kalyan,118.62,70.28,0.0,0.039,29.9,7,0,3.44,0.061,7.27,101.67,64.17,0,0,104.03,2026-03-12 08:44
TR00003,12010,Shatabdi Express,Mumbai Central,Ahmedabad Jn,Mumbai Central,Borivali,93.73,90.94,28.83,0.025,23.8,10,2,34.89,0.198,6.1,80.34,91.81,0,0,71.44,2026-01-06 11:11
TR00004,12951,Mumbai Rajdhani,Mumbai Central,New Delhi,Vadodara,Kota Jn,200.48,84.53,14.33,0.135,33.6,5,5,20.6,0.308,3.39,171.84,78.16,0,0,165.59,2026-01-22 07:45
TR00005,12622,Tamil Nadu Express,New Delhi,Chennai Central,Bhopal Jn,Nagpur,108.15,75.81,17.4,0.066,22.3,11,3,12.33,0.273,7.03,92.7,78.45,0,0,94.9,2026-01-02 12:34
TR00006,12295,Sanghamitra Express,Bengaluru,Patna Jn,Gaya Jn,Patna Jn,94.1,49.49,30.57,0.373,32.5,1,5,16.07,0.349,4.46,80.65,57.6,0,0,152.62,2026-06-13 03:32
TR00001,12123,Mumbai - Pune Express,Mumbai CST,Pune Jn,Dadar,Kalyan,403.7,64.23,13.52,0.224,44.7,21,3,11.35,0.063,9.8,346.02,59.33,0,0,405.46,2026-02-03 03:45
TR00002,11010,Deccan Express,Mumbai CST,Pune Jn,Lonavala,Pune Jn,176.29,56.76,5.06,0.048,20.3,16,1,5.69,0.112,1.79,151.11,70.33,0,0,197.64,2026-04-30 19:17
TR00003,12010,Shatabdi Express,Mumbai Central,Ahmedabad Jn,Surat,Vadodara,230.64,82.81,21.75,0.24,28.6,10,5,3.9,0.104,9.57,197.69,76.08,0,0,189.43,2026-05-17 13:09
TR00004,12951,Mumbai Rajdhani,Mumbai Central,New Delhi,Kota Jn,New Delhi,318.02,103.44,15.0,0.131,23.2,22,0,14.01,0.188,6.4,272.59,89.31,0,0,211.02,2026-06-27 01:31
TR00005,12622,Tamil Nadu Express,New Delhi,Chennai Central,Vijayawada,Chennai Central,306.63,52.27,18.87,0.176,33.1,9,2,20.65,0.499,11.26,262.83,46.08,0,0,418.22,2026-02-22 15:58
TR00006,12295,Sanghamitra Express,Bengaluru,Patna Jn,Bengaluru,Guntakal Jn,178.09,60.31,6.87,0.293,30.3,13,2,14.57,0.139,1.48,152.65,52.32,0,0,195.84,2026-04-29 16:15
TR00001,12123,Mumbai - Pune Express,Mumbai CST,Pune Jn,Mumbai CST,Dadar,384.74,65.94,13.12,0.101,23.6,19,5,18.81,0.435,5.96,329.78,63.5,0,0,407.49,2026-03-13 01:47
TR00002,11010,Deccan Express,Mumbai CST,Pune Jn,Dadar,Kalyan,222.05,73.6,20.48,0.098,20.5,7,5,15.67,0.273,6.75,190.33,74.69,0,0,209.23,2026-04-26 10:29
TR00003,12010,Shatabdi Express,Mumbai Central,Ahmedabad Jn,Borivali,Vapi,262.8,57.85,19.39,0.01,20.4,23,0,29.51,0.23,1.74,225.25,63.15,0,0,301.29,2026-02-21 04:01
TR00004,12951,Mumbai Rajdhani,Mumbai Central,New Delhi,Kota Jn,New Delhi,587.22,67.9,11.64,0.23,25.0,10,2,1.8,0.424,5.09,503.33,70.8,0,0,618.44,2026-02-16 20:18
TR00005,12622,Tamil Nadu Express,New Delhi,Chennai Central,Vijayawada,Chennai Central,116.08,88.81,39.63,0.443,31.6,7,0,19.83,0.361,8.86,99.5,84.38,0,1,142.27,2026-05-02 09:22
TR00006,12295,Sanghamitra Express,Bengaluru,Patna Jn,Guntakal Jn,Vijayawada,114.41,75.02,12.82,0.296,22.6,3,5,3.32,0.187,6.68,98.07,59.65,0,0,100.79,2026-08-16 04:40
TR00001,12123,Mumbai - Pune Express,Mumbai CST,Pune Jn,Dadar,Kalyan,162.85,54.85,31.83,0.184,24.2,5,1,3.75,0.491,32.45,139.58,67.33,0,0,220.43,2026-05-24 08:40
TR00002,11010,Deccan Express,Mumbai CST,Pune Jn,Dadar,Kalyan,336.24,52.73,17.54,0.168,37.5,10,6,23.39,0.154,3.37,288.2,63.08,0,0,414.75,2026-07-10 16:54
TR00003,12010,Shatabdi Express,Mumbai Central,Ahmedabad Jn,Vapi,Surat,192.23,78.59,20.45,0.439,32.8,20,3,4.41,0.315,14.2,164.77,92.02,0,0,175.12,2026-02-11 22:55
TR00004,12951,Mumbai Rajdhani,Mumbai Central,New Delhi,Vadodara,Kota Jn,163.42,86.35,35.12,0.116,38.0,14,0,41.89,0.495,7.32,140.08,84.31,0,1,195.71,2026-03-31 17:15
TR00005,12622,Tamil Nadu Express,New Delhi,Chennai Central,Nagpur,Vijayawada,250.13,90.42,34.08,0.297,24.5,15,2,11.43,0.564,24.72,214.39,82.4,0,0,222.68,2026-01-10 18:42
TR00006,12295,Sanghamitra Express,Bengaluru,Patna Jn,Gaya Jn,Patna Jn,276.82,84.22,26.4,0.263,38.4,4,1,19.26,0.299,1.63,237.28,82.16,0,0,234.25,2026-05-13 07:54
TR00001,12123,Mumbai - Pune Express,Mumbai CST,Pune Jn,Karjat,Lonavala,113.91,43.09,18.83,0.052,19.3,7,4,11.07,0.106,28.49,97.63,32.73,0,0,169.9,2026-06-01 09:49
TR00002,11010,Deccan Express,Mumbai CST,Pune Jn,Kalyan,Lonavala,179.66,35.37,20.29,0.313,25.1,0,0,1.36,0.16,13.83,153.99,31.5,0,0,338.66,2026-08-12 05:38
TR00003,12010,Shatabdi Express,Mumbai Central,Ahmedabad Jn,Vapi,Surat,398.27,101.95,17.47,0.05,24.6,19,6,7.14,0.462,2.27,341.37,89.48,0,0,276.01,2026-05-17 23:36
TR00004,12951,Mumbai Rajdhani,Mumbai Central,New Delhi,Mumbai Central,Surat,215.19,75.85,11.95,0.452,24.5,19,5,9.03,0.264,4.1,184.45,64.23,0,0,204.87,2026-04-23 22:24
TR00005,12622,Tamil Nadu Express,New Delhi,Chennai Central,Vijayawada,Chennai Central,363.12,89.46,23.3,0.044,32.3,23,5,20.63,0.521,3.05,311.24,83.48,0,0,299.05,2026-02-16 03:59
TR00006,12295,Sanghamitra Express,Bengaluru,Patna Jn,Gaya Jn,Patna Jn,168.03,76.84,32.5,0.044,32.6,7,6,12.28,0.489,22.84,144.02,64.35,0,0,163.0,2026-05-24 09:42
TR00001,12123,Mumbai - Pune Express,Mumbai CST,Pune Jn,Karjat,Lonavala,213.74,98.79,34.67,0.44,26.5,23,2,12.11,0.519,1.45,183.21,102.13,1,0,195.82,2026-04-08 02:15
TR00002,11010,Deccan Express,Mumbai CST,Pune Jn,Dadar,Kalyan,183.83,74.7,16.18,0.123,26.5,21,0,10.52,0.194,9.77,157.57,78.72,0,0,164.71,2026-05-12 23:44
TR00003,12010,Shatabdi Express,Mumbai Central,Ahmedabad Jn,Vapi,Surat,289.58,67.5,23.9,0.206,29.9,8,3,10.45,0.182,4.19,248.21,43.66,0,0,288.18,2026-04-10 12:48
TR00004,12951,Mumbai Rajdhani,Mumbai Central,New Delhi,Kota Jn,New Delhi,263.63,55.27,30.42,0.573,37.4,5,0,10.09,0.546,4.57,225.97,61.62,0,0,386.68,2026-01-27 11:26
TR00005,12622,Tamil Nadu Express,New Delhi,Chennai Central,New Delhi,Bhopal Jn,169.58,72.53,33.84,0.201,43.7,15,6,41.86,0.246,3.16,145.36,73.31,0,0,169.04,2026-08-19 17:49
TR00006,12295,Sanghamitra Express,Bengaluru,Patna Jn,Gaya Jn,Patna Jn,309.36,92.0,25.6,0.171,24.4,21,6,18.03,0.418,3.51,265.17,108.25,0,0,250.92,2026-07-17 01:10
TR00001,12123,Mumbai - Pune Express,Mumbai CST,Pune Jn,Dadar,Kalyan,380.17,99.14,11.29,0.078,17.8,23,4,3.07,0.333,13.7,325.86,96.68,0,0,260.36,2026-03-10 03:20
TR00002,11010,Deccan Express,Mumbai CST,Pune Jn,Dadar,Kalyan,70.32,69.78,16.87,0.404,29.6,16,5,1.37,0.215,7.92,60.28,74.43,0,0,77.0,2026-03-14 17:17
TR00003,12010,Shatabdi Express,Mumbai Central,Ahmedabad Jn,Mumbai Central,Borivali,173.58,69.88,27.48,0.273,17.8,22,6,17.08,0.243,8.79,148.78,76.14,0,0,181.98,2026-02-08 01:01
TR00004,12951,Mumbai Rajdhani,Mumbai Central,New Delhi,Surat,Vadodara,283.66,72.79,12.36,0.063,35.1,1,2,27.15,0.152,8.75,243.14,72.96,0,0,261.56,2026-07-01 05:21
TR00005,12622,Tamil Nadu Express,New Delhi,Chennai Central,Nagpur,Vijayawada,263.28,81.41,21.23,0.037,33.8,20,4,27.15,0.507,4.83,225.67,74.32,0,0,237.86,2026-06-21 23:57
TR00006,12295,Sanghamitra Express,Bengaluru,Patna Jn,Vijayawada,Gaya Jn,330.47,63.48,37.13,0.323,32.4,4,1,32.32,0.696,14.73,283.26,72.74,0,0,416.1,2026-04-25 10:56
TR00001,12123,Mumbai - Pune Express,Mumbai CST,Pune Jn,Lonavala,Pune Jn,135.58,89.8,18.47,0.274,20.1,3,3,13.84,0.176,7.19,116.21,92.63,0,1,136.92,2026-04-26 05:16
TR00002,11010,Deccan Express,Mumbai CST,Pune Jn,Dadar,Kalyan,385.19,62.28,13.2,0.105,27.7,13,2,22.57,0.082,12.53,330.16,51.25,0,0,389.3,2026-05-25 19:29
TR00003,12010,Shatabdi Express,Mumbai Central,Ahmedabad Jn,Vadodara,Ahmedabad Jn,324.95,100.85,24.95,0.347,28.8,2,4,6.82,0.381,1.19,278.53,104.26,0,0,236.52,2026-04-05 05:56
TR00004,12951,Mumbai Rajdhani,Mumbai Central,New Delhi,Mumbai Central,Surat,183.14,63.47,24.57,0.242,25.7,13,1,9.3,0.183,5.14,156.98,73.32,1,0,216.75,2026-03-06 16:36
TR00005,12622,Tamil Nadu Express,New Delhi,Chennai Central,Nagpur,Vijayawada,127.22,85.2,17.63,0.482,34.4,12,4,33.81,0.052,13.13,109.05,89.73,0,0,102.45,2026-04-20 13:42
TR00006,12295,Sanghamitra Express,Bengaluru,Patna Jn,Vijayawada,Gaya Jn,211.01,96.13,30.37,0.068,18.4,1,1,3.08,0.74,7.48,180.86,107.67,0,0,183.43,2026-03-02 04:03
TR00001,12123,Mumbai - Pune Express,Mumbai CST,Pune Jn,Dadar,Kalyan,83.16,70.73,3.16,0.075,26.2,18,0,4.32,0.023,13.33,71.28,59.19,0,0,81.41,2026-02-21 19:21
TR00002,11010,Deccan Express,Mumbai CST,Pune Jn,Kalyan,Lonavala,129.55,103.27,31.18,0.316,22.2,0,2,21.89,0.052,4.03,111.05,117.81,1,0,107.14,2026-01-25 01:47
TR00003,12010,Shatabdi Express,Mumbai Central,Ahmedabad Jn,Borivali,Vapi,233.91,37.96,49.24,0.263,16.9,12,1,8.77,0.519,9.62,200.49,46.93,0,1,611.41,2026-03-26 22:11
TR00004,12951,Mumbai Rajdhani,Mumbai Central,New Delhi,Vadodara,Kota Jn,193.99,123.45,19.37,0.067,18.4,12,5,12.48,0.608,4.51,166.28,123.61,0,0,122.92,2026-02-19 14:02
TR00005,12622,Tamil Nadu Express,New Delhi,Chennai Central,Vijayawada,Chennai Central,236.4,54.42,13.7,0.184,24.9,7,1,9.69,0.197,6.88,202.63,35.98,0,0,293.22,2026-02-06 11:53
TR00006,12295,Sanghamitra Express,Bengaluru,Patna Jn,Vijayawada,Gaya Jn,231.68,64.63,16.2,0.215,43.9,3,4,17.43,0.178,17.07,198.58,66.32,0,0,237.82,2026-07-12 06:57
TR00001,12123,Mumbai - Pune Express,Mumbai CST,Pune Jn,Mumbai CST,Dadar,150.95,58.78,15.57,0.248,31.6,9,5,16.1,0.304,3.18,129.38,54.95,0,0,183.61,2026-01-26 12:03
TR00002,11010,Deccan Express,Mumbai CST,Pune Jn,Dadar,Kalyan,588.39,63.1,27.21,0.119,33.5,11,0,40.87,0.116,4.5,504.33,69.97,0,0,603.29,2026-06-09 21:03
TR00003,12010,Shatabdi Express,Mumbai Central,Ahmedabad Jn,Vapi,Surat,259.8,67.18,7.54,0.206,25.2,1,5,22.3,0.156,1.07,222.68,63.93,0,0,252.96,2026-03-07 05:12
TR00004,12951,Mumbai Rajdhani,Mumbai Central,New Delhi,Mumbai Central,Surat,391.35,97.65,12.0,0.483,19.7,15,3,6.91,0.085,4.78,335.44,118.13,0,0,272.08,2026-03-12 19:32
TR00005,12622,Tamil Nadu Express,New Delhi,Chennai Central,New Delhi,Bhopal Jn,273.4,90.48,10.2,0.047,23.6,16,0,6.33,0.571,2.35,234.34,93.68,0,0,211.87,2026-04-25 19:31
TR00006,12295,Sanghamitra Express,Bengaluru,Patna Jn,Vijayawada,Gaya Jn,203.3,89.06,30.13,0.096,40.7,1,0,42.6,0.322,6.48,174.26,101.97,0,0,170.49,2026-01-22 03:50
TR00001,12123,Mumbai - Pune Express,Mumbai CST,Pune Jn,Dadar,Kalyan,212.2,66.85,21.46,0.124,13.5,15,1,7.07,0.351,11.94,181.88,80.18,0,0,223.67,2026-03-03 18:43
TR00002,11010,Deccan Express,Mumbai CST,Pune Jn,Dadar,Kalyan,75.99,108.1,30.85,0.254,24.4,21,3,22.26,0.35,5.14,65.13,106.39,1,0,75.94,2026-03-16 22:15
TR00003,12010,Shatabdi Express,Mumbai Central,Ahmedabad Jn,Surat,Vadodara,229.61,109.3,6.78,0.097,30.0,13,5,9.32,0.241,6.64,196.81,108.78,0,0,143.26,2026-08-12 15:23
TR00004,12951,Mumbai Rajdhani,Mumbai Central,New Delhi,Vadodara,Kota Jn,268.5,72.74,25.4,0.076,19.8,5,6,6.04,0.278,9.81,230.14,75.5,1,0,268.03,2026-02-17 09:28
TR00005,12622,Tamil Nadu Express,New Delhi,Chennai Central,Vijayawada,Chennai Central,85.8,91.58,19.68,0.058,29.9,2,2,18.99,0.221,5.67,73.54,82.04,0,0,65.32,2026-01-01 03:05
TR00006,12295,Sanghamitra Express,Bengaluru,Patna Jn,Guntakal Jn,Vijayawada,376.99,77.14,3.9,0.118,23.8,12,6,9.23,0.045,5.83,323.13,84.85,0,0,306.57,2026-07-30 17:06
TR00001,12123,Mumbai - Pune Express,Mumbai CST,Pune Jn,Dadar,Kalyan,459.02,83.82,14.83,0.089,33.8,17,6,6.07,0.337,11.86,393.44,76.36,0,0,370.46,2026-06-19 23:10
TR00002,11010,Deccan Express,Mumbai CST,Pune Jn,Mumbai CST,Dadar,284.22,80.25,31.9,0.265,32.7,1,0,23.81,0.262,20.98,243.62,95.39,0,0,259.07,2026-02-21 05:19
TR00003,12010,Shatabdi Express,Mumbai Central,Ahmedabad Jn,Mumbai Central,Borivali,364.3,99.78,14.95,0.305,20.5,2,0,17.03,0.139,21.39,312.25,109.85,0,0,252.13,2026-04-11 06:12
TR00004,12951,Mumbai Rajdhani,Mumbai Central,New Delhi,Kota Jn,New Delhi,413.8,130.0,22.5,0.139,30.5,21,3,4.04,0.438,4.63,354.69,130.0,0,0,229.93,2026-02-23 00:49
TR00005,12622,Tamil Nadu Express,New Delhi,Chennai Central,Nagpur,Vijayawada,165.71,104.71,30.86,0.508,29.5,13,6,6.87,0.336,5.8,142.04,96.05,0,1,164.89,2026-02-15 15:44
TR00006,12295,Sanghamitra Express,Bengaluru,Patna Jn,Bengaluru,Guntakal Jn,101.95,73.54,18.39,0.113,30.9,2,2,30.16,0.264,9.93,87.39,69.4,0,0,99.85,2026-02-22 03:39
TR00001,12123,Mumbai - Pune Express,Mumbai CST,Pune Jn,Mumbai CST,Dadar,305.22,113.69,10.68,0.069,41.3,14,5,6.03,0.288,8.64,261.62,117.74,0,0,177.52,2026-06-05 16:57
TR00002,11010,Deccan Express,Mumbai CST,Pune Jn,Kalyan,Lonavala,282.53,79.86,20.27,0.22,27.7,7,2,32.52,0.281,4.13,242.16,70.8,0,0,248.64,2026-01-25 11:08
TR00003,12010,Shatabdi Express,Mumbai Central,Ahmedabad Jn,Mumbai Central,Borivali,291.73,91.29,27.73,0.193,22.6,13,0,9.75,0.365,15.31,250.05,97.73,0,0,231.52,2026-07-15 16:51
TR00004,12951,Mumbai Rajdhani,Mumbai Central,New Delhi,Kota Jn,New Delhi,123.91,81.17,24.64,0.176,25.5,3,0,28.11,0.201,6.69,106.21,79.3,0,0,114.59,2026-04-06 04:54
TR00005,12622,Tamil Nadu Express,New Delhi,Chennai Central,Bhopal Jn,Nagpur,261.52,100.15,4.12,0.185,29.3,9,0,7.66,0.085,11.57,224.16,107.05,0,0,173.86,2026-08-12 11:53
TR00006,12295,Sanghamitra Express,Bengaluru,Patna Jn,Gaya Jn,Patna Jn,277.65,85.45,31.16,0.054,33.1,19,0,43.68,0.415,14.25,237.99,97.82,0,1,296.62,2026-08-16 23:56
TR00001,12123,Mumbai - Pune Express,Mumbai CST,Pune Jn,Dadar,Kalyan,134.76,95.21,21.53,0.253,19.5,18,0,23.94,0.212,12.32,115.51,92.19,0,0,104.38,2026-05-09 19:44
TR00002,11010,Deccan Express,Mumbai CST,Pune Jn,Mumbai CST,Dadar,174.94,81.15,16.69,0.032,16.9,23,2,16.72,0.215,10.13,149.95,70.28,1,0,150.53,2026-06-04 01:30
TR00003,12010,Shatabdi Express,Mumbai Central,Ahmedabad Jn,Mumbai Central,Borivali,191.06,103.25,22.21,0.279,36.5,12,6,5.35,0.268,21.24,163.76,102.67,0,0,127.89,2026-01-17 14:07
TR00004,12951,Mumbai Rajdhani,Mumbai Central,New Delhi,Surat,Vadodara,216.85,61.76,24.73,0.333,31.0,22,1,15.56,0.211,11.47,185.87,67.03,0,0,241.61,2026-04-11 02:01
TR00005,12622,Tamil Nadu Express,New Delhi,Chennai Central,Vijayawada,Chennai Central,387.83,68.46,11.47,0.116,41.7,11,1,8.67,0.265,12.81,332.42,58.82,0,0,376.65,2026-04-16 17:16
TR00006,12295,Sanghamitra Express,Bengaluru,Patna Jn,Bengaluru,Guntakal Jn,430.53,60.48,11.03,0.144,10.0,9,3,5.82,0.21,17.16,369.03,51.75,0,0,467.47,2026-03-11 16:47
TR00001,12123,Mumbai - Pune Express,Mumbai CST,Pune Jn,Kalyan,Karjat,455.64,67.72,21.56,0.587,30.9,3,4,2.88,0.358,6.76,390.55,80.82,0,0,496.92,2026-01-15 11:16
TR00002,11010,Deccan Express,Mumbai CST,Pune Jn,Mumbai CST,Dadar,102.08,43.15,47.29,0.074,20.0,7,1,12.27,0.447,5.0,87.5,49.06,1,0,194.92,2026-05-08 10:14
TR00003,12010,Shatabdi Express,Mumbai Central,Ahmedabad Jn,Vadodara,Ahmedabad Jn,234.04,93.32,19.29,0.344,32.0,13,1,7.3,0.566,9.47,200.61,96.07,0,0,195.23,2026-08-23 16:15
TR00004,12951,Mumbai Rajdhani,Mumbai Central,New Delhi,Surat,Vadodara,349.24,130.0,22.84,0.192,18.1,17,4,10.58,0.347,27.24,299.35,130.0,0,0,189.87,2026-01-30 20:09
TR00005,12622,Tamil Nadu Express,New Delhi,Chennai Central,Vijayawada,Chennai Central,150.75,71.16,10.74,0.165,25.9,10,4,14.13,0.128,9.65,129.22,64.6,0,0,131.79,2026-01-20 12:11
TR00006,12295,Sanghamitra Express,Bengaluru,Patna Jn,Guntakal Jn,Vijayawada,308.13,63.71,25.43,0.114,33.2,1,6,46.09,0.402,0.99,264.11,65.65,0,0,344.19,2026-05-01 06:44
TR00001,12123,Mumbai - Pune Express,Mumbai CST,Pune Jn,Karjat,Lonavala,191.02,77.14,24.11,0.12,25.1,2,6,14.68,0.33,7.75,163.73,86.99,0,0,175.61,2026-03-10 04:55
TR00002,11010,Deccan Express,Mumbai CST,Pune Jn,Lonavala,Pune Jn,110.43,47.85,25.08,0.651,28.9,14,6,18.46,0.368,17.06,94.65,35.92,0,0,185.19,2026-01-23 17:05
TR00003,12010,Shatabdi Express,Mumbai Central,Ahmedabad Jn,Borivali,Vapi,98.87,70.71,31.16,0.15,17.3,2,1,4.03,0.413,12.96,84.74,79.44,1,0,119.91,2026-02-13 03:59
TR00004,12951,Mumbai Rajdhani,Mumbai Central,New Delhi,Vadodara,Kota Jn,230.69,76.38,12.05,0.079,20.2,18,4,7.43,0.327,4.07,197.73,70.28,0,0,202.17,2026-04-01 21:22
TR00005,12622,Tamil Nadu Express,New Delhi,Chennai Central,Vijayawada,Chennai Central,183.93,78.07,17.85,0.11,20.6,17,0,18.84,0.201,5.58,157.65,71.19,0,0,159.6,2026-02-18 19:39
TR00006,12295,Sanghamitra Express,Bengaluru,Patna Jn,Vijayawada,Gaya Jn,379.33,71.39,16.59,0.252,24.5,20,2,20.66,0.226,0.02,325.14,76.83,0,0,359.99,2026-01-29 01:59
TR00001,12123,Mumbai - Pune Express,Mumbai CST,Pune Jn,Karjat,Lonavala,176.49,73.06,22.02,0.096,38.1,3,5,22.77,0.254,12.24,151.28,76.5,0,0,171.4,2026-04-30 05:51
TR00002,11010,Deccan Express,Mumbai CST,Pune Jn,Kalyan,Lonavala,489.54,58.88,25.46,0.113,31.0,18,5,27.62,0.246,4.76,419.6,71.74,0,0,547.63,2026-01-29 03:07
TR00003,12010,Shatabdi Express,Mumbai Central,Ahmedabad Jn,Vadodara,Ahmedabad Jn,192.93,78.45,27.16,0.215,20.6,6,4,14.79,0.134,5.94,165.37,77.79,0,0,169.71,2026-04-30 08:49
TR00004,12951,Mumbai Rajdhani,Mumbai Central,New Delhi,Mumbai Central,Surat,217.49,71.36,12.83,0.311,39.2,7,2,5.0,0.29,6.46,186.42,53.52,0,0,218.05,2026-05-03 10:38
TR00005,12622,Tamil Nadu Express,New Delhi,Chennai Central,Vijayawada,Chennai Central,173.25,62.9,10.37,0.217,33.1,22,4,15.78,0.25,10.16,148.5,64.37,0,0,189.74,2026-04-11 01:09
TR00006,12295,Sanghamitra Express,Bengaluru,Patna Jn,Bengaluru,Guntakal Jn,134.37,53.44,20.84,0.034,34.8,16,3,15.17,0.118,6.99,115.18,56.13,0,0,172.28,2026-07-07 18:52
TR00001,12123,Mumbai - Pune Express,Mumbai CST,Pune Jn,Lonavala,Pune Jn,86.38,112.78,20.19,0.143,25.7,19,1,28.16,0.107,4.78,74.04,115.79,0,0,56.87,2026-04-15 19:56
TR00002,11010,Deccan Express,Mumbai CST,Pune Jn,Dadar,Kalyan,140.75,50.57,7.32,0.193,11.5,20,3,2.47,0.248,3.32,120.64,49.74,0,0,187.54,2026-01-28 23:07
TR00003,12010,Shatabdi Express,Mumbai Central,Ahmedabad Jn,Vapi,Surat,571.42,71.94,45.5,0.226,25.4,3,6,8.96,0.27,14.93,489.79,69.74,1,0,559.88,2026-03-13 12:19
TR00004,12951,Mumbai Rajdhani,Mumbai Central,New Delhi,Surat,Vadodara,212.26,47.17,49.48,0.582,20.0,6,2,13.9,0.283,5.94,181.94,38.4,1,1,450.53,2026-03-29 13:30
TR00005,12622,Tamil Nadu Express,New Delhi,Chennai Central,Bhopal Jn,Nagpur,320.56,67.47,18.18,0.111,30.8,14,6,3.84,0.449,7.97,274.77,64.27,0,0,334.26,2026-04-08 19:34
TR00006,12295,Sanghamitra Express,Bengaluru,Patna Jn,Bengaluru,Guntakal Jn,205.87,34.5,17.27,0.248,32.0,9,6,14.28,0.356,5.92,176.46,30.71,0,0,419.31,2026-06-02 15:59
TR00001,12123,Mumbai - Pune Express,Mumbai CST,Pune Jn,Kalyan,Karjat,344.28,68.54,25.36,0.12,15.6,19,0,16.11,0.333,10.19,295.1,78.37,0,0,345.97,2026-08-23 00:45
TR00002,11010,Deccan Express,Mumbai CST,Pune Jn,Dadar,Kalyan,365.45,49.05,12.2,0.084,27.2,2,4,15.84,0.137,0.99,313.25,48.92,0,0,467.47,2026-04-26 09:47
TR00003,12010,Shatabdi Express,Mumbai Central,Ahmedabad Jn,Mumbai Central,Borivali,273.3,88.61,39.26,0.537,35.4,23,5,24.56,0.201,13.38,234.26,84.65,0,1,297.81,2026-08-11 03:57
TR00004,12951,Mumbai Rajdhani,Mumbai Central,New Delhi,Vadodara,Kota Jn,99.31,91.57,18.86,0.146,39.6,6,6,39.78,0.157,5.74,85.12,87.22,0,0,74.97,2026-03-12 07:14
TR00005,12622,Tamil Nadu Express,New Delhi,Chennai Central,Bhopal Jn,Nagpur,222.58,105.46,9.74,0.234,24.3,22,2,6.02,0.292,9.9,190.78,117.42,0,0,144.98,2026-05-19 00:24
TR00006,12295,Sanghamitra Express,Bengaluru,Patna Jn,Vijayawada,Gaya Jn,124.89,94.12,13.67,0.242,30.3,13,2,18.57,0.163,3.41,107.05,98.55,0,0,84.27,2026-07-20 14:24
TR00001,12123,Mumbai - Pune Express,Mumbai CST,Pune Jn,Mumbai CST,Dadar,355.86,109.45,29.46,0.192,25.8,21,4,23.34,0.446,0.28,305.02,115.63,0,0,243.33,2026-05-02 01:03
TR00002,11010,Deccan Express,Mumbai CST,Pune Jn,Lonavala,Pune Jn,192.82,80.7,17.46,0.294,28.8,15,1,23.77,0.053,4.13,165.27,76.62,0,0,160.99,2026-08-28 17:40
TR00003,12010,Shatabdi Express,Mumbai Central,Ahmedabad Jn,Borivali,Vapi,208.4,58.9,17.32,0.237,28.9,18,5,12.46,0.356,2.66,178.63,68.81,0,0,252.7,2026-05-08 22:12
TR00004,12951,Mumbai Rajdhani,Mumbai Central,New Delhi,Kota Jn,New Delhi,236.41,104.68,18.91,0.217,32.8,6,2,8.48,0.192,15.99,202.63,98.68,0,0,152.2,2026-04-06 08:32
TR00005,12622,Tamil Nadu Express,New Delhi,Chennai Central,Bhopal Jn,Nagpur,397.1,88.66,14.1,0.152,37.0,13,3,10.42,0.087,10.99,340.37,80.87,0,1,352.75,2026-07-22 18:52
TR00006,12295,Sanghamitra Express,Bengaluru,Patna Jn,Bengaluru,Guntakal Jn,262.92,85.44,23.09,0.249,29.7,3,0,3.07,0.333,0.04,225.36,81.82,0,1,287.98,2026-08-14 07:47
TR00001,12123,Mumbai - Pune Express,Mumbai CST,Pune Jn,Mumbai CST,Dadar,197.19,110.24,6.25,0.422,33.3,11,3,12.0,0.116,17.41,169.02,113.92,0,0,117.23,2026-05-09 12:57
TR00002,11010,Deccan Express,Mumbai CST,Pune Jn,Mumbai CST,Dadar,361.84,88.38,9.58,0.159,28.5,2,5,20.15,0.084,6.23,310.15,95.22,0,0,263.89,2026-03-15 06:23
TR00003,12010,Shatabdi Express,Mumbai Central,Ahmedabad Jn,Surat,Vadodara,233.07,45.89,23.42,0.096,31.7,22,0,3.5,0.186,22.45,199.77,52.73,0,0,332.27,2026-07-11 03:32
TR00004,12951,Mumbai Rajdhani,Mumbai Central,New Delhi,Surat,Vadodara,120.04,69.67,14.77,0.214,26.5,20,4,1.97,0.576,1.42,102.89,74.36,0,0,129.63,2026-07-07 22:09
TR00005,12622,Tamil Nadu Express,New Delhi,Chennai Central,Vijayawada,Chennai Central,153.62,48.45,9.42,0.338,37.1,17,6,13.06,0.543,5.75,131.68,44.2,0,0,237.46,2026-08-14 20:57
TR00006,12295,Sanghamitra Express,Bengaluru,Patna Jn,Guntakal Jn,Vijayawada,259.56,121.34,44.1,0.169,24.4,20,5,16.9,0.584,10.34,222.48,116.45,1,0,185.35,2026-03-08 23:05
TR00001,12123,Mumbai - Pune Express,Mumbai CST,Pune Jn,Kalyan,Karjat,298.35,55.63,19.42,0.291,11.2,12,5,4.72,0.402,11.02,255.73,67.58,0,0,387.51,2026-05-12 18:27
TR00002,11010,Deccan Express,Mumbai CST,Pune Jn,Kalyan,Lonavala,131.35,57.39,17.1,0.103,18.2,22,3,5.51,0.208,0.94,112.58,53.58,0,0,161.5,2026-01-22 00:41
TR00003,12010,Shatabdi Express,Mumbai Central,Ahmedabad Jn,Surat,Vadodara,291.55,61.12,31.79,0.442,18.2,23,6,9.05,0.157,3.55,249.9,63.25,1,0,343.6,2026-06-01 04:43
TR00004,12951,Mumbai Rajdhani,Mumbai Central,New Delhi,Kota Jn,New Delhi,228.56,104.47,14.0,0.072,27.2,22,4,3.28,0.12,12.81,195.91,106.86,0,0,143.52,2026-07-10 00:23
TR00005,12622,Tamil Nadu Express,New Delhi,Chennai Central,Vijayawada,Chennai Central,501.11,20.0,23.67,0.305,24.0,20,2,27.05,0.184,8.15,429.52,20.0,0,0,1663.91,2026-02-03 23:43
TR00006,12295,Sanghamitra Express,Bengaluru,Patna Jn,Gaya Jn,Patna Jn,422.27,71.12,34.98,0.313,36.3,5,0,8.23,0.623,2.62,361.95,77.23,0,1,613.32,2026-03-07 15:13
TR00001,12123,Mumbai - Pune Express,Mumbai CST,Pune Jn,Lonavala,Pune Jn,233.94,58.11,18.49,0.075,31.3,4,4,23.56,0.139,8.96,200.52,48.33,0,0,261.71,2026-08-16 08:21
TR00002,11010,Deccan Express,Mumbai CST,Pune Jn,Dadar,Kalyan,209.74,106.26,33.73,0.089,22.5,12,3,32.08,0.285,3.51,179.78,100.06,0,1,186.35,2026-08-20 15:06
TR00003,12010,Shatabdi Express,Mumbai Central,Ahmedabad Jn,Vadodara,Ahmedabad Jn,121.14,58.75,20.67,0.356,25.3,21,5,16.06,0.22,18.47,103.84,68.14,0,0,146.31,2026-06-28 23:26
TR00004,12951,Mumbai Rajdhani,Mumbai Central,New Delhi,Kota Jn,New Delhi,348.33,37.8,16.54,0.083,23.5,17,2,5.22,0.167,7.96,298.57,29.45,0,0,594.31,2026-06-15 02:54
TR00005,12622,Tamil Nadu Express,New Delhi,Chennai Central,Nagpur,Vijayawada,194.42,59.38,26.51,0.074,32.9,12,4,17.66,0.227,4.58,166.65,67.21,0,0,230.08,2026-04-01 15:50
TR00006,12295,Sanghamitra Express,Bengaluru,Patna Jn,Guntakal Jn,Vijayawada,305.08,81.98,8.23,0.096,33.5,10,2,11.69,0.23,12.65,261.5,80.09,0,0,245.43,2026-01-13 14:05
TR00001,12123,Mumbai - Pune Express,Mumbai CST,Pune Jn,Lonavala,Pune Jn,244.12,60.77,13.78,0.137,30.2,15,0,24.9,0.372,13.63,209.24,66.96,0,0,278.04,2026-02-28 19:38
TR00002,11010,Deccan Express,Mumbai CST,Pune Jn,Kalyan,Lonavala,128.33,118.89,20.31,0.057,17.5,13,4,29.33,0.186,13.11,110.0,123.45,0,0,80.21,2026-04-30 14:20
TR00003,12010,Shatabdi Express,Mumbai Central,Ahmedabad Jn,Mumbai Central,Borivali,82.19,77.78,11.24,0.062,38.0,8,2,3.93,0.448,10.0,70.45,69.12,0,0,81.07,2026-03-18 09:21
TR00004,12951,Mumbai Rajdhani,Mumbai Central,New Delhi,Kota Jn,New Delhi,424.02,81.57,12.08,0.087,34.9,12,4,1.55,0.044,4.97,363.45,83.44,0,1,407.92,2026-05-17 18:47
TR00005,12622,Tamil Nadu Express,New Delhi,Chennai Central,Bhopal Jn,Nagpur,112.37,70.87,16.98,0.05,28.7,0,0,1.35,0.328,7.6,96.32,74.84,0,0,112.92,2026-03-17 01:52
TR00006,12295,Sanghamitra Express,Bengaluru,Patna Jn,Vijayawada,Gaya Jn,203.3,79.91,16.03,0.328,13.4,11,4,13.35,0.362,2.5,174.26,81.48,0,0,180.66,2026-03-03 14:00
TR00001,12123,Mumbai - Pune Express,Mumbai CST,Pune Jn,Dadar,Kalyan,220.77,38.41,0.0,0.114,37.9,14,1,6.55,0.077,10.46,189.23,39.34,0,0,354.6,2026-08-03 19:54
TR00002,11010,Deccan Express,Mumbai CST,Pune Jn,Dadar,Kalyan,110.44,56.73,24.0,0.679,26.1,9,2,4.41,0.37,5.19,94.67,62.6,0,0,159.42,2026-02-20 11:39
TR00003,12010,Shatabdi Express,Mumbai Central,Ahmedabad Jn,Borivali,Vapi,177.6,65.19,15.93,0.391,38.6,14,5,12.98,0.214,4.81,152.23,69.93,0,0,194.08,2026-03-18 17:14
TR00004,12951,Mumbai Rajdhani,Mumbai Central,New Delhi,Surat,Vadodara,177.14,104.22,15.85,0.116,29.7,11,0,6.22,0.472,13.87,151.83,100.31,0,0,121.45,2026-03-31 13:01
TR00005,12622,Tamil Nadu Express,New Delhi,Chennai Central,Bhopal Jn,Nagpur,144.76,74.4,18.55,0.005,19.2,17,2,24.25,0.339,1.07,124.08,79.25,0,0,138.43,2026-05-15 19:18
TR00006,12295,Sanghamitra Express,Bengaluru,Patna Jn,Vijayawada,Gaya Jn,223.2,92.63,15.46,0.17,16.1,8,4,8.79,0.456,13.36,191.32,92.89,0,0,171.85,2026-08-09 10:51
TR00001,12123,Mumbai - Pune Express,Mumbai CST,Pune Jn,Dadar,Kalyan,279.85,90.17,30.71,0.163,38.1,14,2,49.42,0.427,7.85,239.87,97.53,0,0,238.46,2026-07-24 17:58
TR00002,11010,Deccan Express,Mumbai CST,Pune Jn,Dadar,Kalyan,193.08,79.46,15.59,0.295,23.0,11,5,9.0,0.423,8.67,165.49,75.75,0,0,179.93,2026-02-24 13:59
TR00003,12010,Shatabdi Express,Mumbai Central,Ahmedabad Jn,Vadodara,Ahmedabad Jn,389.96,50.27,20.49,0.365,32.5,0,4,30.54,0.317,5.55,334.25,36.68,0,0,540.88,2026-03-27 09:00
TR00004,12951,Mumbai Rajdhani,Mumbai Central,New Delhi,Mumbai Central,Surat,31.08,79.55,47.25,0.046,28.6,1,4,92.47,0.512,0.69,26.64,83.64,0,0,49.95,2026-05-01 01:49
TR00005,12622,Tamil Nadu Express,New Delhi,Chennai Central,Bhopal Jn,Nagpur,300.02,128.87,18.58,0.298,23.9,8,5,13.37,0.236,8.07,257.16,130.0,0,0,166.47,2026-06-21 10:46
TR00006,12295,Sanghamitra Express,Bengaluru,Patna Jn,Guntakal Jn,Vijayawada,197.69,86.13,20.98,0.2,35.3,5,4,40.46,0.233,2.04,169.45,64.66,0,0,154.23,2026-08-16 07:34
TR00001,12123,Mumbai - Pune Express,Mumbai CST,Pune Jn,Dadar,Kalyan,113.31,109.12,10.88,0.024,29.3,0,2,5.84,0.172,2.16,97.13,121.06,0,0,76.58,2026-08-14 01:16
TR00002,11010,Deccan Express,Mumbai CST,Pune Jn,Lonavala,Pune Jn,222.54,30.78,11.5,0.055,34.2,5,2,2.25,0.318,18.84,190.75,25.85,0,0,477.28,2026-05-08 12:57
TR00003,12010,Shatabdi Express,Mumbai Central,Ahmedabad Jn,Surat,Vadodara,144.3,52.99,36.34,0.495,41.5,1,5,17.27,0.583,8.3,123.69,52.31,0,0,229.71,2026-06-20 04:49
TR00004,12951,Mumbai Rajdhani,Mumbai Central,New Delhi,Vadodara,Kota Jn,359.97,83.97,16.52,0.329,27.1,4,3,17.48,0.16,4.25,308.54,79.46,0,1,379.72,2026-07-01 10:19
TR00005,12622,Tamil Nadu Express,New Delhi,Chennai Central,Nagpur,Vijayawada,268.29,51.02,17.84,0.183,23.3,21,6,5.83,0.521,24.22,229.96,56.66,0,0,382.63,2026-02-18 03:22
TR00006,12295,Sanghamitra Express,Bengaluru,Patna Jn,Guntakal Jn,Vijayawada,284.75,89.08,28.64,0.054,19.9,8,1,12.88,0.546,8.4,244.07,80.93,0,0,236.2,2026-01-03 11:56
TR00001,12123,Mumbai - Pune Express,Mumbai CST,Pune Jn,Karjat,Lonavala,482.3,72.88,14.0,0.088,31.2,21,2,14.9,0.105,18.44,413.4,80.7,0,0,417.42,2026-03-17 03:57
TR00002,11010,Deccan Express,Mumbai CST,Pune Jn,Dadar,Kalyan,204.97,65.53,27.13,0.206,27.0,11,2,0.98,0.672,2.09,175.69,63.43,0,0,243.26,2026-08-11 15:03
TR00003,12010,Shatabdi Express,Mumbai Central,Ahmedabad Jn,Vadodara,Ahmedabad Jn,33.6,86.91,21.03,0.256,32.5,11,4,26.11,0.24,11.14,28.8,85.56,0,0,40.98,2026-07-26 11:40
TR00004,12951,Mumbai Rajdhani,Mumbai Central,New Delhi,Kota Jn,New Delhi,202.7,67.44,17.37,0.163,30.1,8,3,14.24,0.125,0.6,173.74,65.4,0,0,201.32,2026-05-20 11:21
TR00005,12622,Tamil Nadu Express,New Delhi,Chennai Central,Nagpur,Vijayawada,301.88,60.21,12.52,0.012,19.3,15,3,29.15,0.278,22.33,258.76,59.13,0,0,333.64,2026-04-14 20:33
TR00006,12295,Sanghamitra Express,Bengaluru,Patna Jn,Gaya Jn,Patna Jn,86.28,39.71,19.53,0.104,28.8,23,2,7.62,0.172,9.97,73.95,25.67,0,1,185.49,2026-07-18 02:05
TR00001,12123,Mumbai - Pune Express,Mumbai CST,Pune Jn,Kalyan,Karjat,221.86,44.14,13.5,0.253,43.5,11,0,5.54,0.205,9.64,190.17,55.54,0,0,334.26,2026-06-03 16:34
TR00002,11010,Deccan Express,Mumbai CST,Pune Jn,Lonavala,Pune Jn,507.59,46.8,35.21,0.156,25.0,22,4,11.56,0.614,1.69,435.08,47.41,0,1,1059.05,2026-05-14 15:39
TR00003,12010,Shatabdi Express,Mumbai Central,Ahmedabad Jn,Borivali,Vapi,463.62,98.9,10.28,0.175,25.1,18,6,25.19,0.132,4.42,397.39,111.77,0,0,302.43,2026-03-25 23:02
TR00004,12951,Mumbai Rajdhani,Mumbai Central,New Delhi,Vadodara,Kota Jn,457.24,81.48,44.48,0.16,33.0,0,4,45.2,0.297,4.9,391.92,86.55,1,0,403.09,2026-07-30 06:43
TR00005,12622,Tamil Nadu Express,New Delhi,Chennai Central,New Delhi,Bhopal Jn,162.26,84.82,8.24,0.051,33.7,2,6,5.12,0.103,3.45,139.08,71.61,0,0,122.33,2026-04-22 04:02
TR00006,12295,Sanghamitra Express,Bengaluru,Patna Jn,Bengaluru,Guntakal Jn,468.09,63.93,21.82,0.429,29.3,12,2,2.59,0.314,9.66,401.22,64.45,0,0,530.08,2026-02-19 20:50
TR00001,12123,Mumbai - Pune Express,Mumbai CST,Pune Jn,Karjat,Lonavala,75.83,79.75,6.73,0.197,20.0,5,0,9.33,0.13,13.22,65.0,85.81,0,0,67.6,2026-06-13 06:07
TR00002,11010,Deccan Express,Mumbai CST,Pune Jn,Dadar,Kalyan,112.58,110.24,25.76,0.041,31.7,19,6,1.79,0.421,3.0,96.5,120.33,1,0,97.22,2026-03-11 20:37
TR00003,12010,Shatabdi Express,Mumbai Central,Ahmedabad Jn,Surat,Vadodara,439.96,61.88,31.06,0.327,20.7,17,1,28.14,0.445,2.39,377.11,62.91,0,0,517.33,2026-04-15 01:37
TR00004,12951,Mumbai Rajdhani,Mumbai Central,New Delhi,Surat,Vadodara,210.4,20.0,41.85,0.071,32.9,14,0,49.08,0.192,14.1,180.34,26.36,1,0,704.43,2026-07-28 01:44
TR00005,12622,Tamil Nadu Express,New Delhi,Chennai Central,Vijayawada,Chennai Central,286.76,54.08,33.32,0.15,18.0,9,6,46.42,0.31,3.7,245.8,49.63,0,0,368.85,2026-07-08 15:08
TR00006,12295,Sanghamitra Express,Bengaluru,Patna Jn,Gaya Jn,Patna Jn,74.73,49.76,20.77,0.045,24.1,0,4,9.08,0.374,20.21,64.06,58.44,0,0,109.88,2026-07-11 01:49
TR00001,12123,Mumbai - Pune Express,Mumbai CST,Pune Jn,Dadar,Kalyan,297.98,51.04,22.81,0.092,33.1,5,5,21.61,0.188,12.32,255.41,46.31,0,0,381.73,2026-07-17 11:21
TR00002,11010,Deccan Express,Mumbai CST,Pune Jn,Lonavala,Pune Jn,274.89,102.24,18.77,0.289,25.4,19,3,7.54,0.243,7.14,235.62,108.86,0,0,193.49,2026-08-11 22:13
TR00003,12010,Shatabdi Express,Mumbai Central,Ahmedabad Jn,Vapi,Surat,183.47,72.28,24.82,0.294,13.3,0,1,12.46,0.348,7.58,157.26,73.8,0,0,189.75,2026-06-06 03:09
TR00004,12951,Mumbai Rajdhani,Mumbai Central,New Delhi,Kota Jn,New Delhi,91.49,67.25,14.18,0.034,16.7,17,5,10.12,0.351,10.12,78.42,63.81,0,0,96.5,2026-06-27 18:36
TR00005,12622,Tamil Nadu Express,New Delhi,Chennai Central,New Delhi,Bhopal Jn,275.69,52.22,31.34,0.405,21.8,6,6,24.62,0.287,11.41,236.3,59.84,0,0,388.02,2026-03-22 12:28
TR00006,12295,Sanghamitra Express,Bengaluru,Patna Jn,Guntakal Jn,Vijayawada,520.39,50.17,21.65,0.088,17.1,22,5,15.98,0.129,9.88,446.05,44.84,1,0,676.18,2026-07-03 09:16
TR00001,12123,Mumbai - Pune Express,Mumbai CST,Pune Jn,Mumbai CST,Dadar,128.55,51.71,25.32,0.418,41.3,4,6,4.41,0.825,14.06,110.19,54.54,0,0,215.49,2026-07-02 07:35
TR00002,11010,Deccan Express,Mumbai CST,Pune Jn,Dadar,Kalyan,622.6,91.76,18.16,0.058,28.6,22,1,2.03,0.537,11.36,533.66,82.29,0,0,481.36,2026-01-03 06:01
TR00003,12010,Shatabdi Express,Mumbai Central,Ahmedabad Jn,Vapi,Surat,187.55,65.78,8.1,0.032,36.3,2,2,8.46,0.088,6.63,160.75,56.78,0,1,223.08,2026-06-05 05:43
TR00004,12951,Mumbai Rajdhani,Mumbai Central,New Delhi,Surat,Vadodara,177.8,68.03,39.49,0.114,19.9,9,3,41.67,0.179,17.58,152.4,55.71,0,1,231.41,2026-02-02 12:51
TR00005,12622,Tamil Nadu Express,New Delhi,Chennai Central,New Delhi,Bhopal Jn,224.31,56.73,20.32,0.161,23.7,15,2,13.53,0.03,8.55,192.26,67.04,0,1,311.73,2026-01-27 20:11
TR00006,12295,Sanghamitra Express,Bengaluru,Patna Jn,Bengaluru,Guntakal Jn,281.72,88.61,17.39,0.135,36.1,15,6,7.33,0.45,2.49,241.47,92.55,0,0,228.9,2026-01-26 18:48
TR00001,12123,Mumbai - Pune Express,Mumbai CST,Pune Jn,Dadar,Kalyan,126.56,90.92,21.53,0.103,13.3,22,3,10.07,0.604,9.49,108.48,110.85,0,0,106.23,2026-01-14 23:46
TR00002,11010,Deccan Express,Mumbai CST,Pune Jn,Lonavala,Pune Jn,123.91,90.98,23.31,0.247,24.3,18,3,39.84,0.445,6.69,106.21,79.04,0,0,110.89,2026-03-16 19:50
TR00003,12010,Shatabdi Express,Mumbai Central,Ahmedabad Jn,Vapi,Surat,126.86,66.87,13.16,0.093,30.3,5,1,11.35,0.307,3.86,108.74,71.21,0,0,131.54,2026-02-25 07:11
TR00004,12951,Mumbai Rajdhani,Mumbai Central,New Delhi,Kota Jn,New Delhi,96.02,82.65,27.09,0.129,25.6,10,0,11.13,0.714,3.05,82.31,77.17,0,0,92.62,2026-05-19 11:32
TR00005,12622,Tamil Nadu Express,New Delhi,Chennai Central,Bhopal Jn,Nagpur,278.88,95.7,48.66,0.047,24.6,19,1,17.9,0.447,17.66,239.04,107.88,1,1,294.95,2026-05-04 23:54
TR00006,12295,Sanghamitra Express,Bengaluru,Patna Jn,Vijayawada,Gaya Jn,262.61,83.29,19.21,0.056,24.1,1,5,5.4,0.404,8.63,225.09,78.37,0,0,219.76,2026-01-08 04:39
TR00001,12123,Mumbai - Pune Express,Mumbai CST,Pune Jn,Karjat,Lonavala,49.69,93.47,28.27,0.404,34.4,7,6,7.64,0.215,7.56,42.59,97.33,1,0,65.79,2026-03-22 08:05
TR00002,11010,Deccan Express,Mumbai CST,Pune Jn,Lonavala,Pune Jn,351.67,48.89,30.18,0.151,29.3,17,5,6.44,0.429,9.57,301.43,43.7,1,0,522.43,2026-03-26 01:42
TR00003,12010,Shatabdi Express,Mumbai Central,Ahmedabad Jn,Surat,Vadodara,258.64,85.55,25.89,0.339,46.6,19,4,25.29,0.205,11.62,221.69,85.95,0,0,215.92,2026-07-25 22:35
TR00004,12951,Mumbai Rajdhani,Mumbai Central,New Delhi,Mumbai Central,Surat,205.77,103.51,17.0,0.24,32.0,13,0,27.19,0.206,6.35,176.37,105.54,0,0,139.65,2026-05-14 15:19
TR00005,12622,Tamil Nadu Express,New Delhi,Chennai Central,New Delhi,Bhopal Jn,272.29,103.68,20.6,0.04,20.1,12,3,4.77,0.38,2.32,233.39,104.02,0,0,187.59,2026-07-02 15:07
TR00006,12295,Sanghamitra Express,Bengaluru,Patna Jn,Gaya Jn,Patna Jn,308.58,62.31,18.73,0.202,28.6,18,1,10.65,0.072,3.48,264.5,72.92,0,0,321.23,2026-03-14 23:21
TR00001,12123,Mumbai - Pune Express,Mumbai CST,Pune Jn,Kalyan,Karjat,215.71,72.25,27.24,0.382,20.4,5,5,16.94,0.454,5.25,184.89,67.9,0,0,228.09,2026-07-08 08:48
TR00002,11010,Deccan Express,Mumbai CST,Pune Jn,Dadar,Kalyan,401.0,77.24,5.33,0.15,25.8,16,2,12.12,0.234,7.63,343.72,79.72,0,0,343.82,2026-05-24 21:43
TR00003,12010,Shatabdi Express,Mumbai Central,Ahmedabad Jn,Surat,Vadodara,116.94,107.05,9.81,0.065,28.8,22,4,19.49,0.167,4.4,100.23,102.45,0,0,74.16,2026-01-14 23:14
TR00004,12951,Mumbai Rajdhani,Mumbai Central,New Delhi,Kota Jn,New Delhi,694.96,50.63,14.73,0.093,33.7,18,2,6.77,0.393,4.42,595.68,56.59,0,0,936.66,2026-02-17 09:36
TR00005,12622,Tamil Nadu Express,New Delhi,Chennai Central,Bhopal Jn,Nagpur,229.48,45.43,23.68,0.349,38.5,4,6,4.11,0.411,1.15,196.7,38.4,0,0,367.04,2026-05-08 10:07
TR00006,12295,Sanghamitra Express,Bengaluru,Patna Jn,Guntakal Jn,Vijayawada,139.3,94.86,25.32,0.189,35.4,19,5,35.75,0.247,5.4,119.4,78.98,0,0,118.06,2026-02-18 20:58
TR00001,12123,Mumbai - Pune Express,Mumbai CST,Pune Jn,Karjat,Lonavala,187.9,68.93,17.76,0.243,29.3,11,4,26.13,0.159,13.27,161.06,80.46,0,0,186.36,2026-04-11 14:06
TR00002,11010,Deccan Express,Mumbai CST,Pune Jn,Lonavala,Pune Jn,318.56,73.94,35.4,0.126,42.7,3,3,17.57,0.38,16.96,273.06,89.79,0,1,401.4,2026-08-09 09:41
TR00003,12010,Shatabdi Express,Mumbai Central,Ahmedabad Jn,Borivali,Vapi,259.73,61.92,25.86,0.364,32.7,15,3,22.45,0.105,8.73,222.62,68.1,0,0,284.72,2026-05-13 19:44
TR00004,12951,Mumbai Rajdhani,Mumbai Central,New Delhi,Kota Jn,New Delhi,270.84,78.53,18.36,0.08,26.0,0,5,4.61,0.081,19.36,232.15,91.15,0,0,216.56,2026-04-05 03:36
TR00005,12622,Tamil Nadu Express,New Delhi,Chennai Central,Nagpur,Vijayawada,254.83,52.21,12.92,0.074,22.4,0,2,12.28,0.292,0.91,218.43,53.19,0,0,327.52,2026-02-23 05:27
TR00006,12295,Sanghamitra Express,Bengaluru,Patna Jn,Vijayawada,Gaya Jn,528.53,87.36,2.58,0.11,20.6,21,0,5.66,0.263,7.66,453.02,93.62,0,0,398.04,2026-01-08 03:38
TR00001,12123,Mumbai - Pune Express,Mumbai CST,Pune Jn,Karjat,Lonavala,227.27,79.66,28.17,0.097,34.2,13,1,24.98,0.595,6.47,194.8,75.63,0,0,221.96,2026-07-01 16:41
TR00002,11010,Deccan Express,Mumbai CST,Pune Jn,Kalyan,Lonavala,94.48,93.92,27.18,0.671,33.3,22,1,8.16,0.318,13.55,80.98,96.65,0,0,89.12,2026-07-24 23:29
TR00003,12010,Shatabdi Express,Mumbai Central,Ahmedabad Jn,Mumbai Central,Borivali,355.26,74.99,23.6,0.186,25.6,14,3,34.96,0.377,4.32,304.51,77.8,0,0,341.14,2026-01-07 19:41
TR00004,12951,Mumbai Rajdhani,Mumbai Central,New Delhi,Surat,Vadodara,190.92,81.21,9.02,0.247,26.5,19,3,12.95,0.313,5.12,163.65,99.83,0,0,167.09,2026-01-20 21:47
TR00005,12622,Tamil Nadu Express,New Delhi,Chennai Central,Nagpur,Vijayawada,112.87,77.92,23.69,0.279,29.2,3,5,18.88,0.36,17.79,96.74,88.24,0,0,113.4,2026-02-24 04:53
TR00006,12295,Sanghamitra Express,Bengaluru,Patna Jn,Vijayawada,Gaya Jn,78.39,72.14,6.99,0.101,39.2,20,3,8.42,0.137,5.23,67.19,72.94,0,0,69.28,2026-02-27 21:09
TR00001,12123,Mumbai - Pune Express,Mumbai CST,Pune Jn,Lonavala,Pune Jn,346.09,86.79,11.1,0.191,19.5,23,4,9.76,0.301,0.69,296.65,88.45,0,0,271.05,2026-03-02 03:31
TR00002,11010,Deccan Express,Mumbai CST,Pune Jn,Dadar,Kalyan,337.92,76.48,21.66,0.141,20.4,13,5,8.24,0.141,11.06,289.64,77.4,0,0,293.76,2026-01-19 17:53
TR00003,12010,Shatabdi Express,Mumbai Central,Ahmedabad Jn,Vapi,Surat,258.97,70.08,14.46,0.007,27.4,15,5,12.31,0.167,2.55,221.97,84.15,0,0,234.85,2026-05-20 18:54
TR00004,12951,Mumbai Rajdhani,Mumbai Central,New Delhi,Mumbai Central,Surat,287.35,75.71,39.57,0.102,32.5,20,1,11.13,0.396,16.81,246.3,84.41,1,1,365.64,2026-03-08 02:05
TR00005,12622,Tamil Nadu Express,New Delhi,Chennai Central,New Delhi,Bhopal Jn,234.91,83.52,26.69,0.18,34.8,0,6,21.09,0.28,13.94,201.35,76.11,0,1,259.51,2026-05-24 04:19
TR00006,12295,Sanghamitra Express,Bengaluru,Patna Jn,Bengaluru,Guntakal Jn,382.99,77.16,24.84,0.285,27.6,14,0,20.73,0.366,10.44,328.28,82.22,0,0,356.29,2026-02-06 19:56
TR00001,12123,Mumbai - Pune Express,Mumbai CST,Pune Jn,Lonavala,Pune Jn,245.31,97.11,31.34,0.184,14.5,20,0,35.77,0.133,32.96,210.26,113.44,0,0,176.13,2026-05-23 22:56
TR00002,11010,Deccan Express,Mumbai CST,Pune Jn,Lonavala,Pune Jn,112.95,46.35,27.39,0.414,20.5,23,4,28.48,0.257,15.98,96.82,43.98,0,0,182.6,2026-07-21 02:02
TR00003,12010,Shatabdi Express,Mumbai Central,Ahmedabad Jn,Vapi,Surat,276.28,99.53,20.92,0.519,37.7,3,2,19.37,0.166,18.31,236.81,92.29,0,0,199.75,2026-04-20 06:19
TR00004,12951,Mumbai Rajdhani,Mumbai Central,New Delhi,Kota Jn,New Delhi,253.11,69.39,28.54,0.334,24.3,16,2,1.91,0.169,3.2,216.95,78.86,0,1,331.1,2026-01-22 21:31
TR00005,12622,Tamil Nadu Express,New Delhi,Chennai Central,Bhopal Jn,Nagpur,258.8,63.37,35.69,0.176,36.1,8,0,6.48,0.453,3.37,221.83,54.12,1,0,313.55,2026-01-16 13:13
TR00006,12295,Sanghamitra Express,Bengaluru,Patna Jn,Guntakal Jn,Vijayawada,115.62,93.92,28.95,0.382,15.6,20,2,23.51,0.123,0.85,99.11,106.68,0,1,114.0,2026-04-11 21:53
TR00001,12123,Mumbai - Pune Express,Mumbai CST,Pune Jn,Lonavala,Pune Jn,309.54,66.73,30.26,0.174,34.8,14,2,12.69,0.434,3.15,265.32,73.99,0,1,434.38,2026-06-08 21:14
TR00002,11010,Deccan Express,Mumbai CST,Pune Jn,Kalyan,Lonavala,184.92,83.05,7.76,0.132,17.4,9,0,7.15,0.214,9.01,158.5,86.39,0,0,155.34,2026-02-06 11:35
TR00003,12010,Shatabdi Express,Mumbai Central,Ahmedabad Jn,Borivali,Vapi,242.26,64.67,23.89,0.183,36.3,1,6,55.0,0.187,2.67,207.65,60.28,0,0,251.64,2026-06-22 05:11
TR00004,12951,Mumbai Rajdhani,Mumbai Central,New Delhi,Mumbai Central,Surat,266.37,85.42,21.16,0.084,22.1,2,1,5.99,0.512,17.07,228.31,99.29,0,0,231.75,2026-08-06 05:51
TR00005,12622,Tamil Nadu Express,New Delhi,Chennai Central,Bhopal Jn,Nagpur,258.94,51.19,9.19,0.167,27.2,21,6,8.2,0.022,2.63,221.95,47.55,0,0,316.34,2026-06-28 02:16
TR00006,12295,Sanghamitra Express,Bengaluru,Patna Jn,Bengaluru,Guntakal Jn,805.94,103.15,29.3,0.477,35.7,7,6,9.45,0.021,2.09,690.81,106.19,0,1,668.6,2026-06-19 18:08
TR00001,12123,Mumbai - Pune Express,Mumbai CST,Pune Jn,Mumbai CST,Dadar,84.51,100.71,22.71,0.39,27.6,2,4,32.11,0.226,5.57,72.44,102.22,0,0,66.3,2026-05-08 03:06
TR00002,11010,Deccan Express,Mumbai CST,Pune Jn,Dadar,Kalyan,134.05,64.62,35.38,0.622,25.5,15,3,17.4,0.26,10.45,114.9,60.88,0,0,167.59,2026-04-13 17:47
TR00003,12010,Shatabdi Express,Mumbai Central,Ahmedabad Jn,Mumbai Central,Borivali,213.67,60.95,15.89,0.059,25.2,9,3,11.69,0.314,40.18,183.15,49.85,0,0,236.51,2026-03-29 12:56
TR00004,12951,Mumbai Rajdhani,Mumbai Central,New Delhi,Kota Jn,New Delhi,153.25,54.61,53.52,0.09,19.3,1,3,11.37,0.361,5.4,131.36,62.38,1,1,278.68,2026-02-28 05:38
TR00005,12622,Tamil Nadu Express,New Delhi,Chennai Central,Nagpur,Vijayawada,255.02,62.4,10.7,0.007,37.5,9,2,18.29,0.244,3.66,218.59,56.28,0,0,260.86,2026-04-28 13:20
TR00006,12295,Sanghamitra Express,Bengaluru,Patna Jn,Guntakal Jn,Vijayawada,165.77,23.34,30.04,0.071,34.3,2,6,10.05,0.594,7.9,142.09,24.29,0,1,678.93,2026-08-03 13:18
TR00001,12123,Mumbai - Pune Express,Mumbai CST,Pune Jn,Mumbai CST,Dadar,312.66,125.55,27.26,0.362,15.3,8,6,23.51,0.202,34.98,267.99,123.26,0,0,182.95,2026-04-25 11:02
TR00002,11010,Deccan Express,Mumbai CST,Pune Jn,Dadar,Kalyan,328.55,79.66,20.42,0.199,37.6,2,0,11.38,0.095,13.42,281.62,87.93,0,0,267.73,2026-03-16 06:27
TR00003,12010,Shatabdi Express,Mumbai Central,Ahmedabad Jn,Borivali,Vapi,365.35,58.56,16.08,0.045,29.3,8,3,5.38,0.543,2.9,313.16,61.99,0,0,449.29,2026-06-15 15:29
TR00004,12951,Mumbai Rajdhani,Mumbai Central,New Delhi,Mumbai Central,Surat,135.74,27.37,18.16,0.175,25.2,20,4,13.0,0.448,6.81,116.35,32.36,0,0,353.01,2026-01-22 01:53
TR00005,12622,Tamil Nadu Express,New Delhi,Chennai Central,New Delhi,Bhopal Jn,124.13,47.67,10.61,0.215,41.7,11,5,22.7,0.281,12.08,106.4,55.87,0,0,174.8,2026-04-14 13:54
TR00006,12295,Sanghamitra Express,Bengaluru,Patna Jn,Bengaluru,Guntakal Jn,359.95,78.6,15.87,0.01,24.5,21,2,10.72,0.026,1.1,308.53,95.0,0,0,289.26,2026-01-13 01:49
TR00001,12123,Mumbai - Pune Express,Mumbai CST,Pune Jn,Lonavala,Pune Jn,160.77,99.21,18.59,0.129,17.4,4,2,2.11,0.091,2.97,137.8,102.33,1,0,124.26,2026-01-25 06:04
TR00002,11010,Deccan Express,Mumbai CST,Pune Jn,Mumbai CST,Dadar,622.91,39.74,22.24,0.266,33.9,0,1,15.68,0.283,3.14,533.92,40.98,0,1,1380.05,2026-07-23 23:00
TR00003,12010,Shatabdi Express,Mumbai Central,Ahmedabad Jn,Vapi,Surat,250.82,74.18,2.78,0.165,33.7,10,3,10.88,0.134,17.07,214.99,72.73,0,0,210.94,2026-06-26 13:30
TR00004,12951,Mumbai Rajdhani,Mumbai Central,New Delhi,Vadodara,Kota Jn,301.09,114.34,42.69,0.225,26.9,19,0,11.45,0.404,19.84,258.07,107.25,1,0,212.33,2026-03-05 22:32
TR00005,12622,Tamil Nadu Express,New Delhi,Chennai Central,New Delhi,Bhopal Jn,300.64,58.69,24.85,0.198,23.7,23,0,44.25,0.374,13.11,257.69,68.43,0,0,354.26,2026-04-13 04:54
TR00006,12295,Sanghamitra Express,Bengaluru,Patna Jn,Bengaluru,Guntakal Jn,408.87,67.97,25.76,0.041,11.5,22,3,25.93,0.223,11.89,350.46,60.82,1,0,408.99,2026-05-31 04:48
TR00001,12123,Mumbai - Pune Express,Mumbai CST,Pune Jn,Kalyan,Karjat,499.58,61.61,10.74,0.061,23.4,3,1,11.41,0.452,8.53,428.21,62.77,0,0,554.65,2026-02-12 12:14
TR00002,11010,Deccan Express,Mumbai CST,Pune Jn,Kalyan,Lonavala,101.38,57.28,9.95,0.298,27.3,16,4,17.58,0.137,2.65,86.9,50.93,0,0,120.78,2026-05-13 18:00
TR00003,12010,Shatabdi Express,Mumbai Central,Ahmedabad Jn,Mumbai Central,Borivali,433.65,75.91,32.6,0.07,27.5,22,2,13.23,0.656,20.29,371.7,72.95,0,0,434.38,2026-07-05 05:14
TR00004,12951,Mumbai Rajdhani,Mumbai Central,New Delhi,Surat,Vadodara,102.34,50.18,10.23,0.063,14.9,15,6,5.23,0.095,0.94,87.72,45.72,0,0,131.6,2026-06-01 17:11
TR00005,12622,Tamil Nadu Express,New Delhi,Chennai Central,Bhopal Jn,Nagpur,217.35,81.47,40.2,0.017,28.1,8,3,11.73,0.316,10.38,186.3,77.26,1,0,213.02,2026-05-05 11:33
TR00006,12295,Sanghamitra Express,Bengaluru,Patna Jn,Guntakal Jn,Vijayawada,116.96,126.06,23.64,0.351,19.9,15,3,16.27,0.066,4.37,100.25,130.0,0,0,64.87,2026-01-08 16:04
TR00001,12123,Mumbai - Pune Express,Mumbai CST,Pune Jn,Karjat,Lonavala,125.19,47.65,28.76,0.078,20.7,12,2,17.19,0.552,16.26,107.31,51.89,0,0,195.18,2026-02-22 15:15
TR00002,11010,Deccan Express,Mumbai CST,Pune Jn,Dadar,Kalyan,144.93,48.19,31.1,0.096,17.3,11,2,26.89,0.255,11.22,124.22,35.19,0,0,217.92,2026-05-19 14:37
TR00003,12010,Shatabdi Express,Mumbai Central,Ahmedabad Jn,Mumbai Central,Borivali,43.28,82.47,4.28,0.084,43.8,10,4,12.11,0.098,3.44,37.1,76.84,0,0,32.9,2026-04-09 10:32
TR00004,12951,Mumbai Rajdhani,Mumbai Central,New Delhi,Mumbai Central,Surat,263.53,75.82,26.81,0.101,36.2,9,0,17.16,0.394,9.6,225.88,76.89,0,0,246.27,2026-07-11 13:06
TR00005,12622,Tamil Nadu Express,New Delhi,Chennai Central,Nagpur,Vijayawada,163.39,96.77,22.68,0.159,34.8,15,1,10.55,0.718,10.4,140.05,95.29,0,0,138.16,2026-06-06 17:18
TR00006,12295,Sanghamitra Express,Bengaluru,Patna Jn,Bengaluru,Guntakal Jn,170.89,59.03,19.72,0.102,29.9,16,5,4.97,0.531,21.32,146.48,53.71,0,0,212.88,2026-01-05 19:32
TR00001,12123,Mumbai - Pune Express,Mumbai CST,Pune Jn,Mumbai CST,Dadar,181.06,80.3,32.9,0.339,30.3,23,3,24.49,0.296,6.07,155.19,69.02,0,0,172.88,2026-06-04 01:52
TR00002,11010,Deccan Express,Mumbai CST,Pune Jn,Mumbai CST,Dadar,140.73,98.49,22.33,0.262,31.9,3,1,11.15,0.28,9.47,120.63,103.14,0,0,111.11,2026-08-19 04:51
TR00003,12010,Shatabdi Express,Mumbai Central,Ahmedabad Jn,Mumbai Central,Borivali,342.28,47.18,11.95,0.199,19.6,18,4,6.44,0.222,3.94,293.38,40.64,0,0,481.99,2026-04-23 02:01
TR00004,12951,Mumbai Rajdhani,Mumbai Central,New Delhi,Mumbai Central,Surat,309.06,92.98,10.26,0.149,29.0,6,2,11.05,0.101,11.71,264.91,72.56,0,0,213.53,2026-04-21 09:33
TR00005,12622,Tamil Nadu Express,New Delhi,Chennai Central,Vijayawada,Chennai Central,221.6,101.44,5.56,0.142,30.0,7,5,4.76,0.086,0.28,189.94,99.08,0,0,142.2,2026-04-06 09:22
TR00006,12295,Sanghamitra Express,Bengaluru,Patna Jn,Vijayawada,Gaya Jn,289.44,51.23,32.87,0.158,10.3,13,4,4.46,0.53,8.34,248.09,67.96,1,0,431.3,2026-08-07 20:11
TR00001,12123,Mumbai - Pune Express,Mumbai CST,Pune Jn,Lonavala,Pune Jn,192.88,65.16,19.68,0.475,23.4,22,6,19.15,0.211,3.1,165.33,59.35,0,0,219.8,2026-03-03 01:39
TR00002,11010,Deccan Express,Mumbai CST,Pune Jn,Lonavala,Pune Jn,416.03,60.55,33.65,0.249,27.4,23,3,1.92,0.535,17.01,356.6,53.61,0,1,667.69,2026-03-29 10:07
TR00003,12010,Shatabdi Express,Mumbai Central,Ahmedabad Jn,Borivali,Vapi,459.2,53.26,25.05,0.085,20.0,19,0,13.11,0.705,0.8,393.6,42.94,0,0,651.61,2026-02-23 05:51
TR00004,12951,Mumbai Rajdhani,Mumbai Central,New Delhi,Kota Jn,New Delhi,219.32,70.92,25.6,0.098,22.3,15,4,51.59,0.448,18.09,187.99,77.34,0,0,231.51,2026-02-10 18:51
TR00005,12622,Tamil Nadu Express,New Delhi,Chennai Central,Vijayawada,Chennai Central,140.46,52.68,28.29,0.302,35.0,13,6,8.67,0.267,8.95,120.39,58.64,1,0,206.14,2026-02-15 16:26
TR00006,12295,Sanghamitra Express,Bengaluru,Patna Jn,Gaya Jn,Patna Jn,311.38,90.94,4.18,0.243,21.7,23,6,8.9,0.223,3.04,266.89,104.23,0,1,294.68,2026-06-29 03:54
TR00001,12123,Mumbai - Pune Express,Mumbai CST,Pune Jn,Kalyan,Karjat,92.54,114.99,30.77,0.215,28.2,22,2,24.68,0.48,15.17,79.32,122.48,0,0,76.2,2026-01-15 23:16
TR00002,11010,Deccan Express,Mumbai CST,Pune Jn,Lonavala,Pune Jn,199.51,72.49,18.96,0.076,34.6,10,4,18.2,0.363,5.19,171.01,65.19,0,0,193.7,2026-02-02 13:13
TR00003,12010,Shatabdi Express,Mumbai Central,Ahmedabad Jn,Borivali,Vapi,187.72,100.51,16.58,0.367,25.2,3,0,6.7,0.047,5.79,160.9,106.72,0,0,126.36,2026-03-27 05:06
TR00004,12951,Mumbai Rajdhani,Mumbai Central,New Delhi,Surat,Vadodara,200.93,72.46,13.88,0.209,31.5,14,1,11.75,0.365,2.07,172.22,70.43,0,0,192.18,2026-07-26 17:12
TR00005,12622,Tamil Nadu Express,New Delhi,Chennai Central,New Delhi,Bhopal Jn,475.93,129.89,31.36,0.471,17.6,9,0,5.23,0.132,10.76,407.94,125.52,0,0,254.71,2026-02-13 13:14
TR00006,12295,Sanghamitra Express,Bengaluru,Patna Jn,Gaya Jn,Patna Jn,316.22,30.69,22.92,0.255,35.3,23,3,4.98,0.312,6.59,271.04,31.09,0,0,714.72,2026-08-29 10:54
TR00001,12123,Mumbai - Pune Express,Mumbai CST,Pune Jn,Mumbai CST,Dadar,186.86,93.38,8.23,0.043,31.6,16,3,12.26,0.106,3.8,160.16,95.3,0,0,122.16,2026-04-03 18:02
TR00002,11010,Deccan Express,Mumbai CST,Pune Jn,Kalyan,Lonavala,230.23,130.0,28.8,0.063,31.8,9,4,3.44,0.491,20.65,197.34,130.0,0,0,143.04,2026-03-30 11:23
TR00003,12010,Shatabdi Express,Mumbai Central,Ahmedabad Jn,Borivali,Vapi,308.54,74.84,20.14,0.508,28.2,2,0,32.0,0.128,9.25,264.46,64.38,0,0,282.99,2026-05-10 06:42
TR00004,12951,Mumbai Rajdhani,Mumbai Central,New Delhi,Surat,Vadodara,237.24,75.85,26.36,0.057,38.2,18,3,28.34,0.341,9.32,203.35,88.42,0,0,220.61,2026-01-02 21:40
TR00005,12622,Tamil Nadu Express,New Delhi,Chennai Central,Nagpur,Vijayawada,156.99,71.87,18.3,0.005,35.1,0,0,19.77,0.466,5.46,134.56,71.69,0,0,152.57,2026-07-07 02:32
TR00006,12295,Sanghamitra Express,Bengaluru,Patna Jn,Guntakal Jn,Vijayawada,311.22,72.06,29.67,0.27,24.9,12,4,12.76,0.575,6.68,266.76,72.39,0,0,331.5,2026-06-23 17:31
TR00001,12123,Mumbai - Pune Express,Mumbai CST,Pune Jn,Kalyan,Karjat,151.64,43.29,11.66,0.195,16.2,17,4,5.86,0.159,5.03,129.97,47.27,0,0,233.59,2026-06-06 20:53
TR00002,11010,Deccan Express,Mumbai CST,Pune Jn,Dadar,Kalyan,290.26,114.94,17.6,0.251,34.9,15,6,12.11,0.548,4.82,248.79,108.58,0,0,192.42,2026-06-28 18:12
TR00003,12010,Shatabdi Express,Mumbai Central,Ahmedabad Jn,Vadodara,Ahmedabad Jn,106.14,55.19,31.23,0.313,33.6,21,6,10.36,0.342,3.12,90.98,64.41,0,0,147.93,2026-08-21 23:27
TR00004,12951,Mumbai Rajdhani,Mumbai Central,New Delhi,Vadodara,Kota Jn,192.52,74.93,11.19,0.104,26.7,16,1,25.05,0.156,0.32,165.02,71.13,0,0,169.19,2026-06-15 18:49
TR00005,12622,Tamil Nadu Express,New Delhi,Chennai Central,Vijayawada,Chennai Central,279.14,82.51,37.85,0.068,21.4,4,3,32.13,0.333,27.41,239.27,72.81,0,1,304.31,2026-01-30 09:04
TR00006,12295,Sanghamitra Express,Bengaluru,Patna Jn,Guntakal Jn,Vijayawada,364.84,80.72,12.63,0.254,27.1,12,3,14.35,0.173,5.55,312.72,84.06,0,0,300.2,2026-04-11 17:00
TR00001,12123,Mumbai - Pune Express,Mumbai CST,Pune Jn,Mumbai CST,Dadar,338.41,20.0,1.85,0.172,20.5,15,3,12.6,0.019,5.84,290.07,21.88,0,0,1046.32,2026-07-04 08:26
TR00002,11010,Deccan Express,Mumbai CST,Pune Jn,Dadar,Kalyan,295.42,97.02,42.44,0.154,31.8,8,0,26.45,0.469,21.31,253.22,90.2,1,0,249.91,2026-02-11 12:09
TR00003,12010,Shatabdi Express,Mumbai Central,Ahmedabad Jn,Vadodara,Ahmedabad Jn,232.93,69.79,24.93,0.644,27.8,15,3,10.28,0.109,1.96,199.65,71.27,0,0,243.51,2026-05-04 19:03
TR00004,12951,Mumbai Rajdhani,Mumbai Central,New Delhi,Kota Jn,New Delhi,143.0,89.03,23.27,0.408,29.6,17,1,16.18,0.235,5.98,122.57,82.3,0,0,124.97,2026-06-14 19:04
TR00005,12622,Tamil Nadu Express,New Delhi,Chennai Central,Vijayawada,Chennai Central,350.64,76.86,18.29,0.283,14.1,13,4,4.38,0.226,29.26,300.55,85.89,0,0,318.71,2026-05-20 18:18
TR00006,12295,Sanghamitra Express,Bengaluru,Patna Jn,Guntakal Jn,Vijayawada,43.86,41.39,19.6,0.185,31.4,7,0,16.8,0.555,7.97,37.6,53.95,0,0,82.86,2026-07-28 08:22
TR00001,12123,Mumbai - Pune Express,Mumbai CST,Pune Jn,Karjat,Lonavala,295.16,88.18,24.82,0.273,32.2,12,5,13.46,0.162,10.83,253.0,99.72,0,1,291.26,2026-06-14 16:51
TR00002,11010,Deccan Express,Mumbai CST,Pune Jn,Lonavala,Pune Jn,328.03,77.92,42.49,0.065,36.2,20,1,34.02,0.594,21.16,281.17,65.31,0,0,323.84,2026-08-27 01:23
TR00003,12010,Shatabdi Express,Mumbai Central,Ahmedabad Jn,Mumbai Central,Borivali,136.03,50.95,23.24,0.025,26.9,9,0,16.32,0.261,3.1,116.6,41.51,1,0,187.29,2026-06-18 12:07
TR00004,12951,Mumbai Rajdhani,Mumbai Central,New Delhi,Mumbai Central,Surat,318.3,59.77,12.87,0.106,25.4,12,0,19.91,0.286,6.67,272.83,56.84,0,0,356.35,2026-05-23 17:56
TR00005,12622,Tamil Nadu Express,New Delhi,Chennai Central,Nagpur,Vijayawada,412.9,74.31,10.44,0.084,22.6,7,4,14.21,0.623,4.52,353.92,81.13,0,0,405.02,2026-04-06 13:45
TR00006,12295,Sanghamitra Express,Bengaluru,Patna Jn,Vijayawada,Gaya Jn,96.49,96.99,31.0,0.267,16.5,5,4,35.93,0.246,6.24,82.71,98.38,0,0,79.98,2026-04-02 06:19
TR00001,12123,Mumbai - Pune Express,Mumbai CST,Pune Jn,Kalyan,Karjat,155.9,37.78,20.48,0.303,27.9,19,1,7.15,0.358,15.47,133.63,39.48,0,1,385.3,2026-07-20 01:25
TR00002,11010,Deccan Express,Mumbai CST,Pune Jn,Kalyan,Lonavala,89.15,100.58,17.56,0.103,27.3,22,2,3.09,0.115,14.18,76.41,116.64,0,0,66.15,2026-06-14 23:06
TR00003,12010,Shatabdi Express,Mumbai Central,Ahmedabad Jn,Mumbai Central,Borivali,233.1,72.74,6.09,0.053,17.3,12,1,8.29,0.093,28.3,199.8,73.01,0,0,200.8,2026-07-14 15:20
TR00004,12951,Mumbai Rajdhani,Mumbai Central,New Delhi,Vadodara,Kota Jn,105.41,88.98,12.2,0.018,27.4,16,5,9.44,0.142,2.82,90.35,94.95,0,1,96.7,2026-05-15 17:36
TR00005,12622,Tamil Nadu Express,New Delhi,Chennai Central,Nagpur,Vijayawada,239.74,43.43,24.73,0.15,23.6,3,0,13.18,0.228,4.6,205.49,46.22,0,0,375.49,2026-07-08 09:15
TR00006,12295,Sanghamitra Express,Bengaluru,Patna Jn,Vijayawada,Gaya Jn,470.75,97.48,6.19,0.087,35.7,0,5,17.96,0.185,5.17,403.5,108.27,0,0,311.29,2026-06-22 05:11
TR00001,12123,Mumbai - Pune Express,Mumbai CST,Pune Jn,Mumbai CST,Dadar,179.1,69.15,30.5,0.189,25.7,12,6,22.53,0.434,9.35,153.51,63.03,0,0,196.42,2026-03-02 15:16
TR00002,11010,Deccan Express,Mumbai CST,Pune Jn,Lonavala,Pune Jn,237.9,48.52,6.78,0.134,31.0,16,5,10.86,0.172,5.99,203.92,60.64,0,0,316.1,2026-03-14 21:16
TR00003,12010,Shatabdi Express,Mumbai Central,Ahmedabad Jn,Mumbai Central,Borivali,469.95,81.56,16.66,0.034,29.1,1,2,28.68,0.267,7.94,402.82,88.25,0,0,399.21,2026-07-27 07:39
TR00004,12951,Mumbai Rajdhani,Mumbai Central,New Delhi,Mumbai Central,Surat,364.29,65.03,12.72,0.124,26.4,7,2,25.14,0.325,3.14,312.25,70.27,0,0,383.22,2026-05-24 13:23
TR00005,12622,Tamil Nadu Express,New Delhi,Chennai Central,Nagpur,Vijayawada,201.15,115.46,19.88,0.004,34.3,14,2,23.0,0.415,2.12,172.41,130.0,0,0,136.95,2026-06-14 16:16
TR00006,12295,Sanghamitra Express,Bengaluru,Patna Jn,Gaya Jn,Patna Jn,512.47,48.74,13.93,0.053,24.2,17,5,21.56,0.091,4.42,439.26,39.0,0,0,657.75,2026-08-27 03:57
TR00001,12123,Mumbai - Pune Express,Mumbai CST,Pune Jn,Lonavala,Pune Jn,117.5,83.34,20.03,0.115,35.8,16,2,47.31,0.1,7.49,100.71,77.58,0,0,103.78,2026-03-19 17:43
TR00002,11010,Deccan Express,Mumbai CST,Pune Jn,Lonavala,Pune Jn,293.51,128.4,29.57,0.248,9.7,20,1,59.81,0.158,14.18,251.58,126.22,0,0,154.72,2026-02-26 22:34
TR00003,12010,Shatabdi Express,Mumbai Central,Ahmedabad Jn,Vadodara,Ahmedabad Jn,204.72,95.84,21.27,0.089,26.0,9,3,47.97,0.264,13.29,175.47,100.0,0,0,148.33,2026-05-29 11:28
TR00004,12951,Mumbai Rajdhani,Mumbai Central,New Delhi,Kota Jn,New Delhi,289.62,62.68,26.22,0.434,28.7,4,4,10.37,0.32,3.41,248.25,67.16,0,0,342.63,2026-06-28 09:42
TR00005,12622,Tamil Nadu Express,New Delhi,Chennai Central,Bhopal Jn,Nagpur,400.1,74.2,19.39,0.28,20.8,18,4,12.56,0.478,4.27,342.94,80.77,0,0,403.95,2026-01-12 00:43
TR00006,12295,Sanghamitra Express,Bengaluru,Patna Jn,Guntakal Jn,Vijayawada,170.98,20.0,20.73,0.153,22.5,17,4,17.73,0.308,6.67,146.56,26.22,0,0,579.57,2026-07-13 02:39
TR00001,12123,Mumbai - Pune Express,Mumbai CST,Pune Jn,Kalyan,Karjat,213.37,45.46,32.39,0.137,28.6,10,2,21.54,0.619,20.74,182.89,45.38,0,1,465.28,2026-01-15 17:45
TR00002,11010,Deccan Express,Mumbai CST,Pune Jn,Mumbai CST,Dadar,276.37,71.64,23.92,0.285,34.8,23,3,6.72,0.097,4.54,236.89,81.54,0,1,332.38,2026-05-13 04:32
TR00003,12010,Shatabdi Express,Mumbai Central,Ahmedabad Jn,Vadodara,Ahmedabad Jn,379.87,20.0,11.78,0.228,13.9,22,6,14.37,0.387,4.08,325.6,20.0,0,0,1315.57,2026-04-13 19:55
TR00004,12951,Mumbai Rajdhani,Mumbai Central,New Delhi,Surat,Vadodara,161.3,79.63,8.25,0.166,34.7,0,0,8.15,0.034,2.12,138.26,76.95,0,0,126.84,2026-07-15 02:06
TR00005,12622,Tamil Nadu Express,New Delhi,Chennai Central,New Delhi,Bhopal Jn,116.68,79.78,20.94,0.042,24.3,1,1,6.75,0.375,16.24,100.01,79.32,0,0,103.94,2026-03-09 02:43
TR00006,12295,Sanghamitra Express,Bengaluru,Patna Jn,Gaya Jn,Patna Jn,227.37,82.13,18.13,0.245,28.1,12,6,30.09,0.359,7.31,194.89,77.49,0,0,198.37,2026-07-04 15:18
TR00001,12123,Mumbai - Pune Express,Mumbai CST,Pune Jn,Lonavala,Pune Jn,281.16,85.12,13.47,0.201,22.4,19,4,3.61,0.326,6.39,241.0,76.52,0,0,237.47,2026-01-31 22:57
TR00002,11010,Deccan Express,Mumbai CST,Pune Jn,Lonavala,Pune Jn,373.07,108.43,28.03,0.414,32.4,9,3,12.38,0.329,9.32,319.78,113.41,0,0,255.81,2026-06-09 13:15
TR00003,12010,Shatabdi Express,Mumbai Central,Ahmedabad Jn,Borivali,Vapi,318.64,74.51,21.35,0.233,14.0,14,6,11.61,0.214,8.5,273.12,83.96,0,0,291.74,2026-01-17 18:51
TR00004,12951,Mumbai Rajdhani,Mumbai Central,New Delhi,Kota Jn,New Delhi,231.41,116.93,34.81,0.053,33.2,19,0,4.5,0.677,8.43,198.35,122.44,0,0,158.44,2026-05-16 21:38
TR00005,12622,Tamil Nadu Express,New Delhi,Chennai Central,Vijayawada,Chennai Central,416.9,97.44,13.2,0.222,30.6,19,0,5.07,0.095,15.3,357.34,99.55,0,0,282.44,2026-01-09 23:42
TR00006,12295,Sanghamitra Express,Bengaluru,Patna Jn,Bengaluru,Guntakal Jn,75.3,65.63,17.91,0.135,20.7,7,1,15.63,0.158,7.43,64.54,60.14,0,1,101.43,2026-02-25 08:41
TR00001,12123,Mumbai - Pune Express,Mumbai CST,Pune Jn,Karjat,Lonavala,406.04,70.25,24.92,0.278,8.2,22,1,21.48,0.312,17.5,348.04,49.87,0,0,411.64,2026-03-08 04:51
TR00002,11010,Deccan Express,Mumbai CST,Pune Jn,Mumbai CST,Dadar,146.96,26.26,32.59,0.097,25.7,3,0,7.31,0.526,16.32,125.97,22.41,0,1,519.76,2026-03-29 11:39
TR00003,12010,Shatabdi Express,Mumbai Central,Ahmedabad Jn,Borivali,Vapi,200.67,72.29,18.17,0.189,26.1,10,6,10.58,0.049,9.64,172.01,68.84,0,0,183.67,2026-03-23 13:03
TR00004,12951,Mumbai Rajdhani,Mumbai Central,New Delhi,Surat,Vadodara,167.68,92.23,28.82,0.247,24.0,23,5,17.45,0.229,4.18,143.72,93.7,0,1,170.36,2026-05-01 01:50
TR00005,12622,Tamil Nadu Express,New Delhi,Chennai Central,Vijayawada,Chennai Central,149.15,75.94,27.62,0.065,18.1,7,3,14.28,0.554,1.38,127.84,72.93,0,0,143.87,2026-01-27 09:23
TR00006,12295,Sanghamitra Express,Bengaluru,Patna Jn,Vijayawada,Gaya Jn,87.9,44.96,5.1,0.124,28.3,8,5,7.08,0.376,4.97,75.34,21.61,0,0,140.26,2026-02-14 10:20
TR00001,12123,Mumbai - Pune Express,Mumbai CST,Pune Jn,Karjat,Lonavala,177.11,75.92,7.33,0.039,29.6,20,0,5.27,0.177,3.02,151.81,71.45,0,0,162.7,2026-06-13 22:42
TR00002,11010,Deccan Express,Mumbai CST,Pune Jn,Kalyan,Lonavala,244.69,67.57,22.65,0.153,33.6,11,2,7.48,0.107,32.47,209.74,79.26,0,0,242.21,2026-01-19 15:02
TR00003,12010,Shatabdi Express,Mumbai Central,Ahmedabad Jn,Surat,Vadodara,237.1,56.85,14.63,0.042,33.5,5,1,15.46,0.21,0.99,203.23,61.8,0,0,273.09,2026-07-07 09:33
TR00004,12951,Mumbai Rajdhani,Mumbai Central,New Delhi,Vadodara,Kota Jn,490.98,41.95,40.85,0.239,24.9,7,2,57.24,0.169,1.78,420.84,41.36,1,0,794.7,2026-06-15 20:14
TR00005,12622,Tamil Nadu Express,New Delhi,Chennai Central,New Delhi,Bhopal Jn,230.41,80.75,43.97,0.2,36.1,23,6,17.36,0.299,6.46,197.49,77.51,0,1,263.07,2026-02-28 03:23
TR00006,12295,Sanghamitra Express,Bengaluru,Patna Jn,Bengaluru,Guntakal Jn,58.27,59.26,0.0,0.155,37.6,23,4,3.19,0.126,2.74,49.95,60.94,0,0,68.03,2026-05-05 00:08
TR00001,12123,Mumbai - Pune Express,Mumbai CST,Pune Jn,Mumbai CST,Dadar,117.86,127.97,33.66,0.23,39.1,5,3,28.92,0.461,16.62,101.02,130.0,0,0,77.89,2026-08-02 06:17
TR00002,11010,Deccan Express,Mumbai CST,Pune Jn,Kalyan,Lonavala,296.9,80.07,33.1,0.631,29.3,9,0,29.54,0.296,11.83,254.49,95.67,0,0,284.64,2026-07-19 13:44
TR00003,12010,Shatabdi Express,Mumbai Central,Ahmedabad Jn,Vapi,Surat,148.94,58.51,29.22,0.066,17.3,22,3,23.47,0.091,16.5,127.66,57.17,0,1,221.44,2026-04-08 01:41
TR00004,12951,Mumbai Rajdhani,Mumbai Central,New Delhi,Vadodara,Kota Jn,407.84,36.93,19.44,0.075,30.8,7,3,29.11,0.184,11.95,349.58,43.67,0,0,713.39,2026-07-05 18:53
TR00005,12622,Tamil Nadu Express,New Delhi,Chennai Central,Nagpur,Vijayawada,233.92,51.59,28.81,0.035,18.0,21,4,35.71,0.162,10.91,200.5,43.52,0,0,300.05,2026-05-22 02:00
TR00006,12295,Sanghamitra Express,Bengaluru,Patna Jn,Guntakal Jn,Vijayawada,277.75,48.17,4.51,0.164,38.1,21,3,5.1,0.385,1.99,238.07,33.43,0,0,400.45,2026-08-06 03:40
TR00001,12123,Mumbai - Pune Express,Mumbai CST,Pune Jn,Mumbai CST,Dadar,299.21,64.52,8.32,0.104,31.5,11,1,14.04,0.183,6.4,256.46,58.87,0,0,296.79,2026-06-18 15:56
TR00002,11010,Deccan Express,Mumbai CST,Pune Jn,Mumbai CST,Dadar,198.59,45.91,20.35,0.229,33.8,12,6,4.54,0.201,5.5,170.22,43.64,0,0,297.81,2026-05-04 16:57
TR00003,12010,Shatabdi Express,Mumbai Central,Ahmedabad Jn,Vadodara,Ahmedabad Jn,109.52,83.18,20.91,0.046,19.8,17,5,11.7,0.11,5.24,93.87,72.8,0,0,92.12,2026-06-29 18:32
TR00004,12951,Mumbai Rajdhani,Mumbai Central,New Delhi,Surat,Vadodara,329.49,110.71,11.24,0.024,14.0,3,3,12.44,0.105,9.83,282.42,115.73,0,0,195.53,2026-04-14 06:15
TR00005,12622,Tamil Nadu Express,New Delhi,Chennai Central,New Delhi,Bhopal Jn,241.56,89.17,12.33,0.114,33.4,8,3,28.03,0.175,9.61,207.05,86.45,0,0,172.25,2026-06-29 10:52
TR00006,12295,Sanghamitra Express,Bengaluru,Patna Jn,Gaya Jn,Patna Jn,184.79,70.66,11.34,0.489,33.1,14,0,10.37,0.394,9.51,158.39,73.85,0,0,194.07,2026-05-17 17:14
TR00001,12123,Mumbai - Pune Express,Mumbai CST,Pune Jn,Karjat,Lonavala,257.53,52.56,28.24,0.319,31.1,17,5,5.95,0.076,13.15,220.74,37.03,1,0,347.82,2026-05-27 22:47
TR00002,11010,Deccan Express,Mumbai CST,Pune Jn,Lonavala,Pune Jn,165.39,38.89,7.94,0.071,26.7,21,2,4.56,0.275,7.48,141.76,35.5,0,0,277.77,2026-04-15 01:37
TR00003,12010,Shatabdi Express,Mumbai Central,Ahmedabad Jn,Vapi,Surat,154.7,69.45,37.46,0.198,37.1,9,0,21.89,0.436,13.8,132.6,46.53,0,0,180.3,2026-06-12 12:00
TR00004,12951,Mumbai Rajdhani,Mumbai Central,New Delhi,Mumbai Central,Surat,300.99,42.83,32.37,0.162,25.2,7,2,43.39,0.122,2.17,257.99,35.98,0,1,584.15,2026-07-01 16:44
TR00005,12622,Tamil Nadu Express,New Delhi,Chennai Central,Vijayawada,Chennai Central,184.94,91.45,19.14,0.463,13.9,17,6,12.65,0.098,5.33,158.52,95.14,0,0,146.26,2026-08-27 19:26
TR00006,12295,Sanghamitra Express,Bengaluru,Patna Jn,Vijayawada,Gaya Jn,235.82,59.33,0.0,0.158,30.5,19,1,12.72,0.005,4.45,202.13,52.39,0,0,240.94,2026-04-22 23:00
TR00001,12123,Mumbai - Pune Express,Mumbai CST,Pune Jn,Lonavala,Pune Jn,199.15,34.86,30.23,0.535,36.7,11,1,17.87,0.509,13.39,170.7,33.43,0,0,442.08,2026-02-13 18:22
TR00002,11010,Deccan Express,Mumbai CST,Pune Jn,Dadar,Kalyan,147.37,63.55,24.76,0.244,25.5,5,6,23.51,0.183,13.58,126.31,61.67,0,0,164.68,2026-01-31 07:44
TR00003,12010,Shatabdi Express,Mumbai Central,Ahmedabad Jn,Mumbai Central,Borivali,20.76,57.3,39.93,0.075,30.0,2,6,28.36,0.311,0.7,17.79,53.32,1,0,55.95,2026-01-29 02:55
TR00004,12951,Mumbai Rajdhani,Mumbai Central,New Delhi,Kota Jn,New Delhi,276.23,77.81,20.03,0.259,8.7,2,6,11.15,0.427,2.7,236.77,78.41,0,0,253.88,2026-04-03 06:13
TR00005,12622,Tamil Nadu Express,New Delhi,Chennai Central,Vijayawada,Chennai Central,113.94,28.64,42.43,0.357,29.3,14,6,24.0,0.552,7.53,97.66,29.8,0,0,317.11,2026-02-21 19:17
TR00006,12295,Sanghamitra Express,Bengaluru,Patna Jn,Guntakal Jn,Vijayawada,513.3,99.45,13.98,0.042,31.8,15,3,5.19,0.431,2.8,439.97,94.94,0,0,358.28,2026-01-06 20:58
TR00001,12123,Mumbai - Pune Express,Mumbai CST,Pune Jn,Lonavala,Pune Jn,87.13,63.75,26.03,0.063,25.3,16,6,27.79,0.226,1.58,74.68,63.87,0,1,127.38,2026-06-18 18:07
TR00002,11010,Deccan Express,Mumbai CST,Pune Jn,Kalyan,Lonavala,158.89,83.68,23.88,0.276,20.2,6,1,7.99,0.488,9.75,136.19,97.87,0,0,148.61,2026-05-09 08:28
TR00003,12010,Shatabdi Express,Mumbai Central,Ahmedabad Jn,Mumbai Central,Borivali,100.01,89.57,20.33,0.415,31.5,0,2,28.69,0.484,3.18,85.72,97.48,0,0,90.98,2026-07-25 01:30
TR00004,12951,Mumbai Rajdhani,Mumbai Central,New Delhi,Surat,Vadodara,82.46,98.9,16.14,0.254,35.2,16,1,22.86,0.098,1.34,70.68,97.34,0,0,58.49,2026-01-17 16:58
TR00005,12622,Tamil Nadu Express,New Delhi,Chennai Central,Nagpur,Vijayawada,282.54,29.75,22.02,0.099,22.9,19,3,22.08,0.179,8.18,242.17,22.08,0,0,616.15,2026-08-29 05:16
TR00006,12295,Sanghamitra Express,Bengaluru,Patna Jn,Bengaluru,Guntakal Jn,190.34,58.89,2.59,0.054,37.0,3,3,14.64,0.154,2.34,163.15,70.3,0,0,206.07,2026-03-24 06:26
TR00001,12123,Mumbai - Pune Express,Mumbai CST,Pune Jn,Kalyan,Karjat,209.5,64.32,2.57,0.176,14.2,14,4,8.59,0.171,1.7,179.57,68.87,0,0,211.15,2026-01-07 17:31
TR00002,11010,Deccan Express,Mumbai CST,Pune Jn,Kalyan,Lonavala,263.0,37.12,24.18,0.176,25.8,8,0,15.84,0.385,21.16,225.42,29.89,0,0,499.66,2026-04-14 16:19
TR00003,12010,Shatabdi Express,Mumbai Central,Ahmedabad Jn,Borivali,Vapi,413.81,90.08,41.65,0.114,27.1,0,5,43.98,0.422,12.42,354.7,90.34,0,0,335.66,2026-02-23 05:35
TR00004,12951,Mumbai Rajdhani,Mumbai Central,New Delhi,Surat,Vadodara,214.98,81.3,13.96,0.265,33.3,12,1,13.22,0.14,5.74,184.26,99.29,0,0,175.61,2026-05-22 14:55
TR00005,12622,Tamil Nadu Express,New Delhi,Chennai Central,Bhopal Jn,Nagpur,164.83,64.93,18.87,0.123,27.1,4,0,21.26,0.206,11.39,141.29,51.61,0,0,176.15,2026-08-16 06:56
TR00006,12295,Sanghamitra Express,Bengaluru,Patna Jn,Gaya Jn,Patna Jn,64.39,65.09,20.96,0.13,39.4,11,2,29.4,0.255,1.98,55.2,74.8,0,0,70.35,2026-04-04 12:10
TR00001,12123,Mumbai - Pune Express,Mumbai CST,Pune Jn,Mumbai CST,Dadar,226.03,49.23,32.42,0.123,15.9,2,3,56.29,0.157,19.15,193.74,57.76,0,0,298.01,2026-07-01 06:58
TR00002,11010,Deccan Express,Mumbai CST,Pune Jn,Lonavala,Pune Jn,84.96,74.38,13.21,0.08,36.8,18,3,2.34,0.18,6.7,72.82,83.59,0,0,73.84,2026-03-17 19:13
TR00003,12010,Shatabdi Express,Mumbai Central,Ahmedabad Jn,Borivali,Vapi,242.11,20.0,27.98,0.368,29.9,22,6,19.63,0.404,3.65,207.52,20.0,0,0,876.1,2026-07-05 12:36
TR00004,12951,Mumbai Rajdhani,Mumbai Central,New Delhi,Kota Jn,New Delhi,79.78,62.62,13.04,0.189,18.2,11,3,11.47,0.222,5.6,68.39,62.86,0,0,91.53,2026-02-11 12:31
TR00005,12622,Tamil Nadu Express,New Delhi,Chennai Central,Nagpur,Vijayawada,402.42,64.93,11.05,0.163,32.0,15,0,15.75,0.313,4.48,344.93,61.38,0,0,421.29,2026-04-25 22:01
TR00006,12295,Sanghamitra Express,Bengaluru,Patna Jn,Gaya Jn,Patna Jn,187.86,66.01,30.86,0.136,19.5,1,6,1.48,0.486,6.82,161.02,58.45,1,0,229.39,2026-01-01 04:49
TR00001,12123,Mumbai - Pune Express,Mumbai CST,Pune Jn,Kalyan,Karjat,332.96,71.0,9.26,0.032,24.0,11,4,4.66,0.318,6.13,285.4,69.07,0,0,314.64,2026-02-08 16:14
TR00002,11010,Deccan Express,Mumbai CST,Pune Jn,Lonavala,Pune Jn,416.82,73.11,46.04,0.228,29.7,22,4,3.06,0.652,8.73,357.27,84.27,1,0,459.54,2026-03-21 05:39
TR00003,12010,Shatabdi Express,Mumbai Central,Ahmedabad Jn,Vapi,Surat,175.55,71.89,29.39,0.417,30.8,15,1,14.45,0.059,3.9,150.47,68.76,0,0,176.23,2026-03-15 17:56
TR00004,12951,Mumbai Rajdhani,Mumbai Central,New Delhi,Surat,Vadodara,122.57,37.08,23.58,0.335,16.9,11,2,16.65,0.473,4.0,105.06,30.81,0,0,245.94,2026-03-18 15:05
TR00005,12622,Tamil Nadu Express,New Delhi,Chennai Central,Nagpur,Vijayawada,272.83,75.05,25.64,0.221,32.6,11,1,8.3,0.263,4.54,233.85,65.02,0,0,254.19,2026-02-28 15:14
TR00006,12295,Sanghamitra Express,Bengaluru,Patna Jn,Gaya Jn,Patna Jn,446.07,74.31,16.26,0.097,22.6,20,5,19.18,0.182,7.06,382.35,77.36,0,0,392.21,2026-08-25 02:32
TR00001,12123,Mumbai - Pune Express,Mumbai CST,Pune Jn,Kalyan,Karjat,182.29,68.16,24.75,0.439,28.7,22,0,26.46,0.251,2.09,156.25,79.07,0,0,186.33,2026-05-11 01:06
TR00002,11010,Deccan Express,Mumbai CST,Pune Jn,Lonavala,Pune Jn,90.27,103.37,8.35,0.078,28.3,5,6,19.8,0.204,1.58,77.37,106.79,0,0,60.18,2026-05-09 06:00
TR00003,12010,Shatabdi Express,Mumbai Central,Ahmedabad Jn,Borivali,Vapi,300.07,120.27,11.21,0.016,37.9,5,5,23.74,0.274,4.36,257.21,123.22,0,0,165.56,2026-04-24 07:45
TR00004,12951,Mumbai Rajdhani,Mumbai Central,New Delhi,Kota Jn,New Delhi,481.84,80.33,30.91,0.22,24.7,19,0,30.66,0.487,8.97,413.01,75.13,0,0,447.01,2026-08-29 02:27
TR00005,12622,Tamil Nadu Express,New Delhi,Chennai Central,New Delhi,Bhopal Jn,166.38,64.69,16.88,0.16,30.8,18,6,4.86,0.308,19.67,142.61,62.86,0,0,181.63,2026-01-31 21:01
TR00006,12295,Sanghamitra Express,Bengaluru,Patna Jn,Vijayawada,Gaya Jn,269.53,81.65,18.32,0.168,21.0,12,0,21.57,0.189,20.39,231.02,85.11,0,0,219.29,2026-07-04 15:39
TR00001,12123,Mumbai - Pune Express,Mumbai CST,Pune Jn,Lonavala,Pune Jn,457.83,95.24,25.23,0.186,28.7,16,5,9.32,0.614,4.68,392.42,93.29,0,0,367.21,2026-03-23 22:07
TR00002,11010,Deccan Express,Mumbai CST,Pune Jn,Dadar,Kalyan,89.0,84.08,29.9,0.098,29.9,4,3,22.13,0.377,7.02,76.28,84.11,1,1,117.9,2026-04-11 05:57
TR00003,12010,Shatabdi Express,Mumbai Central,Ahmedabad Jn,Vadodara,Ahmedabad Jn,84.78,56.35,37.69,0.351,37.5,13,3,9.77,0.331,5.01,72.67,62.25,1,0,141.46,2026-03-01 15:21
TR00004,12951,Mumbai Rajdhani,Mumbai Central,New Delhi,Vadodara,Kota Jn,292.42,61.6,15.26,0.187,32.8,7,5,7.31,0.373,13.53,250.65,58.59,0,0,333.39,2026-06-21 12:33
TR00005,12622,Tamil Nadu Express,New Delhi,Chennai Central,Bhopal Jn,Nagpur,43.74,107.1,49.26,0.398,19.3,6,4,33.56,0.241,22.38,37.49,95.81,0,1,59.57,2026-06-27 06:59
TR00006,12295,Sanghamitra Express,Bengaluru,Patna Jn,Bengaluru,Guntakal Jn,164.94,81.29,20.15,0.099,35.0,1,3,9.51,0.339,7.65,141.38,98.01,0,1,188.93,2026-08-07 04:08
TR00001,12123,Mumbai - Pune Express,Mumbai CST,Pune Jn,Lonavala,Pune Jn,171.75,30.26,38.25,0.281,23.6,13,0,11.92,0.207,0.45,147.21,30.69,1,1,517.38,2026-07-31 21:37
TR00002,11010,Deccan Express,Mumbai CST,Pune Jn,Mumbai CST,Dadar,131.98,70.59,32.2,0.01,29.1,8,4,16.5,0.555,8.94,113.12,61.31,0,1,183.54,2026-05-19 11:03
TR00003,12010,Shatabdi Express,Mumbai Central,Ahmedabad Jn,Vapi,Surat,78.26,90.77,19.55,0.125,37.2,20,1,13.97,0.102,18.91,67.08,83.01,0,0,62.32,2026-03-18 21:02
TR00004,12951,Mumbai Rajdhani,Mumbai Central,New Delhi,Vadodara,Kota Jn,481.59,93.88,42.31,0.447,31.8,2,4,33.77,0.163,17.41,412.79,98.02,1,0,377.08,2026-08-14 08:17
TR00005,12622,Tamil Nadu Express,New Delhi,Chennai Central,Vijayawada,Chennai Central,333.06,88.18,17.67,0.154,28.6,16,5,3.24,0.301,11.54,285.48,92.45,0,0,262.26,2026-01-30 20:22
TR00006,12295,Sanghamitra Express,Bengaluru,Patna Jn,Bengaluru,Guntakal Jn,278.22,67.0,9.01,0.257,27.8,13,6,8.27,0.513,0.78,238.47,63.86,0,0,308.15,2026-03-09 18:08
TR00001,12123,Mumbai - Pune Express,Mumbai CST,Pune Jn,Dadar,Kalyan,296.73,56.25,25.27,0.37,34.4,0,0,5.12,0.191,4.78,254.34,61.26,0,1,462.53,2026-06-18 07:42
TR00002,11010,Deccan Express,Mumbai CST,Pune Jn,Kalyan,Lonavala,187.99,87.02,10.95,0.22,30.0,20,3,13.12,0.155,6.49,161.13,89.64,0,0,143.95,2026-04-08 22:23
TR00003,12010,Shatabdi Express,Mumbai Central,Ahmedabad Jn,Vapi,Surat,310.83,80.5,9.33,0.194,32.3,22,6,2.25,0.277,1.68,266.42,97.28,0,0,258.23,2026-08-14 02:18
TR00004,12951,Mumbai Rajdhani,Mumbai Central,New Delhi,Vadodara,Kota Jn,630.46,75.63,3.72,0.287,33.1,1,0,24.76,0.125,6.25,540.39,83.03,0,0,546.79,2026-03-03 10:06
TR00005,12622,Tamil Nadu Express,New Delhi,Chennai Central,New Delhi,Bhopal Jn,421.38,68.88,43.25,0.007,34.8,11,5,20.44,0.533,9.9,361.18,57.82,0,1,572.29,2026-07-21 20:32
TR00006,12295,Sanghamitra Express,Bengaluru,Patna Jn,Vijayawada,Gaya Jn,160.27,93.81,26.14,0.232,42.5,13,1,9.1,0.096,0.97,137.38,94.44,1,0,132.93,2026-08-20 15:12
TR00001,12123,Mumbai - Pune Express,Mumbai CST,Pune Jn,Karjat,Lonavala,147.16,54.37,6.06,0.491,21.8,22,3,4.14,0.107,3.9,126.14,35.33,0,0,189.1,2026-06-15 01:09
TR00002,11010,Deccan Express,Mumbai CST,Pune Jn,Mumbai CST,Dadar,300.07,87.27,10.19,0.115,19.7,0,5,4.84,0.276,6.27,257.21,88.15,0,0,236.72,2026-01-18 03:56
TR00003,12010,Shatabdi Express,Mumbai Central,Ahmedabad Jn,Surat,Vadodara,450.65,67.38,26.6,0.308,38.6,10,4,9.35,0.539,3.89,386.27,76.54,1,0,515.47,2026-07-22 18:35
TR00004,12951,Mumbai Rajdhani,Mumbai Central,New Delhi,Kota Jn,New Delhi,460.15,29.75,34.06,0.186,42.2,14,2,11.1,0.68,1.18,394.41,29.7,0,0,1170.02,2026-03-04 09:30
TR00005,12622,Tamil Nadu Express,New Delhi,Chennai Central,Nagpur,Vijayawada,269.66,104.51,7.39,0.064,30.3,1,5,15.25,0.288,2.13,231.13,106.92,0,0,169.68,2026-08-17 03:49
TR00006,12295,Sanghamitra Express,Bengaluru,Patna Jn,Guntakal Jn,Vijayawada,183.98,89.6,17.53,0.23,14.9,23,6,9.09,0.176,13.06,157.7,98.05,0,0,142.67,2026-07-13 01:22
TR00001,12123,Mumbai - Pune Express,Mumbai CST,Pune Jn,Kalyan,Karjat,259.06,91.5,10.69,0.206,43.3,16,4,4.01,0.307,2.04,222.05,90.02,0,0,194.99,2026-05-02 19:14
TR00002,11010,Deccan Express,Mumbai CST,Pune Jn,Kalyan,Lonavala,312.61,73.09,19.83,0.314,41.4,5,5,8.66,0.133,12.12,267.95,75.94,0,0,285.28,2026-05-18 09:45
TR00003,12010,Shatabdi Express,Mumbai Central,Ahmedabad Jn,Vadodara,Ahmedabad Jn,81.59,65.23,25.19,0.242,32.2,19,3,11.76,0.142,17.32,69.93,63.29,0,0,95.23,2026-02-06 20:35
TR00004,12951,Mumbai Rajdhani,Mumbai Central,New Delhi,Vadodara,Kota Jn,237.17,67.29,7.59,0.233,28.6,20,3,6.7,0.398,18.17,203.29,51.79,0,0,247.46,2026-05-02 00:07
TR00005,12622,Tamil Nadu Express,New Delhi,Chennai Central,Vijayawada,Chennai Central,317.96,130.0,36.88,0.03,22.7,23,5,44.17,0.238,15.03,272.53,130.0,0,0,172.99,2026-05-11 01:52
TR00006,12295,Sanghamitra Express,Bengaluru,Patna Jn,Bengaluru,Guntakal Jn,323.75,99.3,29.84,0.31,38.8,17,2,10.72,0.833,2.83,277.5,90.26,0,0,275.51,2026-05-25 21:35
TR00001,12123,Mumbai - Pune Express,Mumbai CST,Pune Jn,Lonavala,Pune Jn,183.65,91.97,44.16,0.338,19.2,8,0,21.03,0.593,14.89,157.42,98.14,1,0,178.38,2026-07-31 10:58
TR00002,11010,Deccan Express,Mumbai CST,Pune Jn,Kalyan,Lonavala,164.25,89.7,9.63,0.353,39.6,2,1,11.21,0.202,2.55,140.78,91.78,0,0,125.45,2026-05-22 04:05
TR00003,12010,Shatabdi Express,Mumbai Central,Ahmedabad Jn,Vapi,Surat,256.33,48.66,13.33,0.071,46.2,7,6,34.68,0.27,1.79,219.71,51.37,0,0,345.64,2026-03-08 12:45
TR00004,12951,Mumbai Rajdhani,Mumbai Central,New Delhi,Vadodara,Kota Jn,178.99,76.66,18.11,0.079,21.6,2,3,19.97,0.485,4.11,153.42,83.24,0,0,163.83,2026-04-20 04:43
TR00005,12622,Tamil Nadu Express,New Delhi,Chennai Central,Nagpur,Vijayawada,189.48,82.68,0.0,0.248,35.1,21,4,9.82,0.082,1.1,162.41,88.74,0,0,140.43,2026-02-07 23:20
TR00006,12295,Sanghamitra Express,Bengaluru,Patna Jn,Vijayawada,Gaya Jn,35.26,62.13,34.64,0.25,24.6,4,2,42.33,0.399,8.92,30.22,70.0,0,1,70.41,2026-08-16 05:10
